provincia_nombre,tipo_norma,numero_norma,estado_vigencia,fecha,fecha_publicacion,nombre_norma,titulo_resumido,titulo_sumario,texto_actualizado
Formosa,Ley,1009,"Vigente, de alcance general",1992-08-06,1992-09-01,LEY 1.009,Código de procedimiento del Tribunal de Familia,DERECHO PROCESAL-COMPETENCIA DE FAMILIA-TRIBUNALES DE FAMILIA,www.saij.gob.ar/LPP0001009
Formosa,Ley,1095,"Vigente, de alcance general",1994-06-02,1994-10-20,LEY 1.095,Establece mecanismos y requisitos para enjuiciamiento de los magistrados y funcionarios judiciales,ENJUICIAMIENTO DE MAGISTRADOS-JUICIO POLITICO-DERECHO CONSTITUCIONAL,www.saij.gob.ar/LPP0001095
Formosa,Ley,1160,"Vigente, de alcance general",1995-10-26,1995-12-20,LEY 1.160,Ley de protección contra la violencia familiar,DERECHOS HUMANOS-VIOLENCIA FAMILIAR-PROTECCION DEL MENOR Y LA FAMILIA,www.saij.gob.ar/LPP0001160
Formosa,Ley,1216,"Vigente, de alcance general",1996-11-07,1996-12-10,LEY 1.216,Carta Orgánica del Tribunal de Cuentas de Formosa.,TRIBUNAL DE CUENTAS-MIEMBROS DEL TRIBUNAL DE CUENTAS-APROBACION DEL TRIBUNAL DE CUENTAS,www.saij.gob.ar/LPP0001216
Formosa,Ley,1246,"Vigente, de alcance general",1997-09-04,1997-11-12,LEY 1246,Código de Aguas de Formosa.,CODIGO DE AGUAS-RECURSOS HIDRICOS-CODIGO DE AGUAS DE FORMOSA-DISPOSICIONES GENERALES-USO DEL AGUA PUBLICA-USO PARTICULAR DEL AGUA- RIEGO,www.saij.gob.ar/LPP0001246
Formosa,Ley,1314,"Vigente, de alcance general",2000-06-08,2000-07-26,LEY 1314,Código Rural de Formosa.,CODIGO RURAL DE FORMOSA-TRABAJADORES AGRARIOS-CONTRATOS AGRARIOS-INMUEBLES RURALES-COLONIZACION-EMPRESA AGRARIA,www.saij.gob.ar/LPP0001314
Formosa,Ley,1335,"Vigente, de alcance general",2000-10-12,2000-10-12,LEY 1.335,"Creación del Sistema Provincial de Reservas de Biosfera y crea dos reservas de biosferas piloto, una rural Riacho Teuquito y otra urbana Laguna Oca del río Paraguay",n/d,www.saij.gob.ar/LPP0001335
Formosa,Ley,1373,"Vigente, de alcance general",2002-05-30,2002-06-03,LEY 1373,Procedimiento de modalización del cumplimiento de la sentencia en los procesos de ejecución forzada de bienes.,DERECHO PROCESAL-SUBASTA DE BIENES-REMATE-EJECUCION FORZADA-MODALIZACION DEL CUMPLIMIENTO DE LA SENTENCIA,www.saij.gob.ar/LPP0001373
Formosa,Ley,1396,"Individual, Solo Modificatoria o Sin Eficacia",2002-10-10,2002-11-14,LEY 1396,Modificación al Código rural de Formosa -Ley 1314- y ley sobre creación de delegaciones y comisionados del Registro Civil -ley 128-.,"SOLO MODIFICATORIA-MODIFICA ARTS. 226, 227 Y 229 DE LA LEY 1314 (B.O. 26-07-2000) SOBRE CODIGO RURAL-DERECHO PROCESAL-MODIFICA ART. 1 DE LEY 128 (B.O. 31-08-60) SOBRE CREACIÓN DE DELEGACIONES Y COMISIONADOS ESPECIALES DE REGISTRO CIVIL",www.saij.gob.ar/LPP0001396
Formosa,Ley,1397,"Vigente, de alcance general",2002-10-17,2002-11-14,LEY 1397,Modificación al Código Procesal Civil y Comercial de Formosa.,DERECHO PROCESAL-CODIGO PROCESAL CIVIL Y COMERCIAL DE FORMOSA- ADHESIÓN PROVINCIAL-LEY NACIONAL,www.saij.gob.ar/LPP0001397
Formosa,Ley,1578,"Vigente, de alcance general",2011-12-28,2011-12-28,LEY 1.578,Creación del Ministerio de la Jefatura de Gabinete,n/d,www.saij.gob.ar/LPP0001578
Formosa,Ley,1590,"Vigente, de alcance general",2012-11-08,2012-11-08,LEY 1.590,LEY IMPOSITIVA,LEY IMPOSITIVA,www.saij.gob.ar/LPP0001590
Formosa,Ley,1597,"Vigente, de alcance general",2013-05-23,2013-06-05,LEY,Se expropia terreno para la creacion de un Polo cinetifico y de Innovación.,Expropiacion de inmueble,www.saij.gob.ar/LPP0001597
Formosa,Ley,1597,"Vigente, de alcance general",2013-06-06,2013-09-13,LEY,Ejercicio Economico Financiero 2012,Se aprueba el Ejercicio Economico Financiero 2012,www.saij.gob.ar/LPP0001598
Formosa,Ley,1599,"Vigente, de alcance general",2013-08-15,2013-09-13,LEY 1.599,"Eximicion de impuestos, tasa y contribuciones provinciales","Se exime al Fondo Fiduciario Público denominado 'Programa Crédito Argentino del Bicentenario para la Vivienda Única Familiar (Pro.Cre.Ar.)' y de su entidad fiduciaria, el Banco Hipotecario S.A., de todos los impuestos, tasas y contribuciones...",www.saij.gob.ar/LPP0001599
Formosa,Ley,1608,"Vigente, de alcance general",2014-04-03,2014-05-06,LEY 1.608,Beneficios a Empresas de Call Center,Se otrogan beneficios a Empresas de Comunicación,www.saij.gob.ar/LPP0001608
Formosa,Ley,1614,"Vigente, de alcance general",2014-11-06,2015-02-11,LEY 1.614,"Erogaciones del Presupuesto General de la Administración Pública Provincial (Administración Central, Organismos Descentralizados e Instituciones de la Seguridad Social) para el Ejercicio 2015.","Erogaciones del Presupuesto General de la Administración Pública Provincial (Administración Central, Organismos Descentralizados e Instituciones de la Seguridad Social) para el Ejercicio 2015.",www.saij.gob.ar/LPP0001614
Formosa,Ley,1615,"Vigente, de alcance general",2014-12-18,2016-02-12,LEY 1.615,"Administración Financiera, Administración de Bienes, Contrataciones y Sistemas de Control del Sector Público Provincial,","Administración Financiera, Administración de Bienes, Contrataciones y Sistemas de Control del Sector Público Provincial",www.saij.gob.ar/LPP0001615
Formosa,Ley,1616,"Vigente, de alcance general",2014-12-18,2015-02-13,LEY 1.616,"Se modifica Ley Nº 1180 de Administración Financiera, Administración de Bienes, Contrataciones y Sistemas de Control del Sector Público Provincial","Se incorpora apartados normativos al artículo 102 inciso b) de la Ley Nº 1180 de Administración Financiera, Administración de Bienes, Contrataciones y Sistemas de Control del Sector Público Provincial.",www.saij.gob.ar/LPP0001616
Formosa,Ley,1618,"Vigente, de alcance general",2014-12-18,2015-02-18,LEY 1.618,Se modifica el Codigo Fiscal de la Provincia,Se modifica el Codigo Fiscal de la Provincia,www.saij.gob.ar/LPP0001618
Formosa,Ley,1619,"Vigente, de alcance general",2014-12-18,2015-02-19,LEY 1.619,Se modifica la ley impositiva de la Provincia,Se modifica la ley impositiva de la Provincia,www.saij.gob.ar/LPP0001619
Formosa,Ley,1620,"Vigente, de alcance general",2014-12-18,2015-02-20,LEY 1.620,Régimen Federal de Responsabilidad Fiscal,Regimen Federal de Responsabilidad Fiscal,www.saij.gob.ar/LPP0001620
Formosa,Ley,1621,"Vigente, de alcance general",2015-04-30,2016-05-13,LEY 1.621,Se apruéba la Cuenta de Inversión de la Administración Pública de la provincia de Formosa correspondiente al Ejercicio Económico Financiero 2014,Cuenta de Inversión de la Administración Pública de la provincia de Formosa correspondiente al Ejercicio Económico Financiero 2014,www.saij.gob.ar/LPP0001621
Formosa,Ley,1622,"Vigente, de alcance general",2015-04-30,2015-06-10,LEY 1.622,Se deja sin efecto un beneficio jubilatorio vitalicio,Se deje sin efecto un beneficio jubilatorio vitalicio,www.saij.gob.ar/LPP0001622
Formosa,Ley,1623,"Vigente, de alcance general",2015-05-14,2015-06-03,LEY,"Se declara de utilidad pública y sujeto a expropiación parcial, el inmueble destinado a la ejecución de la 'Nueva Planta Potabilizadora de Agua de la ciudad de Formosa', Departamento Formosa, Provincia de Formosa.",Declaracion de utilidad pública de un terreno,www.saij.gob.ar/LPP0001623
Formosa,Ley,1625,"Vigente, de alcance general",2015-06-25,2015-07-03,LEY 1.625,"Se modifica y amplia el radio de los ejidos municipales de las ciudades de Formosa, Clorinda y Laguna Blanca","Se modifíca y amplía el radio de los ejidos municipales de las ciudades de Formosa, Clorinda y Laguna Blanca.",www.saij.gob.ar/LPP0001625
Formosa,Ley,1626,"Vigente, de alcance general",2015-06-25,2015-07-03,LEY 1.626,Adhesion de  la provincia de Formosa a la Ley Nacional Nº 25.854 de creación del Registro Único de Aspirantes a Guarda con Fines de Adopción y a su Decreto Reglamentario Nº 1328/2009.,Adhiérese la provincia de Formosa a la Ley Nacional Nº 25.854 de creación del Registro Único de Aspirantes a Guarda con Fines de Adopción y a su Decreto Reglamentario Nº 1328/2009.,www.saij.gob.ar/LPP0001626
Formosa,Ley,1629,"Vigente, de alcance general",2015-12-17,2015-12-21,LEY 1.629,Emergencia Pública,Emergencia Pública,www.saij.gob.ar/LPP0001629
Formosa,Ley,1630,"Vigente, de alcance general",2015-12-17,2015-12-21,LEY 1.630,Responsabilidad fiscal,Responsabilidad Fiscal,www.saij.gob.ar/LPP0001630
Formosa,Ley,1631,"Vigente, de alcance general",2015-12-17,2015-12-21,LEY 1.631,Actualizacion del valor fiscal inmobiliario,Se actualizan los valores fiscales inmobiliarios,www.saij.gob.ar/LPP0001631
Formosa,Ley,1632,"Vigente, de alcance general",2015-12-17,2015-12-21,LEY 1.632,"Se restitúye el nombre original de 'El Chorro' a la actual localidad de 'General Enrique Mosconi', del Departamento Ramón Lista de la provincia de Formosa","Se restituye el nombre original de 'El Chorro' a la actual localidad de 'General Enrique Mosconi', del Departamento Ramón Lista de la provincia de Formosa",www.saij.gob.ar/LPP0001632
Formosa,Ley,1634,"Vigente, de alcance general",2016-03-31,2016-04-22,LEY 1.634,Exención impositiva del Impuesto sobre los Ingresos Brutos.,Exención impositiva del Impuesto sobre los Ingresos Brutos.,www.saij.gob.ar/LPP0001634
Formosa,Ley,1635,"Vigente, de alcance general",2016-05-05,2016-05-13,LEY 1.635,Se aprueban las Cuentas de Inversión de la Administración Pública de Formosa correspondientes al Ejercicio Económico Financiero 2015,Cuentas de Inversión de la Administración Pública de Formosa correspondientes al Ejercicio Económico Financiero 2015,www.saij.gob.ar/LPP0001635
Formosa,Ley,1636,"Vigente, de alcance general",2016-07-07,2016-07-11,LEY 1.636,"Se  aprueba  el Acuerdo suscripto con fecha 18 de mayo de 2016, entre el Estado Nacional, los Gobiernos Provinciales y la Ciudad Autónoma de Buenos Aires","Acuerdo suscripto con fecha 18 de mayo de 2016, entre el Estado Nacional, los Gobiernos Provinciales y la Ciudad Autónoma de Buenos Aires",www.saij.gob.ar/LPP0001636
Formosa,Ley,1637,"Vigente, de alcance general",2016-07-07,2016-07-11,LEY 1.637,Se autoriza el prestamo con el BID para el financiamiento del/los proyecto/s de la Unidad para el Cambio Rural (UCAR) del Ministerio de Agroindustria de la Nación,Se autoriza el préstamo con el BID para el financiamiento del/los proyecto/s de la Unidad para el Cambio Rural (UCAR) del Ministerio de Agroindustria de la Nación,www.saij.gob.ar/LPP0001637
Formosa,Ley,1638,"Vigente, de alcance general",2016-07-07,2016-07-11,LEY 1.638,Requisitos para las jubilaciones y pensiones,Requisitos del beneficio de jubilación y pensión,www.saij.gob.ar/LPP0001638
Formosa,Ley,1639,"Vigente, de alcance general",2016-08-11,2016-08-29,LEY 1.639,'Régimen de Fomento Nacional para el uso de Fuentes Renovables de Energía destinada a la Producción de Energía Eléctrica',Régimen de Fomento Nacional para el uso de Fuentes Renovables de Energía destinada a la Producción de Energía Eléctrica,www.saij.gob.ar/LPP0001639
Formosa,Ley,1640,"Vigente, de alcance general",2016-09-22,2016-10-07,LEY 1.640,"Se declara de utilidad pública y sujeto a expropiación el inmueble destinado a la ampliación del Hospital Clorinda,  Departamento Pilcomayo, Provincia de Formosa","Se declara de utilidad pública y sujeto a expropiación el inmueble destinado a la ampliación del Hospital Clorinda,  Departamento Pilcomayo, Provincia de Formosa",www.saij.gob.ar/LPP0001640
Formosa,Ley,1642,"Vigente, de alcance general",2016-11-03,2016-11-08,LEY 1.642,"Presupuesto General de la Administración Pública Provincial (Administración Central, Organismos Descentralizados e Instituciones de la Seguridad Social) para el Ejercicio 2017","Presupuesto General de la Administración Pública Provincial (Administración Central, Organismos Descentralizados e Instituciones de la Seguridad Social) para el Ejercicio 2017",www.saij.gob.ar/LPP0001642
Formosa,Ley,1643,"Vigente, de alcance general",2016-11-03,2016-11-08,LEY 1.643,Se actualíza la valuación fiscal de los bienes inmuebles de la Provincia de Formosa,Se actualíza la valuación fiscal de los bienes inmuebles de la Provincia de Formosa,www.saij.gob.ar/LPP0001643
Formosa,Ley,1644,"Vigente, de alcance general",2016-12-28,2016-12-30,LEY 1.644,Se modifican articulos del Codigo Fiscal Provincial,Se modifican articulos del Codigo Fiscal Provincial,www.saij.gob.ar/LPP0001644
Formosa,Ley,1646,"Vigente, de alcance general",2016-12-28,2016-12-29,LEY 1.646,Regimen de asignaciones familiares no remunerativas,Asignaciones familiares no remunerativas,www.saij.gob.ar/LPP0001646
Formosa,Ley,1647,"Vigente, de alcance general",2016-12-28,2016-12-30,LEY 1.647,Estatuto Docente Provincial,Estatuto Docente Provincial,www.saij.gob.ar/LPP0001647
Formosa,Ley,1648,"Vigente, de alcance general",2016-12-28,2016-12-30,LEY 1.648,"Adjudicacion y venta en forma directa de lotes a la razón social Energía Argentina Sociedad Anónima (ENARSA), para la instalación de estaciones de válvulas de bloqueo, trampas, de medición y regulación","Adjudicación y venta en forma directa de lotes de terreno a la razón social Energía Argentina Sociedad Anónima (ENARSA), para la instalación de estaciones de válvulas de bloqueo, trampas, de medición y regulación",www.saij.gob.ar/LPP0001648
Formosa,Ley,1649,"Vigente, de alcance general",2016-12-28,2016-12-30,LEY 1.649,"Régimen especial de jubilaciones, pensiones y retiros para los titulares de los Organismos de la Constitución  que comprende al Presidente y Vocales del Honorable Tribunal de Cuentas, el Fiscal de Estado y el Defensor del Pueblo.","régimen especial de jubilaciones, pensiones y retiros para los titulares de los Organismos de la Constitución  que comprende al Presidente y Vocales del Honorable Tribunal de Cuentas, el Fiscal de Estado y el Defensor del Pueblo.",www.saij.gob.ar/LPP0001649
Formosa,Ley,1650,"Vigente, de alcance general",2016-12-28,2016-12-30,LEY 1.650,Jubilaciones Especiales,"Régimen especial de jubilaciones, pensiones y retiros para los Presidente y Vocales del Honorable Tribunal de Cuentas, el Fiscal de Estado y el Defensor del Pueblo.",www.saij.gob.ar/LPP0001650
Formosa,Ley,1670,"Vigente, de alcance general",2018-06-21,2018-06-21,LEY 1.670,Adhesión provincial a la Ley Nacional 27.428 - Modificatoria del Régimen Federal de Responsabilidad Fiscal y Buenas Prácticas de Gobierno,ADHESION PROVINCIAL REGIMEN FEDERAL DE RESPONSABILIDAD FISCAL COMISIONES ADMINISTRACION PUBLICA PROVINCIAL ECONOMIA Y FINANZAS,www.saij.gob.ar/LPP0001670
Formosa,Ley,1671,"Vigente, de alcance general",2018-11-01,2018-11-01,LEY 1.671,Ratificación del Acuerdo de Compromiso entre la Administración Nacional de la Seguridad Social (ANSES) y la Provincia de Formosa,RATIFICACION LEGISLATIVA RATIFICACION DEL CONVENIO ANSES CONVENIO,www.saij.gob.ar/LPP0001671
Formosa,Ley,1672,"Vigente, de alcance general",2018-11-08,2018-11-08,LEY 1.672,Presupuesto General de la Administración Pública Provincial para el Ejercicio 2019,PRESUPUESTO PROVINCIAL PRESUPUESTO ANUAL DE GASTOS ADMINISTRACION PUBLICA PROVINCIAL ECONOMIA Y FINANZAS,www.saij.gob.ar/LPP0001672
Formosa,Ley,1673,"Vigente, de alcance general",2018-11-22,2018-11-22,LEY 1.673,Creación del 'Sistema Provincial de Areas Naturales Protegidas de Formosa',SISTEMA DE AREAS NATURALES DE LA PROVINCIA DE FORMOSA RECURSOS NATURALES ECOLOGIA MEDIO AMBIENTE,www.saij.gob.ar/LPP0001673
Formosa,Ley,1674,"Vigente, de alcance general",2018-12-28,2018-12-28,LEY 1.674,Modifica el Código Fiscal de la Provincia de Formosa -Ley N° 1589,LEY MODIFICATORIA PEQUEÑOS PRODUCTORES AGROPECUARIOS EXENCION DE PAGO DEL IMPUESTO,www.saij.gob.ar/LPP0001674
Formosa,Ley,1675,"Vigente, de alcance general",2018-12-28,2018-12-28,LEY 1.675,Modifica la ley 1.608 - Beneficios a Empresas de Call Center,LEY MODIFICATORIA CALL CENTER PRESTACION DE SERVICIOS COMUNICACIONES,www.saij.gob.ar/LPP0001675
Formosa,Ley,1676,"Vigente, de alcance general",2018-12-28,2018-12-28,LEY 1.676,Ratificanse las modificaciones al Convenio Multilateral del 18/08/1977,RATIFICACION DEL CONVENIO CONVENIO MULTILATERAL,www.saij.gob.ar/LPP0001676
Formosa,Ley,1677,"Vigente, de alcance general",2018-12-28,2018-12-30,LEY 1.677,Declaran de utilidad pública y  expropiación de  los inmuebles ubicados en la ciudad de Formosa,DECLARACION DE UTILIDAD PUBLICA EXPROPIACION INMUEBLES,www.saij.gob.ar/LPP0001677
Formosa,Ley,1678,"Vigente, de alcance general",2018-12-28,2018-12-28,LEY 1.678,"Ratifícan el Acuerdo de Financiamiento y Colaboración entre el Estado Nacional, la Administración Federal de Ingresos Públicos y la Provincia de Formosa",RATIFICACION DEL DECRETO ESTADO NACIONAL ADMINISTRACION FEDERAL DE INGRESOS PUBLICOS,www.saij.gob.ar/LPP0001678
Formosa,Ley,1679,"Vigente, de alcance general",2019-04-04,2019-04-09,LEY 1.679,Paridad de Género en las candidaturas a cargos electivos legislativos tanto en el orden Provincial como Municipal y Comisiones de Fomento,PARIDAD DE GENERO NUEVA CANDIDATURA CARGOS ELECTIVOS CANDIDATOS COMISIONES MUNICIPIO ACUERDO LEGISLATIVO,www.saij.gob.ar/LPP0001679
Formosa,Ley,1680,"Vigente, de alcance general",2019-05-02,2019-05-02,LEY 1.680,Modifica el art. 7 de la Ley Impositiva 1.590,LEY MODIFICATORIA LEY IMPOSITIVA IMPUESTOS AUTOMOTORES,www.saij.gob.ar/LPP0001680
Formosa,Ley,1681,"Vigente, de alcance general",2019-06-27,2019-06-27,LEY 1.681,Cuentas de Inversión - Ejercicio Económico 2018,n/d,www.saij.gob.ar/LPP0001681
Formosa,Ley,1682,"Vigente, de alcance general",2019-06-27,2019-06-27,LEY 1.682,Modificación Parcial de la Ley Impositiva 1.590 y sus Modificatorias,LEY MODIFICATORIA LEY IMPOSITIVA ALICUOTA CODIGO FISCAL DE FORMOSA,www.saij.gob.ar/LPP0001682
Formosa,Ley,1684,"Vigente, de alcance general",2020-03-12,2020-03-16,LEY 1.684,Adhesión Provincial a la Ley Nacional 27.499 - Ley Micaela,ADHESION PROVINCIAL LEY MICAELA VIOLENCIA DE GENERO FEMICIDIO,www.saij.gob.ar/LPP0001684
Formosa,Ley,1685,"Vigente, de alcance general",2020-03-12,2020-03-17,LEY 1.685,Modifica la ley 1.578 - Creación del Ministerio de la Jefatura de Gabinete,LEY DE MINISTERIOS ADMINISTRACION PUBLICA PROVINCIAL,www.saij.gob.ar/LPP0001685
Formosa,Ley,1686,"Vigente, de alcance general",2020-05-21,2020-05-22,LEY 1.686,Prorroga la vigencia del estado de emergencia pública,PRORROGA DE VIGENCIA EMERGENCIA PUBLICA CORONAVIRUS,www.saij.gob.ar/LPP0001686
Formosa,Ley,1687,"Vigente, de alcance general",2020-05-28,2020-06-03,LEY 1.687,Ratifican en todos sus términos el Decreto 104/2020,RATIFICACION DEL DECRETO,www.saij.gob.ar/LPP0001687
Formosa,Ley,1688,"Vigente, de alcance general",2020-06-04,2020-06-08,LEY 1.688,Cuentas de Inversión de la Administración Pública de la Provincia de Formosa,CUENTA DE INVERSION ADMINISTRACION PUBLICA PROVINCIAL,www.saij.gob.ar/LPP0001688
Formosa,Ley,1689,"Vigente, de alcance general",2020-06-04,2020-06-04,LEY 1.689,"Modifica el Decreto-Ley Nº 794/79, Código de Faltas de la Provincia de Formosa",LEY MODIFICATORIA CODIGO DE FALTAS DE FORMOSA,www.saij.gob.ar/LPP0001689
Formosa,Ley,1690,"Vigente, de alcance general",2020-07-02,2020-07-06,LEY 1.703,Modificatoria de la Ley 1.589 - Código Fiscal de la Provincia de Formosa,LEY MODIFICATORIA-CODIGO FISCAL DE LA PROVINCIA DE FORMOSA,www.saij.gob.ar/LPP0001690
Formosa,Ley,1691,"Vigente, de alcance general",2020-07-02,2020-07-06,LEY 1.691,Modificatoria de la Ley 1.590 - Ley Impositiva,LEY MODIFICATORIA-LEY IMPOSITIVA,www.saij.gob.ar/LPP0001691
Formosa,Ley,1692,"Vigente, de alcance general",2020-07-02,2020-07-06,LEY 1.692,Ratifican el Consenso Fiscal 2019,CONSENSO FISCAL ESTADO PROVINCIAL CIUDAD AUTONOMA DE BUENOS AIRES,www.saij.gob.ar/LPP0001692
Formosa,Ley,1693,"Vigente, de alcance general",2020-09-28,2020-09-28,LEY 1.693,"Creación del Polo Científico, Tecnológico y de Innovación de la Provincia de Formosa",POLO TECNOLOGICO INVESTIGADORES CIENTIFICOS Y TECNICOS MARCAS SUSTENTABLES BIOTECNOLOGIA ENERGIAS RENOVABLES,www.saij.gob.ar/LPP0001693
Formosa,Ley,1695,"Vigente, de alcance general",2020-10-01,2020-10-08,LEY 1.695,Ratificación del Convenio Bilateral de Financiamiento entre la Administración Nacional de la Seguridad Social (ANSES) y la Provincia de Formosa,CONVENIO ANSES ECONOMIA Y FINANZAS,www.saij.gob.ar/LPP0001695
Formosa,Ley,1696,"Vigente, de alcance general",2020-10-22,2020-10-30,LEY 1.696,Ratifica el Decreto 198/2020 que prorroga -ad referéndum de la Legislatura Provincial- desde el 1 de octubre hasta el 31 de diciembre del año en curso,RATIFICACION DEL DECRETO REFERENDUM ECONOMIA Y FINANZAS,www.saij.gob.ar/LPP0001696
Formosa,Ley,1697,"Vigente, de alcance general",2020-11-11,2020-11-12,LEY 1.697,Estrategia sanitaria de la Provincia de Formosa frente al brote del Coronavirus COVID-19,EMERGENCIA SANITARIA EMERGENCIA PUBLICA POLITICAS PUBLICAS CORONAVIRUS,www.saij.gob.ar/LPP0001697
Formosa,Ley,1698,"Vigente, de alcance general",2020-12-23,2020-12-28,LEY 1.698,Fijan sumas para el Presupuesto General de la Administración Pública Provincial Ejercicio 2021,PROVINCIA ADMINISTRACION PROVINCIAL ECONOMIA Y FINANZAS,www.saij.gob.ar/LPP0001698
Formosa,Ley,1699,"Vigente, de alcance general",2020-12-23,2020-12-28,LEY 1.699,Prorrogan el estado de Emergencia Pública,EMERGENCIA PUBLICA CORONAVIRUS PRORROGA DE VIGENCIA,www.saij.gob.ar/LPP0001699
Formosa,Ley,1700,"Vigente, de alcance general",2020-12-23,2020-12-28,LEY 1.700,Modificatoria del Código Fiscal de la Provincia de Formosa,LEY MODIFICATORIA CODIGO FISCAL DE FORMOSA,www.saij.gob.ar/LPP0001700
Formosa,Ley,1701,"Vigente, de alcance general",2020-12-23,2020-12-28,LEY 1.701,Modificatoria de la Ley Impositiva de la Provincia de Formosa,LEY MODIFICATORIA LEY IMPOSITIVA,www.saij.gob.ar/LPP0001701
Formosa,Ley,1702,"Vigente, de alcance general",2020-12-23,2020-12-28,LEY 1.702,Adhesión Provincial a la Ley Nacional 27.506 - Régimen de Promoción de la Economía del Conocimiento,ADHESION PROVINCIAL REGIMEN DE PROMOCION DE LA ECONOMIA DEL CONOCIMIENTO ACTIVIDADES ECONOMICAS,www.saij.gob.ar/LPP0001702
Formosa,Ley,1703,"Vigente, de alcance general",2020-12-23,2020-12-28,LEY 1.703,Modifica Decreto-Ley  696/78 - Estatuto para el Personal de Administración Pública Provincial,LEY MODIFICATORIA ADMINISTRACION PUBLICA PROVINCIAL ESTATUTO DEL EMPLEADO PUBLICO,www.saij.gob.ar/LPP0001703
Formosa,Ley,1704,"Vigente, de alcance general",2021-05-07,2021-05-26,LEY 1.704,Ratificación del artículo 7 del Decreto 63/2021,RATIFICACION DEL DECRETO CONDONACION DE DEUDAS CORONAVIRUS,www.saij.gob.ar/LPP0001704
Formosa,Ley,1705,"Vigente, de alcance general",2021-07-08,2021-07-12,LEY 1.705,Ratificación del Decreto 90/2021,MORATORIA CONDONACION DE DEUDAS RATIFICACION DEL DECRETO,www.saij.gob.ar/LPP0001705
Formosa,Ley,1706,"Vigente, de alcance general",2021-07-08,2021-07-12,LEY 1.706,Suspensión excepcional de los plazos para el vencimiento de los mandatos de la convocatoria a elecciones generales del día domingo 14 de noviembre de 2021,ELECCIONES ELECCIONES NACIONALES SUSPENSION DEL PLAZO,www.saij.gob.ar/LPP0001706
Formosa,Ley,1707,"Vigente, de alcance general",2021-11-18,2021-11-29,LEY 1.707,Cuentas de Inversión de la Administración Pública de la Provincia de Formosa,INVERSIONES ADMINISTRACION PUBLICA PROVINCIAL,www.saij.gob.ar/LPP0001707
Formosa,Ley,1708,"Vigente, de alcance general",2021-11-18,2021-11-29,LEY 1.708,Ratifícase el Consenso Fiscal 2020,CONSENSO FISCAL ECONOMIA Y FINANZAS,www.saij.gob.ar/LPP0001708
Formosa,Ley,1709,"Vigente, de alcance general",2021-11-18,2021-11-29,LEY 1.709,Prorrogan la vigencia del estado de Emergencia Pública,PRORROGA DE VIGENCIA EMERGENCIA PUBLICA CORONAVIRUS,www.saij.gob.ar/LPP0001709
Formosa,Ley,1710,"Vigente, de alcance general",2021-11-18,2021-11-29,LEY 1.710,Presupuesto Provincial para el Ejercicio 2022,ADMNISTRACION PUBLICA PROVINCIAL-PRESUPUESTO-ECONOMIA Y FINANZAS,www.saij.gob.ar/LPP0001710
Formosa,Decreto Ley,413,"Vigente, de alcance general",1969-09-20,1969-09-20,DECRETO-LEY 413/69,Tribunal de Cuentas provincial.,PODER EJECUTIVO PROVINCIAL-TRIBUNAL DE CUENTAS-MISION Y FUNCIONES-MIEMBROS DEL TRIBUNAL DE CUENTAS,www.saij.gob.ar/LPP0000413
Formosa,Ley,512,"Vigente, de alcance general",1977-07-06,1977-07-07,LEY 512,Ley de honorarios profesionales de abogados y procuradores (Leyes  512 y 564),DERECHO PROCESAL-REGULACION DE HONORARIOS-HONORARIOS DEL ABOGADO-ESCALA ARANCELARIA,www.saij.gob.ar/LPP0000512
Formosa,Decreto Ley,584,"Vigente, de alcance general",1978-01-19,1978-01-20,DECRETO-LEY 584,Código Procesal Administrativo de Formosa,DERECHO ADMINISTRATIVO-PROCEDIMIENTO ADMINISTRATIVO-CODIGO PROCESAL ADMINISTRATIVO DE FORMOSA-RECURSOS ADMINISTRATIVOS,www.saij.gob.ar/LPP0000584
Formosa,Ley,639,"Vigente, de alcance general",1986-10-30,1986-11-24,LEY 639,Código de procedimientos del trabajo,DERECHO CONSTITUCIONAL-CODIGO DE PROCEDIMIENTO LABORAL-COMPETENCIA LABORAL,www.saij.gob.ar/LPP0000639
Formosa,Ley,653,"Vigente, de alcance general",1987-04-01,1987-04-01,LEY 653,Sistema Electoral de Lema y Sublemas,LEY DE LEMAS PARTIDOS POLITICOS JUNTA ELECTORAL LEMAS Y SUBLEMAS,www.saij.gob.ar/LPP0000653
Formosa,Decreto Ley,656,"Vigente, de alcance general",1978-08-04,1978-08-14,DECRETO-LEY 656,"Nuevo régimen de viáticos, movilidad, indemnizaciones, servicios extraordinarios, gastos de comida y órdenes de pasajes y cargas para el personal de la Administración Pública Provincial",ADMINISTRACION PUBLICA PROVINCIAL-EMPLEADOS PUBLICOS-VIATICOS,www.saij.gob.ar/LPP0000656
Formosa,Ley,672,"Vigente, de alcance general",1987-07-21,1987-08-14,LEY 672,Ley del personal policial de la provincia de Formosa.,FUERZAS DE SEGURIDAD-POLICIA PROVINCIAL-ASCENSO POLICIAL-PERSONAL POLICIAL-ESTADO POLICIAL,www.saij.gob.ar/LPP0000672
Formosa,Ley,696,"Vigente, de alcance general",1987-10-21,1988-01-08,LEY 696,Código Procesal Penal de Formosa.,CODIGO PROCESAL PENAL DE FORMOSA,www.saij.gob.ar/LPP0000696
Formosa,Ley,749,"Vigente, de alcance general",1979-05-11,1979-05-15,LEY 749,Ley de Amparo,LEY DE ACCION DE AMPARO-ACCION DE AMPARO,www.saij.gob.ar/LPP0000749
Formosa,Ley,794,"Vigente, de alcance general",1979-09-10,1979-09-17,LEY 794,CODIGO DE FALTAS DE FORMOSA,CODIGO DE FALTAS DE FORMOSA-DERECHO CONTRAVENCIONAL Y DE FALTAS-FALTAS-REGIMEN DE FALTAS-PENAS EN EL REGIMEN DE FALTAS-MULTA (REGIMEN DE FALTAS)-INHABILITACION (REGIMEN DE FALTAS)-JUEZ DE FALTAS-JUSTICIA DE FALTAS,www.saij.gob.ar/LPP0000794
Formosa,Ley,914,"Vigente, de alcance general",1980-08-11,1980-08-14,LEY 914,Adhesión Provincial a la ley 22.172 - Convenio sobre Comunicaciones entre Tribunales de Distinta Jurisdicción Territorial entre la Nación y la Provincia de Santa Fe,ADHESION PROVINCIAL CONVENIO PODER EJECUTIVO NACIONAL SANTA FE,www.saij.gob.ar/LPP0000914
Formosa,Ley,936,"Vigente, de alcance general",1990-07-12,1990-08-31,LEY 936,Consejo Profesional de la Abogacía,EJERCICIO PROFESIONAL-ABOGADOS-HONORARIOS PROFESIONALES-MATRICULA PROFESIONAL,www.saij.gob.ar/LPP0000936
Formosa,Decreto Ley,971,"Vigente, de alcance general",1980-12-29,1980-12-29,DECRETO-LEY 971,Ley de Procedimientos Administrativos de Formosa.,LEY DE PROCEDIMIENTO ADMINISTRATIVO DE FORMOSA-DERECHO ADMINISTRATIVO-AUTORIDAD ADMINISTRATIVA,www.saij.gob.ar/LPP0000971
Tierra del Fuego,Ley,1,Derogada,1970-11-18,1970-11-30,Ley 1,n/d,DEROGADA POR LEY 16 (B.O. NO PUBLICADO)-SOBRE MINISTERIOS.- ADMINISTRACION PUBLICA-PODER EJECUTIVO TERRITORIAL-GOBERNACION- MINISTERIOS-SECRETARIAS-SUBSECRETARIAS-FACULTADES-ATRIBUCIONES- COMPETENCIA-MINISTERIO DE GOBIERNO EDUCACION Y BIENESTAR...,www.saij.gob.ar/LPV0000236
Tierra del Fuego,Ley,1,"Individual, Solo Modificatoria o Sin Eficacia",1992-02-19,1992-02-26,Ley 1,n/d,MODIFICA LEY TERRITORIAL NRO. 495 SOBRE PRESUPUESTO GENERAL ADMINISTRACION DEL TERRITORIO EJERCICIO 1991.- ADMINISTRACION PUBLICA-PRESUPUESTO GENERAL-EJERCICIO 1991.,www.saij.gob.ar/LPV0000388
Tierra del Fuego,Ley,10,Derogada,1971-12-27,1972-01-17,Ley 10,Creación y funcionamiento del instituto de servicios sociales del territorio.,NOTA DE REDACCIÓN: DEROGADA POR ART. 30 LEY 1071 (B.O.P.: 13/01/16) SEGURIDAD SOCIAL-OBRAS SOCIALES-INSTITUTO DE SERVICIOS SOCIALES DEL TERRITORIO-CREACION DE ORGANISMOS-MISION Y FUNCIONES-BENEFICIARIOS-PRESTACIONES MEDICO ASISTENCIALES-ESTRUCTURA...,www.saij.gob.ar/LPV0000186
Tierra del Fuego,Ley,10,"Individual, Solo Modificatoria o Sin Eficacia",1992-05-07,1992-05-27,LEY 10,Creación de una comisión honoraria,"OBJETO CUMPLIDO-CREACION DE UNA COMISION HONORARIA PARA LA CREACION DEL ESCUDO DE LA PROVINCIA DE TIERRA DEL FUEGO,ANTARTIDA E ISLAS DEL ATLANTICO SUR",www.saij.gob.ar/LPV0000159
Tierra del Fuego,Ley,100,Derogada,1993-10-07,1993-11-03,*Ley 100.,Creación  de la comisión provincial del transito y la seguridad vial.,TRANSITO-SEGURIDAD VIAL-COMISION PROVINCIAL DE TRANSITO Y LA SEGURIDAD VIAL-CREACION DE ORGANISMOS-MISION Y FUNCIONES-MIEMBROS-FONDO DE SEGURIDAD VIAL-DISTRIBUCION DE LOS FONDOS.,www.saij.gob.ar/LPV0000596
Tierra del Fuego,Ley,100,"Individual, Solo Modificatoria o Sin Eficacia",1977-08-04,1977-08-15,Ley 100.,n/d,MODIFICATORIA DE LEY SIN EFICACIA-PODER EJECUTIVO TERRITORIAL- ADMINISTRACION PUBLICA-PRESUPUESTO GENERAL-EJERCICIO 1977- MODIFICACION-SALARIOS-REMUNERACIONES-MEJORAS.,www.saij.gob.ar/LPV0000322
Tierra del Fuego,Ley,1000,"Individual, Solo Modificatoria o Sin Eficacia",2014-11-20,2014-12-03,LEY 1.000,Presupuesto General de Erogaciones y Cálculo de Recursos de la Administración Pública - Ejercicio 2014: Modificación de la Distribución Analítica (Ley Provincial N° 959).,SOLO MODIFICATORIA: LEY PROVINCIAL N§ 959 (B.O.P. 0/01/2014.) PODER EJECUTIVO PROVINCIAL-PRESUPUESTO PROVINCIAL-ADMINISTRACION PUBLICA PROVINCIAL-PRESUPUESTO GENERAL DE EROGACIONES Y CµLCULOS DE RECURSOS DE LA ADMINISTRACION PUBLICA-EJERCICIO...,www.saij.gob.ar/LPV0001497
Tierra del Fuego,Ley,1002,Derogada,2014-11-20,2014-12-03,LEY 1.002,"Poder Ejecutivo Provincial - Dirección Provincial de Obras y Servicios Sanitarios (DPOSS): Ampliación y optimización planta Potabilizadora Nº 3, Instalación sistema cloro gaseoso, prorroga emergencia del servicio de producción y suministro de agua: Modificación",NOTA DE REDACCIÓN: Derogada por Art. 19 Ley 1063 (B.O.P. 08/01/2016).SOLO MODIFICATORIA: LEY PROVINCIAL Nº 938 (B.O.P. 26/07/2013.):PODER EJECUTIVO PROVINCIAL-DIRECCIÓN PROVINCIAL DE OBRAS Y SERVICIOS SANITARIOS (DPOSS)-AMPLIACIÓN Y...,www.saij.gob.ar/LPV0001498
Tierra del Fuego,Ley,1003,"Individual, Solo Modificatoria o Sin Eficacia",2014-11-20,2014-12-12,LEY 1.003,Ley Impositiva - Ejercicio 1999: Modificación.,"SOLO MODIFICATORIA: LEY PROVINCIAL N§ 440 (B.O.P.: 01/02/99.) IMPUESTOS PROVINCIALES-DETERMINACION DE IMPUESTOS-TASAS-ALICUOTA-EXENSIONES IMPOSITIVAS, DERECHO TRIBUTARIO Y ADUANERO-LEY PROVINCIAL-PROCESOS PRODUCTIVOS-DIRECCION DE INDUSTRIA Y...",www.saij.gob.ar/LPV0001500
Tierra del Fuego,Ley,1004,"Vigente, de alcance general",2014-11-20,2014-12-12,LEY 1.004,Garantía de Financiamiento de Instituciones Asistenciales,SALUD-GARANTIA DE FINANCIAMIENTO DE INSTITUCIONES ASISTENDIALES-SERVICIOS PÚBLICOS DE SALUD-PROVINCIA DE TIERRA DEL FUEGO ANTÁRTIDA E ISLAS DEL ATLÁNTICO SUR-LEY GENERAL DE PRESUPUESTO- MINISTERIO DE SALUD-LEY PROVINCIAL.,www.saij.gob.ar/LPV0001499
Tierra del Fuego,Ley,1005,"Vigente, de alcance general",2014-08-21,2014-12-22,LEY 1.005,Poder Ejecutivo Provincial: Ordenamiento de Plantas de Incineración de Residuos Peligrosos.,PODER EJECUTIVO PROVINCIAL-ORDENAMIENTO DE PLANTAS DE INCINERACION-RESIDUOS PELIGROSOS- LEY PROVINCIAL-MEDIO AMBIENTE-SECRETARIA DE DESARROLLO SUSTENTABLE Y AMBIENTE.,www.saij.gob.ar/LPV0001501
Tierra del Fuego,Ley,1006,"Vigente, de alcance general",2014-12-04,2014-12-22,LEY 1.006,Ley Impositiva - Ejercicio 1999: Modificación - Establecese reducción de la alícuota de la tasa de verificación de procesos productivos.,SOLO MODIFICATORIA: LEY PROVINCIAL 440 (B.O.P.: 01/02/99).IMPUESTOS PROVINCIALES-TASA RETRIBUTIVA DE SERVICIOS-CONTRIBUCIONES-LEY IMPOSITIVA-IMPUESTO SOBRE LOS INGRESOS BRUTOS-IMPUESTO INMOBILIARIO RURAL-IMPUESTO DE SELLOS.,www.saij.gob.ar/LPV0001504
Tierra del Fuego,Ley,1007,"Vigente, de alcance general",2014-12-04,2014-12-29,LEY 1.007,"Aprobación Convenio Registrado bajo N. 17.013 sobre Programa Federal de Desendeudamiento de las Provincias Argentinas y Programas de Asistencia Financiera 2010, 2011, 2012 y 2013 - Ratificado por Decreto Provincial N. 2409/14.","PODER EJECUTIVO PROVINCIAL-APROBACION CONVENIO REGISTRADO BAJO N° 17.013-PROGRAMA FEDERAL DE DEWSENDEUDAMIENTO-PROVINCIAS ARGENTINAS-PROGRAMA DE ASISTENCIA FINANCIERA 2010,2011,2012 Y 2013-DECRETO PROVINCIAL N° 2409/14.",www.saij.gob.ar/LPV0001505
Tierra del Fuego,Ley,1008,"Vigente, de alcance general",2014-12-04,2014-12-29,LEY 1.008,"Poder Ejecutivo Provincial: Aprobación Convenio Registrado bajo N. 17.009 Sobre Programa Federal de Desendeudamiento de las Provincias Argentinas y Programas de Asistencia Financiera 2010, 2011, 2012 y 2013 - Ratificado por Decreto Provincial N. 2330/14.","PODER EJECUTIVO PROVINCIAL-APROBACION CONVENIO REGISTRADO BAJO N. 17.009-PROGRAMA FEDERAL DE DESENDEUDAMIENTO DE LAS PROVINCIAS ARGENTINAS-PROGRAMAS DE ASISTENCIA FINANCIERA 2010, 2011, 2012 Y 2013-DECRETO PROVINCIAL N. 2330/14.",www.saij.gob.ar/LPV0001502
Tierra del Fuego,Ley,1009,"Vigente, de alcance general",2014-12-04,2014-12-29,LEY 1.009,Presupuesto General de Erogaciones y Cálculos de Recursos de la Administración Pública - Ejercicio 2015,PRESUPUESTO PROVINCIAL-ADMINISTRACIÓN PÚBLICA PROVINCIAL-ORGANISMOS DESCENTRALIZADOS-SEGURIDAD SOCIAL-PERSONAL POLICIAL-TRIBUNAL DE CUENTAS PROVINCIAL-PODER EJECUTIVO PROVINCIAL-PODER LEGISLATIVO PROVINCIAL-PODER JUDICIAL PROVINCIAL-LEY DE...,www.saij.gob.ar/LPV0001503
Tierra del Fuego,Ley,101,"Vigente, de alcance general",1993-10-07,1993-11-03,Ley 101.,Especies protegidas.,FAUNA SILVESTRE-CAZA-COMERCIALIZACION-INDUSTRIALIZACION-PROHIBICION -PINNIPEDOS-CETACEOS-GUANACOS-ZORROS COLORADOS-AVES SILVESTRES- SANCIONES-MULTAS-AUTORIDAD DE APLICACION.- DEROGA LEY 439.,www.saij.gob.ar/LPV0000597
Tierra del Fuego,Ley,101,"Individual, Solo Modificatoria o Sin Eficacia",1977-09-06,1977-09-19,Ley 101.,n/d,MODIFICATORIA DE LEY SIN EFICACIA-PODER EJECUTIVO TERRITORIAL- ADMINISTRACION PUBLICA-PRESUPUESTO GENERAL-EJERCICIO 1977- MODIFICACION.,www.saij.gob.ar/LPV0000321
Tierra del Fuego,Ley,1010,"Vigente, de alcance general",2014-11-20,2015-01-05,LEY 1.010,Radiodifusión: Declaración de Interés Provincial de la actividad realizada y las entidades que los agrupan.,RADIODIFUSION-INTERES PROVINCIAL-TELECOMUNICACIONES-PODER EJECUTIVO PROVINCIAL,www.saij.gob.ar/LPV0001506
Tierra del Fuego,Ley,1011,"Vigente, de alcance general",2014-11-20,2015-01-05,LEY 1.011,Salud: Caución de paciente evacuados de establecimientos privados sin cobertura de salud.,SALUD-CAUCION-PACIENTES EVACUADOS-ESTABLECIMIENTOS PRIVADOS-COBERTURA MEDICA-TERCEROS PAGADORES-TRASLADO DE PACIENTES-MINISTERIO DE SALUD-PODER EJECUTIVO PROVINCIAL.,www.saij.gob.ar/LPV0001507
Tierra del Fuego,Ley,1012,"Vigente, de alcance general",2014-11-20,2015-01-12,LEY 1.012,Poder Ejecutivo Provincial: Designación de Representante en Directorio de YPF S.A.,"PODER EJECUTIVO PROVINCIAL-DESIGNACIÓN-REPRESENTANTE-DIRECTORIO- YPF S.A.-PROVINCIA DE TIERRA DEL FUEGO,ANTÁRTIDA E ISLAS DEL ATLÁNTICO SUR-LEY NACIONAL.",www.saij.gob.ar/LPV0001508
Tierra del Fuego,Ley,1013,"Vigente, de alcance general",2014-11-20,2015-01-12,LEY 1.013,"Poder Ejecutivo Provincial: Adhesión de la Provincia a la Ley Nacional Nº 26485, sobre Protección integral para prevenir,sancionar y erradicar la violencia contra las mujeres en los ámbitos en que desarrollen sus relaciones interpersonales.",PODER EJECUTIVO PROVINCIAL-DERECHOS DE LA MUJER-VIOLENCIA DE GENERO-DISCRIMINACION DE LA MUJER-CONSEJO NACIONAL DE LA MUJER-OBSERVATORIO DE LA VIOLENCIA CONTRA LAS MUJERES-DERECHOS HUMANOS.,www.saij.gob.ar/LPV0001509
Tierra del Fuego,Ley,1014,"Vigente, de alcance general",2014-12-04,2015-01-14,LEY 1.014,Salud: Instituyendo el día 14 de Noviembre como 'Día Provincial de Concienciación  sobre la Diabetes'.,SALUD-14 DE NOVIEMBRE-DIA PROVINCIAL DE CONCIENCIACION SOBRE LA DIABETES-PODER EJECUTIVO-MINISTERIO DE SALUD-MINISTERIO DE EDUCACION-SUBSECRETARIA DE COMUNICACION INSTITUCIONAL-FEDERACION INTERNACIONAL DE DIABETES (FID).,www.saij.gob.ar/LPV0001510
Tierra del Fuego,Ley,1015,"Vigente, de alcance general",2014-12-04,2015-01-16,LEY 1.015,Poder Ejecutivo Provincial: Régimen General De Contrataciones y disposiciones comunes para el sector público provincial.,PODER EJECUTIVO PROVINCIAL-REGIMEN DE CONTRATACIONES-DISPOSICIONES COMUNES-SECTOR PUBLICO-PODER LEGISLATIVO-PODER JUDICIAL-PODER EJECUTIVO-MINISTERIO Y SECRETARIA DE ESTADO-FISCALIA DE ESTADO-TRIBUNAL DE CUENTA.,www.saij.gob.ar/LPV0001511
Tierra del Fuego,Ley,1016,"Individual, Solo Modificatoria o Sin Eficacia",2014-12-04,2015-01-16,LEY 1.016,Regimen Unico de Pensiones Especiales (R.U.P.E.): Modificación.,SOLO MODIFICATORIA: LEY Nº 389 (B.O.P. 06/01/98.) BENEFICIOS PREVISIONALES-PENSIONES-SEGURIDAD SOCIAL-DERECHO CIVIL-PENSIONES ESPECIALES.,www.saij.gob.ar/LPV0001516
Tierra del Fuego,Ley,1017,"Individual, Solo Modificatoria o Sin Eficacia",2014-12-04,2015-01-16,LEY 1.017,Ley Impositiva - Ejercicio 1999: Modificación.,SOLO MODIFICATORIA: LEY 854 (B.O.P. 31/10/11.) LEY IMPOSITIVA-IMPUESTOS PROVINCIALES-DETERMINACION DE IMPUESTOS-TASAS-ALICUOTA-DERECHO CONSTITUCIONAL-DERECHO TRIBUTARIO Y ADUANERO.,www.saij.gob.ar/LPV0001517
Tierra del Fuego,Ley,1018,"Vigente, de alcance general",2014-12-04,2015-01-16,LEY 1.018,Ley de Educación.,LEY DE EDUCACION-MINISTERIO DE EDUCACION-CONSTITUCION PROVINCIAL-POLITICA EDUCATIVA-SISTEMA EDUCATIVO PROVINCIAL-LEY NACIONAL.,www.saij.gob.ar/LPV0001512
Tierra del Fuego,Ley,1019,"Individual, Solo Modificatoria o Sin Eficacia",2014-12-04,2015-01-16,LEY 1.019,"Policía Provincial: Ley Previsional Para El Personal Policial Provincial, Territorial Y Servicio Penitenciario De La Provincia: Modificación.",SOLO MODIFICATORIA: LEY 834 (B.O.P. 05/01/11.) POLICIA PROVINCIAL-LEY PREVISIONAL-SERVICIO PENITENCIARIO PROVINCIAL-DEFENSA NACIONAL-DERECHO CONSTITUCIONAL.,www.saij.gob.ar/LPV0001518
Tierra del Fuego,Ley,102,"Vigente, de alcance general",1993-10-07,1993-11-03,Ley 102.,Adhesión a la ley 24196 sobre régimen de inversiones para la actividad minera.,MINERIA-INVERSIONES-ACTIVIDAD MINERA-REGIMEN,www.saij.gob.ar/LPV0000598
Tierra del Fuego,Ley,102,"Individual, Solo Modificatoria o Sin Eficacia",1977-09-19,1977-10-03,Ley 102.,n/d,DEROGA ARTICULOS 4 Y 61 DE LA LEY TERRITORIAL NRO. 91 DE AUDITORIA GENERAL DEL TERRITORIO.- ADMINISTRACION PUBLICA-CREACION DE ORGANISMOS-AUDITORIA-AUDITORIA GENERAL-COMPOSICION-INTEGRACION-INHIBICIONES-EXCUSACION-RECUSACION-...,www.saij.gob.ar/LPV0000460
Tierra del Fuego,Ley,1020,Derogada,2014-12-04,2015-01-16,LEY 1.020,"Poder Ejecutivo Provincia: Aprobación del uso de la Leyenda 'Las Malvinas son Argentinas', en Medios de Transporte y Diversos Espacios Públicos y Privados.",PODER EJECUTIVO PROVINCIAL-APROBACION-LEYENDA 'LAS MALVINAS SON ARGENTINAS'-TRANSPORTE PUBLICO-ESPACIOS PUBLICOS Y PRIVADOS.,www.saij.gob.ar/LPV0001513
Tierra del Fuego,Ley,1021,"Vigente, de alcance general",2014-12-04,2015-01-16,LEY 1.021,"Poder Ejecutivo Provincial: Adhesión De La Provincia a la Ley Nacional N° 26.914, sobre problemática y prevención de la diabetes.",PODER EJECUTIVO PROVINCIAL-ADHESION-PROVINCIA DE TIERRA DEL FUEGO ANTARTIDA E ISLAS DEL ATLANTICO SUR-LEY NACIONAL-PROBLEMATICA Y PREVENCION DE LA DIABETES-MINISTERIO DE SALUD-SISTEMA NACIONAL DE SALUD.,www.saij.gob.ar/LPV0001514
Tierra del Fuego,Ley,1022,"Vigente, de alcance general",2014-12-04,2015-01-16,LEY 1.022,Procedimiento de Protección Judicial para la víctima de Violencia Familiar y las sanciones para quien la ejerza.,PODER EJECUTIVO PROVINCIAL-PROTECCION JUDICIAL-VICTIMA DE VIOLENCIA FAMILIAR-SANCIONES PARA QUIEN LA EJERZA-PODER JUDICIAL.,www.saij.gob.ar/LPV0001515
Tierra del Fuego,Ley,1023,"Individual, Solo Modificatoria o Sin Eficacia",2014-12-04,2015-01-16,LEY 1.023,Inspección General De Justicia - Creación: Derogación Ley Nº 369: Modificación.,SOLO MODIFICATORIA LEY 798 (B.O.P. 23/10/09.) INSPECCION GENERAL DE JUSTICIA-SOCIAEDADES POR ACCIONES-ACCIONES CIVILES-FUNDACIONES-DERECHO ADMINISTRATIVO-DERECHO COMERCIAL-DERECHO CIVIL.,www.saij.gob.ar/LPV0001519
Tierra del Fuego,Ley,1024,"Vigente, de alcance general",2014-12-04,2015-01-19,LEY 1.024,Código Contravencional.,CODIGO CONTRAVENCIONAL.,www.saij.gob.ar/LPV0001520
Tierra del Fuego,Ley,1025,"Individual, Solo Modificatoria o Sin Eficacia",2014-12-15,2015-02-25,LEY 1.025,Salud - Garantía De Financiamiento De Instituciones Asistenciales: Modificación.,SALUD-INSTITUCIONES ASISTENCIALES-SALUD PUBLICA-DECRETO CONSTITUCIONAL.,www.saij.gob.ar/LPV0001521
Tierra del Fuego,Ley,1026,"Individual, Solo Modificatoria o Sin Eficacia",2015-03-12,2015-03-26,LEY 1.026,Presupuesto General de Erogaciones y Cálculo de Recursos de la Administración Pública - Ejercicio 2015. Modificacion:,PRESUPUESTO GENERAL DE EROGACIONES Y CALCULOS DE RECURSOS DE LA ADMINISTRACION PUBLICA-EJERCICIO 2015. MODIFICACIÓN,www.saij.gob.ar/LPV0001522
Tierra del Fuego,Ley,1027,"Vigente, de alcance general",2014-12-04,2015-04-10,LEY 1.027,Procuración Penitenciaria en ámbito del Poder Legislativo: Creación.,PRECURACION PENITENCIARIA-PODER LEGISLATIVO-CREACION-PROTEGER LOS DERECHOS HUMANOS-MINISTERIO DE GOBIERNO-JUSTICIA Y SEGURIDAD-PODER EJECUTIVO.,www.saij.gob.ar/LPV0001523
Tierra del Fuego,Ley,1028,"Individual, Solo Modificatoria o Sin Eficacia",2014-12-04,2015-04-10,LEY 1.028,Código Fiscal: Modificación.,CODIGO FISCAL DE TIERRA DEL FUEGO. MODIFICACION,www.saij.gob.ar/LPV0001532
Tierra del Fuego,Ley,1029,"Vigente, de alcance general",2014-12-04,2015-04-10,LEY 1.029,"Poder Ejecutivo Provincial: Afectación de ingresos brutos y convenio multilaterales, a la obra del edifico Colegio Provincial Jose Marti de la ciudad de Ushuaia.",PODER EJECUTIVO PROVINCIAL-AFECTACION DE INGRESOS BRUTOS-CONVENIO MULTILATERALES-EDIFICIO-COLEGIO-JOSE MARTI-USHUAIA.,www.saij.gob.ar/LPV0001524
Tierra del Fuego,Ley,103,"Vigente, de alcance general",1993-10-07,1993-11-03,Ley 103.,Programa de revalorización de las discapacidades individuales y de las personas con discapacidad.,EDUCACION ESPECIAL-MINISTERIO DE EDUCACION Y CULTURA-PROGRAMA DE REVALORIZACION DE LAS DISCAPACIDADES-AMBITO DE APLICACION-OBJETIVOS AUTORIDAD DE APPLICACION,www.saij.gob.ar/LPV0000599
Tierra del Fuego,Ley,103,"Individual, Solo Modificatoria o Sin Eficacia",1977-10-10,1977-10-24,Ley 103.,n/d,GOBERNACION-MUNICIPALIDAD DE RIO GRANDE-LICITACION PUBLICA- PRIVATIZACION DEL LAVADERO Y PEINADURIA DE LANAS RIO GRANDE S.A.,www.saij.gob.ar/LPV0000537
Tierra del Fuego,Ley,1030,"Vigente, de alcance general",2014-11-20,2015-04-10,LEY 1.030,"Poder Ejecutivo Provincial: Designación 'Ad-Referéndum' de la Legislatura Provincial del Representante de la Provincia, ante el Consejo Federal Pesquero.",PODER EJECUTIVO PROVINCIAL-DESIGNACION-'AD-REFERENDUM'- LEGISLATURA PROVINCIAL-REPRESENTANTE DE LA PROVINCIA-CONSEJO FEDERAL PESQUERO-LEY NACIONAL.,www.saij.gob.ar/LPV0001525
Tierra del Fuego,Ley,1031,"Individual, Solo Modificatoria o Sin Eficacia",2014-11-20,2015-04-10,LEY 1.031,Ley Impositiva - Ejercicio 1999: Modificación.,IMPUESTOS PROVINCIALES-DETERMINACION DE IMPUESTOS-TASAS-ALICUOTAS-EXENCIONES IMPOSITIVAS-DERECHO TRIBUTARIO Y ADUANERO.,www.saij.gob.ar/LPV0001533
Tierra del Fuego,Ley,1032,"Vigente, de alcance general",2015-03-12,2015-04-10,LEY 1.032,"Poder Ejecutivo Provincial: Aprobación convenio de Asistencia Financiera, registrado bajo Nº 17.080, sobre régimen federal de responzabilidad fiscal, rentre la Provincia y el Estado Nacional.",PODER EJECUTIVO PROVINCIAL-APROBACION CONVENIO-ASISTENCIA FINANCIERA-REGIMEN FEDERAL-RESPONZABILIDAD FISCAL-PROVINCIA-ESTADO NACIONAL-DECRETO PROVINCIAL.,www.saij.gob.ar/LPV0001526
Tierra del Fuego,Ley,1033,"Vigente, de alcance general",2015-03-12,2015-04-10,LEY 1.033,"Poder Ejecutivo Provincial: Aprobación Convenio registrado bajo Nº 17.094 sobre programa deferal de Desendeudamiento de las Provincias Argentinas y de Asistencia Financiera, ratificado por Decreto Provincial Nº 0325/15.",PODER EJECUTIVO PROVINCIAL- APROBACION-CONVENIO-PROGRAMA FEDERAL DE DESENDEUDAMIENTO-PROVINCIAS ARGENTINAS-ASISTENCIA FINANCIERA-DECRETO PROVINCIAL-GOBIERNO NACIONAL.,www.saij.gob.ar/LPV0001527
Tierra del Fuego,Ley,1034,"Vigente, de alcance general",2015-03-12,2015-04-10,LEY 1.034,Ejercicio Profesional de la Psicopedagogía.,EJERCICIO PROFESIONAL DE LA PSICOPEDAGOGIA-PROMOCION-PROTECCION-TRASTORNO PSICOPEDAGOGICOS- MINISTERIO DE SALUD-DESARROLLO EN EL AMBITO INDIVIDUAL-GRUPAL-INSTITUCIONAL-COMUNITARIO.,www.saij.gob.ar/LPV0001528
Tierra del Fuego,Ley,1035,"Vigente, de alcance general",2015-03-12,2015-04-10,LEY 1.035,"Salud: Programa, Prevención y Control de los Trastornos Alimenticios.","SALUD-PROGRAMA-PREVENCION-CONTROL-TRASTORNOS ALIMENTICIOS-MINISTERIO DE SALUD-CONTROL CLINICOS,NUTRICIONALES,PSICOLOGICOS Y SOCIALES-MINISTERIO DE EDUCACION-MINISTERIO DE DESARROLLO SOCIAL-LEY NACIONAL.",www.saij.gob.ar/LPV0001529
Tierra del Fuego,Ley,1036,"Vigente, de alcance general",2015-03-12,2015-04-10,LEY 1.036,Salud: Regulación de la práctica del acompañante Terapeutico en el ámbito de la Provincia,SALUD-REGULACION-ACOMPAÑANTE TERAPEUTICO-AMBITO DE LA PROVINCIA-MINISTERIO DE SALUD-PODER JUDICIAL.,www.saij.gob.ar/LPV0001530
Tierra del Fuego,Ley,1037,"Vigente, de alcance general",2015-03-12,2015-04-10,LEY 1.037,Sistema Provincial de Acogimiento Familiar: Creación.,SISTEMA PROVINCIAL DE ACOGIMIENTO FAMILIAR-CREACION-LEY NACIONAL-LEY PROVINCIAL-DERECHOS DEL NIÑO-ADOLESCENTES-FAMILIAS-IPAUSS.,www.saij.gob.ar/LPV0001531
Tierra del Fuego,Ley,1038,"Vigente, de alcance general",2015-03-12,2015-04-24,LEY 1.038,Emprendedores Urbanísticos: De la Comisión de Evaluación para las Zonas ZIRPP: Excepción Impositivas.,LEY PROVINCIAL 440-LEY PROVINCIAL 906-MUNICIPIO DE RIO GRANDE-PODER EJECUTIVO PROVINCIAL.,www.saij.gob.ar/LPV0001534
Tierra del Fuego,Ley,1039,"Vigente, de alcance general",2015-03-12,2015-04-24,LEY 1.039,"Día Provincial del Politólogo, el 29 de Noviembre de cada año.",DIA PROVINCIAL DEL POLITOLOGO-29 DE NOVIEMBRE-GUILLERMO ALBERTO ODONNEL-PODER EJECUTIVO.,www.saij.gob.ar/LPV0001535
Tierra del Fuego,Ley,104,"Vigente, de alcance general",1993-10-26,1993-11-08,Ley 104,Designación de funcionarios que requieran acuerdo de la legislatura provincial.,FUNCIONARIO PUBLICO-DESIGNACION-REQUISITOS-PODER EJECUTIVO PROVINCIAL-PODER LEGISLATIVO-ACUERDO LEGISLATIVO.- DEROGA LEY 435.,www.saij.gob.ar/LPV0000600
Tierra del Fuego,Ley,104,"Individual, Solo Modificatoria o Sin Eficacia",1977-10-24,1977-10-24,Ley 104.,n/d,"MODIFICA ARTICULOS 18,27 Y 25 DE LA LEY TERRITORIAL NRO. 93 DE IMPUESTO A LOS INGRESOS BRUTOS.- IMPUESTO-GRAVAMEN-TRIBUTO-DIRECCION GENERAL DE RENTAS-INGRESOS BRUTOS-ACTIVIDADES CON FINES DE LUCRO-CONTRIBUYENTE-BASE IMPONIBLE-...",www.saij.gob.ar/LPV0000459
Tierra del Fuego,Ley,1040,"Vigente, de alcance general",2015-03-12,2015-04-24,LEY 1.040,"Declaración Patrimonio Cultural y Paleontológica Provincial, a la Gruta de la Virgen de Nuestra Señora de Lourdes, conocida como Virgen del Olivia.",DECLARACION PATRIMONIO-CULTURA-PALEONTOLOGICA-PROVINCIAL-    NUESTRA SEÑORA DE LOURDES-VIRGEN DEL OLIVIA-PODER EJECUTIVO.,www.saij.gob.ar/LPV0001536
Tierra del Fuego,Ley,1041,"Vigente, de alcance general",2015-03-12,2015-04-24,LEY 1.041,Dirección Provincial de Vialidad: Modificación Presupuestaria.,DIRECCION PROVINCIAL DE VIALIDAD-MODIFICACION PRESUPUESTARIA-PODER EJECUTIVO.,www.saij.gob.ar/LPV0001537
Tierra del Fuego,Ley,1042,"Individual, Solo Modificatoria o Sin Eficacia",2015-05-04,2015-06-12,LEY 1.042,Comisión especial de evaluación y reforma del Instituto Provincial Autárquico Unificado de Seguridad Social (IPAUSS): Modificación.,COMISIONES ESPECIALES-INSTITUTO PROVINCIAL AUTARQUICO UNIFICADO DE SEGURIDAD SOCIAL-DERECHO ADMINISTRATIVO-DERECHO SOCIAL-INSTITUTO PROVINCIAL DE PREVISION SOCIAL.,www.saij.gob.ar/LPV0001538
Tierra del Fuego,Ley,1043,"Individual, Solo Modificatoria o Sin Eficacia",2015-05-14,2015-06-17,LEY 1.043,Código Contravencional: Modificación.,"CONTRAVENCIONES-TIERRA DEL FUEGO, ANTARTIDA E ISLAS DEL ATLANTICO SUR-DERECHO CONTRAVENCIONAL Y DE FALTAS.",www.saij.gob.ar/LPV0001539
Tierra del Fuego,Ley,1044,"Vigente, de alcance general",2015-07-08,2015-07-17,LEY 1.044,Régimen Federal de Desendeudamiento Fiscal - Adhesión a lo dispuesto en el Articulo 52 de la Ley Nacional Nº 27.008 por el cual se prorroga lo dispuesto en la Ley Nacional Nº 26.530,PODER EJECUTIVO PROVINCIAL-REGIMEN FEDERAL DE RESPOSABILIDAD FISCAL-ADHESION A LO DISPUESTO DEL ARTICULO 52-LEY NACIONAL Nº 27.008-LEY NACIONA Nº 26.530.,www.saij.gob.ar/LPV0001540
Tierra del Fuego,Ley,1045,"Vigente, de alcance general",2015-07-08,2015-07-22,LEY 1.045,"Poder Ejecutivo Povincial: Aprobación Convenio Registrado bajo Nº 17.165, Sobre Programa Federal de Desendeudamiento entre la Provincial de Tierra del Fuego y el Gobierno Nacional.",PODER EJECUTIVO PROVINCIAL-APROBACION CONVENIO REGISTRADO BAJO Nº 17.165-PROGRAMA FEDERAL DE DESENDEUDAMIENTO-PROVINCIA DE TIERRA DEL FUEGO-GOBIERNO NACIONAL-DECRETO PROVINCIAL Nº 1095/15.,www.saij.gob.ar/LPV0001541
Tierra del Fuego,Ley,1046,"Vigente, de alcance general",2015-07-08,2015-07-22,LEY 1.046,"Designación del edificio de Instituto Provincial de Vivienda (IPV), con el nombre del maestro mayor de obra Jsé Luis Del Giudice.",PODER EJECUTIVO PROVINCIAL-DESIGNACION-EDIFICIO-INSTITUTO PROVINCIAL DE VIVIENDA (IPV)-NOMBRE DEL MAESTRO MAYOR DE OBRA JOSE LUIS DEL GIUDICE-RIO GRANDE.,www.saij.gob.ar/LPV0001542
Tierra del Fuego,Ley,1047,"Individual, Solo Modificatoria o Sin Eficacia",2015-05-14,2015-08-31,LEY 1.047,Código Fiscal: Modificación.,MODIFICATORIA CODIGO FISCAL DE TIERRA DEL FUEGO,www.saij.gob.ar/LPV0001543
Tierra del Fuego,Ley,1048,"Vigente, de alcance general",2015-07-08,2015-08-31,LEY 1.048,Turismo: Desarrollo Integral y Armónico de la Actividad para Consolidar el Potencial Económico Provincial,PODER EJECUTIVO PROVINCIAL-DESARROLLO INTEGRAL-ECONOMIA PROVINCIAL-DESARROLLO TURISTICO PROVINCIAL-INGRESOS BRUTOS Y DE SELLOS-CODIGO COMERCIAL-LEYES PREVISIONALES-MINISTERIO DE ECONOMIA.,www.saij.gob.ar/LPV0001544
Tierra del Fuego,Ley,1049,"Individual, Solo Modificatoria o Sin Eficacia",2015-08-13,2015-09-04,LEY 1.049,Ley Impositiva - Ejercicio 1999: Modificación.,MODIFICATORIA LEY PROVINCIAL Nº 440 (B.O.P.: 01/02/99). PODER EJECUTIVO PROVINCIAL-IMPUESTOS PROVINCIALES-DETERMINACION DE IMPUESTOS-TASAS-ALICUOTAS-EXENCIONES IMPOSITIVAS-DERECHO TRIBUTARIO Y ADUANERO-DIRECCION GENERAL DE INDUSTRIA-DIRECCION...,www.saij.gob.ar/LPV0001545
Tierra del Fuego,Ley,105,"Vigente, de alcance general",1993-10-26,1993-11-15,LEY 105,Tratamiento de residuos peligrosos.,ECOLOGIA-MEDIO AMBIENTE-RESIDUOS TOXICOS-RESIDUOS PELIGROSOS- RESIDUOS PATOLOGICOS-AMBITO DE APLICACION-REGISTRO DE GENERADORES Y OPERADORES-TRANSPORTISTAS-PLANTAS DE TRATAMIENTO-AUTORIDAD DE...,www.saij.gob.ar/LPV0000606
Tierra del Fuego,Ley,105,"Individual, Solo Modificatoria o Sin Eficacia",1977-12-02,1978-02-13,Ley 105.,n/d,DEROGA LEY TERRITORIAL NRO. 8 QUE RATIFICA CONTRATO DE CONCESION ENTRE EL TERRITORIO Y EL AUTOMOVIL CLUB ARGENTINO.- GOBERNACION-AUTOMOVIL CLUB ARGENTINO-ACA-CONTRATO-CONCESION-HOTEL- HOSTERIA-ALBATROS-LOS YAGANES-PETREL-KAIKEN.,www.saij.gob.ar/LPV0000458
Tierra del Fuego,Ley,1050,Derogada,2015-08-13,2015-09-11,LEY 1.050,Las Islas Malvinas Son Argentinas.,"PODER EJECUTIVO PROVINCIAL-INSTALACION DE CARTELERIA GRAFICA-LEYENDA 'LAS ISLAS MALVINAS SON ARGENTINAS'-MINISTERIO DE GOBIERNO, JUSTICIA Y SEGURIDAD.",www.saij.gob.ar/LPV0001546
Tierra del Fuego,Ley,1051,"Vigente, de alcance general",2015-08-13,2015-09-11,LEY 1.051,Jurar Promesa de Lealtad a la Constitucion Provincial.,PODER EJECUTIVO PROVINCIAL-JURAR LEALTAD A LA CONSTITUCION PROVINCIAL-EDUCACION MEDIA-MINISTERIO DE EDUCACION.,www.saij.gob.ar/LPV0001547
Tierra del Fuego,Ley,1052,"Vigente, de alcance general",2015-08-13,2015-08-31,LEY 1.052,"Poder Ejecutivo Provincial: Adhesión de la Provincia a la Ley Nacional Nº 27.130, sobre Prevención del Suicidio.",PODER EJECUTIVO PROVINCIAL-ADHESION -LEY NACIONAL Nº 27.130-PREVENCION DEL SUICIDIO.,www.saij.gob.ar/LPV0001548
Tierra del Fuego,Ley,1053,"Individual, Solo Modificatoria o Sin Eficacia",2015-08-13,2015-09-11,LEY 1.053,Ley Orgánica del Poder Judicial: Modificación.,MODIFICATORIA LEY PROVINCIAL Nº 110 (B.O.P. 24/11/93).PODER EJECUTIVO PROVINCIAL-MODIFICACION-LEY ORGANICA DEL PODER JUDICIAL-JUZGADO CONTRAVENCIONAL-MUNICIPIO DE TOLHUIN.,www.saij.gob.ar/LPV0001549
Tierra del Fuego,Ley,1054,"Individual, Solo Modificatoria o Sin Eficacia",2015-08-13,2015-09-13,LEY 1.054,Presupuesto General de Erogaciones y Cálculos de Recursos de la Administración Pública - Ejercicio 2015: Modificación.,MODIFICATORIA LEY PROVINCIAL Nº 1009 (B.O.P. 29/12/2014). PODER EJECUTIVO PROVINCIAL-MODIFICACION-PRESUPUESTO GENERAL-EROGACIONES Y CALCULOS DE RECURSOS-ADMINISTRACION PUBLICA-ORGANISMOS DESCENTRALIZADOS.,www.saij.gob.ar/LPV0001550
Tierra del Fuego,Ley,1055,"Vigente, de alcance general",2015-10-15,2015-10-30,LEY 1.055,"Tierras Fiscales: Desafectando el Inmueble identificado catastralmente como Sección F, Macizo 119, Parcela 1 de la Ciudad de Ushuaia, Autorizando la cesión al Instituto Provincial de Vivienda (I.P.V).","PODER EJECUTIVO PROVINCIAL-TIERRAS FISCALES-INMUEBLE-SECCION F-MACIZO 119-PARCELA 1,USHUAIA-ISNTITUTO PROVINCIAL DE VIVIENDA (I.P.V).",www.saij.gob.ar/LPV0001551
Tierra del Fuego,Ley,1056,"Vigente, de alcance general",2015-08-13,2015-11-02,LEY 1.056,"Ejercicio Profesional de Licenciados en Obstetricia, Licenciados Obstétricos, Obstétricas y Obstétricos en la Provincia de Tierra del Fuego.",PODER EJECUTIVO PROVINCIAL-EJERCICIO PROFESIONAL DE LICENDIADOS EN OBTETRICIA-LICENCIADOS OBSTETRICOS-OBSTETRICAS Y OBSTETRICOS-TIERRA DEL FUEGO ANTARTIDA E ISLAS DEL ATLANTICO SUR-MINISTERIO DE SALUD DE LA PROVINCIA.,www.saij.gob.ar/LPV0001552
Tierra del Fuego,Ley,1057,Derogada,2015-10-15,2015-11-06,LEY 1.057,Las Islas Malvinas son Argentinas: Instalación de dicha leyenda en cartelería gráfica de señalización vial.,MODIFICATORIA LEY PROVINCIAL Nº 1050 (B.O.P.: 11/09/15).PODER EJECUTIVO PROVINCIAL-INSTALACION DE CARTELERIA GRAFICA-SEÑALIZACION VIAL-CARACTER INFORMATIVO-'LAS ISLAS MALVINAS SON ARGENTINA'-RUTA NACIONAL-RUTAS PROVINCIALES-AEROPUERTOS-TIERRA DEL...,www.saij.gob.ar/LPV0001555
Tierra del Fuego,Ley,1058,"Vigente, de alcance general",2015-10-15,2015-11-06,LEY 1.058,"Salud: Cuidado Integral de la Salud de las personas con Enfermedades Poco Frecuentes, Adhesión a la Ley Nacional Nº 26.689.",PODER EJECUTIVO PROVINCIAL-ADHESION-LEY NACIONAL-Nº 26.689-ENFERMEDADES POCO FRECUENTES-SALUD PUBLICA-ENFERMEDADES-INSTITUTO PROVINCIAL AUTARQUICO UNIFICADO DE SEGURIDAD SOCIAL (IPAUSS)-MINISTERIO DE SALUD.,www.saij.gob.ar/LPV0001553
Tierra del Fuego,Ley,1059,"Vigente, de alcance general",2015-10-15,2015-11-06,LEY 1.059,Salud: Instituyese en el Ambito Provincial el 'Día de Lucha contra el Cáncer de Ovario'.,"PODER EJECUTIVO PROVINCIAL-CAMPAÑA DE DIVULGACION-'DIA DE LUCHA CONTRA EL CANCER DE OVARIO'- MEDIOS DE COMUNICACION-CONCIENTIZACION-HOSPITALES PUBLICOS-TIERRA DEL FUEGO,ANTARTIDA E ISLAS DEL ATLANTICO SUR.",www.saij.gob.ar/LPV0001554
Tierra del Fuego,Ley,106,"Vigente, de alcance general",1977-12-21,1978-01-02,Ley 106,Adhesión del territorio de Tierra del Fuego al convenio multilateral suscripto en salta en 1977 (doble imposición).,IMPUESTO-GRAVAMEN-TRIBUTO-DOBLE IMPOSICION-CONVENIO MULTILATERAL- PROTOCOLO ADICIONAL-BASE IMPONIBLE-MODIFICACIONES,www.saij.gob.ar/LPV0000163
Tierra del Fuego,Ley,106,"Individual, Solo Modificatoria o Sin Eficacia",1993-10-26,1993-11-17,Ley 106,n/d,OTORGA PENSION GRACIABLE.- PREVISION SOCIAL-PENSION-PENSION GRACIABLE-DAIANA BETSABE SALAS.,www.saij.gob.ar/LPV0000601
Tierra del Fuego,Ley,1060,"Vigente, de alcance general",2015-12-17,2015-12-30,LEY 1.060,LEY DE MINISTERIOS.,"LEY DE MINISTERIOS-MINISTERIO JEFATURA DE GABINETE-MINISTERIO DE GOBIERNO, JUSTICIA Y SEGURIDAD-MINISTERIO DE ECONOMIA-MINISTERIO DE INDUSTRIA-MINISTERIO DE AGRICULTURA, GANADERIA Y PESCA-MINISTERIO DE SALUD-MINISTERIO DE EDUCACION-MINISTERIO DE...",www.saij.gob.ar/LPV0001556
Tierra del Fuego,Ley,1061,"Vigente, de alcance general",2015-12-30,2016-01-08,LEY 1.061,Presupuesto General de Erogaciones y Cálculos de Recursos de la Administración Pública - Ejercicio 2016.,PRESUPUESTO GENERAL DE EROGACIONES Y CALCULOS DE RECURSOS DE LA ADMINISTRACION PUBLICA - EJERCICIO 2016-ADMINISTRACION CENTRAL-ORGANISMOS DECENTRALIZADOS.,www.saij.gob.ar/LPV0001557
Tierra del Fuego,Ley,1062,"Vigente, de alcance general",2015-12-30,2016-01-08,LEY 1.062,Ley Complementaria Permanente de Presupuesto.,"LEY COMPLEMENTARIA PERMANENTE DE PRESUPUESTO-MODIFICACIONES PRESUPESTARIAS-PODER EJECUTIVO-PODER LEGISLATIVO-PODER JUDICIAL-LEY NACIONAL Nº 25506-LEYES PROVINCIALES Nº 1060, 633, 495, 512, 805, 905, 959.",www.saij.gob.ar/LPV0001558
Tierra del Fuego,Ley,1063,"Vigente, de alcance general",2015-12-30,2016-01-08,LEY 1.063,"Poder Ejecutivo Provincial: Declárese Emergencia de la Infracestructura Edilicia de Establecimientos Educativos, del Sistema Sanitario y de los Servicios de Provisión de Agua Potable, y Tratamiento de Efluentes en la Ciudad de Ushuaia.",PODER EJECUTIVO PROVINCIAL-DECLARAR EMERGENCIA- INFRAESTRUCTURA EDILICIA-ESTABLECIMIENTOS EDUCATIVOS-SISTEMA SANITARIO-AGUA POTABLE-TRATAMIENTO DE EFLUENTES-USHUAIA-LEY NACIONAL Nº 13064-LEY PROVINCIAL-LEY TERRITORIAL.,www.saij.gob.ar/LPV0001559
Tierra del Fuego,Ley,1064,"Vigente, de alcance general",2015-12-30,2016-01-08,LEY 1.064,"Poder Ejecutivo Provincial: Aprobación Convenio Registrado Bajo Nº 103/15, Sobre Programa Federal de Integración Sociocomunitaria Instituto Provincial de Vivienda (I.P.V.).",PODER EJECUTIVO PROVINCIAL-APROBACION CONVENIO Nº 103/15-PROGRAMA FEDERAL-INTEGRACION SOCIOCOMUNITARIA-INSTITUTO PROVINCIAL DE VIVIVENDA (I.P.V.)-DESARROLLO URBANO Y VIVIENDA.,www.saij.gob.ar/LPV0001560
Tierra del Fuego,Ley,1065,"Vigente, de alcance general",2015-12-30,2016-01-09,LEY 1.065,"Poder Ejecutivo Provincial: Aprobación Convenio Registrado Bajo Nº 17.234, Sobre Programa Federal de Desendeudamiento entre la Provincia deTierra del Fuego y el Gobierno Nacional.",PODER EJECUTIVO PROVINCIAL-APROBACION CONVENIO-Nº 17.234-PROGRAMA FEDERAL-DESENDEUDAMIENTO-PROVINCIA DE TIERRA DEL FUEGO-GOBIERNO NACIONAL.,www.saij.gob.ar/LPV0001561
Tierra del Fuego,Ley,1066,"Vigente, de alcance general",2015-12-30,2016-01-09,LEY 1.066,"Poder Ejecutivo Provincial: Aprobación Convenio Registrado Bajo Nº 17.420, Sobre Programa Federal de Desendeudamiento entre la Provincia de Tieraa del Fuego y el Gobierno Nacional.",PODER EJECUTIVO PROVINCIAL-APROBACION CONVENIO Nº 17.420-PROGRAMA FEDERAL-DESENDEUDAMIENTO-TIERRA DEL FUEGO-GOBIERNO NACIONAL.,www.saij.gob.ar/LPV0001562
Tierra del Fuego,Ley,1067,"Vigente, de alcance general",2015-12-30,2016-01-09,LEY 1.067,"Poder Ejecutivo Provincial: Aprobación Convenio Registrado Bajo Nº 17.421, Sobre Asistencia Financiera, entre la Provincia de Tierra del Fuego y el Gobierno Nacional.",PODER EJECUTIVO PROVINCIAL-APROBACION CONVENIO Nº 17.421-ASISTENCIA FINANCIERA-TIERRA DEL FUEGO-GOBIERNO NACIONAL.,www.saij.gob.ar/LPV0001563
Tierra del Fuego,Ley,1068,"Vigente, de alcance general",2016-01-08,2016-01-11,LEY 1.068,"Declara la Emergencia del Sistema de la Seguridad Social de la Provincia de Tierra del Fuego, Antártida e Islas del Atlántico Sur por el Lapso de Dos (2) Años.",DECLARAR EMERGENCIA DEL SISTEMA DE LA SEGURIDAD SOCIAL-PROVINCIA DE TIERRA DEL FUEGO ANTARTIDA E ISLAS DEL ATLANTICO SUR-LAPSO DE DOS (2) AÑOS-PODER LEGISLATIVO-PODER EJECUTIVO-BANCO DE LA PROVINCIA DE TIERRA DEL FUEGO-LEY TERRITORIAL-IPAUSS.,www.saij.gob.ar/LPV0001564
Tierra del Fuego,Ley,1069,"Individual, Solo Modificatoria o Sin Eficacia",2016-01-08,2016-01-13,LEY 1.069,Ley Impositiva - Ejercicio 1999: Modificación.,SOLO MODIFICATORIA LEY 439 (B.O.P.: 01/02/99.) CODIGO FISCAL DE TIERRA DEL FUEGO-MODIFICACION.,www.saij.gob.ar/LPV0001569
Tierra del Fuego,Ley,107,"Vigente, de alcance general",1993-10-26,1993-11-17,Ley 107,"Modificación denominación del banco del territorio Nacional de la Tierra del Fuego, Antártida e islas del Atlántico Sur .",BANCO OFICIALES-BANCO PROVINCIA DE TIERRA DEL FUEGO-MODIFICACION DENOMINACION-ESTATUTO-AUTARQUIA-DOMICILIO LEGAL-CAPITAL-RESERVAS- RESULTADOS-OPERACIONES-EXENCIONES-PRIVILEGIOS-GOBIERNO- ADMINISTRACION-FISCALIZACION.- DEROGA LEY 274.- MODIFICA LEY...,www.saij.gob.ar/LPV0000603
Tierra del Fuego,Ley,107,"Individual, Solo Modificatoria o Sin Eficacia",1977-12-30,1978-02-13,Ley 107.,n/d,MODIFICATORIA DE LEY SIN EFICACIA-PODER EJECUTIVO TERRITORIAL- ADMINISTRACION PUBLICA-PRESUPUESTO GENERAL-EJERCICIO 1977- MODIFICACION.,www.saij.gob.ar/LPV0000320
Tierra del Fuego,Ley,1070,"Vigente, de alcance general",2016-01-08,2016-01-13,LEY 1.070,Caja de Previsión Social de la Provincia de Tierra del Fuego (CPSPTF): Creación.,CAJA DE PREVISION SOCIAL-TIERRA DEL FUEGO-MINISTERIO DE TRABAJO-IPAUSS-LEY TERRITORIAL-PODER EJECUTIVO-CONSTITUCION PROVINCIAL-LEY PROVINCIAL-TIERRA DEL FUEGO.,www.saij.gob.ar/LPV0001565
Tierra del Fuego,Ley,1071,"Vigente, de alcance general",2016-01-08,2016-01-13,LEY 1.071,Obra Social de la Provincia de Tierra del Fuego (OSPTF): Creación.,PODER EJECUTIVO PROVINCIAL-CREACIO OBRA SOIAL-TIERRA DEL FUEGO (OSPTF)-LEYES NACIONALES-CIUDAD DE TOLHUIN-CIUDAD DE RIO GRANDE-PODER LEGISLATIVO-MUNICIPALIDADES.,www.saij.gob.ar/LPV0001566
Tierra del Fuego,Ley,1072,"Individual, Solo Modificatoria o Sin Eficacia",2016-01-08,2016-01-13,LEY 1.072,Régimen Unico de Pensiones Especiales (R.U.P.U.): Modificación.,MODIFICATORIA LEY PROVINCIAL Nº 389 (B.O.P. 06/01/98.) Y 1037 (B.O.P.: 10/04/15.) PODER EJECUTIVO PROVINCIAL-REGIMEN UNICO-PENSIONES ESPECIALES (R.U.P.E.)-LEYES PROVINCIALES-OBRA SOCIAL-COBERTURA MEDICA-SISTEMA PROVINCIAL DE ACOGIMIENTO FAMILIAR.,www.saij.gob.ar/LPV0001570
Tierra del Fuego,Ley,1073,"Vigente, de alcance general",2016-01-08,2016-01-13,LEY 1.073,"Poder Ejecutivo Provincial: Aprobación Convenio Registrado bajo Nº 17.443, sobre Programa Federal de Desendeudamiento entre la Provincia de Tierra del Fuego y el Gobierno Nacional.",PODER EJECUTIVO PROVINCIAL-APROBACION CONVENIO REGISTRADO BAJO Nº 17.443-PROGRAMA FEDERAL-DESENDEUDAMIENTO-TIERRA DEL FUEGO-GOBIERNO NACIONAL.,www.saij.gob.ar/LPV0001567
Tierra del Fuego,Ley,1074,"Vigente, de alcance general",2016-01-08,2016-01-13,LEY 1.074,Agencia de Recaudación Fueguina (AREF): Creación.,PODER EJECUTIVO PROVINCIAL-AGENCIA DE RECAUDACION FUEGUINA-CREACION-MINISTERIO DE ECONOMIA-TIERRA DEL FUEGO-SECRETARIA DE INGRESOS PUBLICOS-SUBSECRETARIA DE CATASTRO-DIRECCION PROVINCIAL DE ASUNTOS DOMINIALES-DIRECCION PROVINCIAL DE...,www.saij.gob.ar/LPV0001568
Tierra del Fuego,Ley,1075,"Vigente, de alcance general",2016-01-08,2016-01-22,LEY 1.075,Código Fiscal Unificado Texto Ordenado por Decreto Provincial Nº 2408/22.,CODIGO FISCAL.,www.saij.gob.ar/LPV0001571
Tierra del Fuego,Ley,1076,"Individual, Solo Modificatoria o Sin Eficacia",2016-01-08,2016-02-24,LEY 1.076,Régimen de Jubilaciones y Pensiones para el Personal de los tres Poderes del Estado Provincial: Modificación.,MODIFICATORIA LEY PROVINCIAL Nº 561 (B.O.P. 27/11/02.).REGIMEN DE JUBILACIONES-SEGURIDAD SOCIAL-PENSIONES-PODER EJECUTIVO PROVINCIAL-PODER LEGISLATIVO PROVINCIAL- PODER JUDICIAL PROVINCIAL.,www.saij.gob.ar/LPV0001572
Tierra del Fuego,Ley,1077,"Vigente, de alcance general",2016-06-16,2016-06-23,LEY 1.077,"Poder Ejecutivo Provincial: Aprobación del acuerdo Nación-Provincias registrado bajo el Nº 17.523, sobre prórroga del acuerdo 26.078, que dispone un esquema de eliminación gradual de la detracción del quince por ciento (15%) de la masa de impuestos coparticipables.",PODER EJECUTIVO PROVINCIAL-APROBACIÓN ACUERDO NACIÓN-PROVINCIAS-LEY NACIONAL Nº 26.078-LEY NACIONAL Nº 24.130-ESQUEMA DE ELIMINACIÓN GRADUAL DE LA DETRACCIÓN DE QUINCE POR CIENTO (15%)-IMPUESTOS COPARTICIPABLES-ESTADO NACIONAL-PROVINCIA DE TIERRA...,www.saij.gob.ar/LPV0001573
Tierra del Fuego,Ley,1078,"Vigente, de alcance general",2016-06-16,2016-06-30,LEY 1.078,"Poder Ejecutivo Provincial: Adhesión a la Ley Nacional Nº 27098, sobre Institución del Régimen de Promoción de los Clubes de Barrio y de Pueblo.",PODER EJECUTIVO PROVINCIAL-ADHESIÓN  LEY NACIONA Nº 27098-INTITUCIÓN RÉGIMEN DE PROMOCIÓN-CLUBES DE BARRIO Y DE PUEBLO.,www.saij.gob.ar/LPV0001574
Tierra del Fuego,Ley,1079,"Vigente, de alcance general",2016-06-16,2016-06-30,LEY 1.079,"Poder Ejecutivo Provincial: Aprobación del Acta Acuerdo registrado bajo Nº 17.396, sobre distribución de las regalías hidrocarburiferas de la expltación 'Vega Pléyade' entre la Provincia y el Ministero de Planificación Federal, Inversion Pública y Servicios de la Nación.","PODER EJECUTIVO PROVINCIAL-APROBACIÓN ACTA ACUERDO-DISTRIBUCIÓN DE REGALÍAS HIDROCARBURÍFERAS-EXPLOTACIÓN 'VEGA PLÉYADE'-PROVINCIA DE TIERRA DEL FUEGO-MINISTERIO DE PLANIFICACIÓN FEDERAL, INVERSIÓN PÚBLICA Y SERVICIOS DE LA NACIÓN.",www.saij.gob.ar/LPV0001575
Tierra del Fuego,Ley,108,"Vigente, de alcance general",1993-11-10,1993-11-24,Ley 108.,Adhesión de la provincia a la ley Nacional 24.224 sobre reordenamiento minero.,ECONOMIA-MINERIA-RECURSOS NATURALES-CODIGO DE MINERIA-CONSEJO FEDERAL DE MINERIA,www.saij.gob.ar/LPV0000604
Tierra del Fuego,Ley,108,"Individual, Solo Modificatoria o Sin Eficacia",1978-03-05,1978-03-05,lEY 108.,n/d,OBJETO CUMPLIDO-IMPUESWTO-GRAVAMEN-TRIBUTO-LEY IMPOSITIVA-EJERCICIO 1978-IMPUESTO DE SELLOS-ACTOS-CONTRATOS-OPERACIONES-TASAS RETRIBUTIVAS-SERVICIOS ESPECIALES-MARCAS-SEÑALES-ACTUACIONES NOTARIALES-INMOBILIARIO-AUTOMOTOR-INGRESOS BRUTOS.,www.saij.gob.ar/LPV0000319
Tierra del Fuego,Ley,1080,"Vigente, de alcance general",2016-06-16,2016-06-30,LEY 1.080,"Poder EJecutivo Provincial: Aprobación convenio y sus anexos registrado bajo Nº 17.466, sobre el Programa Federal de Fortalecimiento Operativo de las Áreas de Seguridad y Salud (PROFEDESS), entre la Provincia y Nación Fideicomisos S.A.",PODER EJECUTIVO PROVINCIAL-APROBACIÓN-CONVENIO Y SUS ANEXOS-PROGRAMA FEDERAL-FORTALECIMIENTO OPERATIVO-SEGURIDAD Y SALUD(PROFEDESS)-PROVICIA DE TIERRA DEL FUEGO-NACIÓN FIDEICOMISOS S.A.,www.saij.gob.ar/LPV0001576
Tierra del Fuego,Ley,1081,"Individual, Solo Modificatoria o Sin Eficacia",2016-06-16,2016-06-30,LEY 1.081,Presupuesto General De Calculos de la Administración Pública: Modificacaión.,MODIFICATORIA LEY PROVINCIAL Nº 1061 (B.O.P. 08/01/2016.) PRESUPUESTO GENERAL DE EROGACIONES Y CALCULOS DE LA ADMINIUSTRACIÓN PÚBLICA.,www.saij.gob.ar/LPV0001577
Tierra del Fuego,Ley,1082,"Vigente, de alcance general",2016-06-16,2016-07-14,LEY 1.082,"Poder Ejecutivo Provincial: Adhesión a la Ley Nacional Nº 26.876, declarando el día 27 de Junio como 'Día del Trabajador del Estado'.",PODER EJECUTIVO PROVICIAL-ADHESIÓN- LEY NACIONAL Nº 26.876-DECLARANDO EL 27 DE JUNIO COMO DÍA DEL TRABAJADOR DEL ESTADO.,www.saij.gob.ar/LPV0001578
Tierra del Fuego,Ley,1083,"Vigente, de alcance general",2016-06-16,2016-07-14,LEY 1.083,Prórroga del plazo establecido por artículo 20 de la Ley Provincial Nº 1068 - Sistema de Seguridad Social de la Provincia sobre determinación de acreencias del I.P.A.U.S.S.-,PRÓRROGA-PLAZO ESTABLECIDO-ARTICULO 20 LEY PROVINCIAL Nº 1068-SISTEMA DE SEGURIDAD SOCIAL DE LA PROVINCIA-DETERMINACIÓN DE ACREENCIAS DEL I.P.A.U.S.S.-,www.saij.gob.ar/LPV0001579
Tierra del Fuego,Ley,1084,"Vigente, de alcance general",2016-06-16,2016-07-14,LEY 1.084,Poder Ejecutivo Provincial: Ex-combatientes. Instituciones destinadas a recordar y honrar como 'Héroe de Malvinas' a todo ex combatiene fallecido en jurisdicción provincial.,PODER EJECUTIVO PROVINCIAL-INSTITUCIONES DESTINADAS A RECORDAR Y HONRAR-'HÉROES DE MALVINAS'-A TODO EXCOMBATIENTE FALLECIDO-EN JURISDICCION PROVINCIAL-LEY PROVINCIAL.,www.saij.gob.ar/LPV0001580
Tierra del Fuego,Ley,1085,"Vigente, de alcance general",2016-06-16,2016-07-14,LEY 1.085,"Tierras Hurbanas Fiscales: Desafectación del inmueble identificado catastralmente como Sección C, Macizo 83, Parcela 1, de la ciudad de Río Grande.","TIERRAS HURBANAS FISCALES-DESAFECTACIÓN INMUEBLE-SECCIÓN C, MACIZO 83, PARCELA 1-CIUDAD DE RIO GRANDE-LEY PROVINCIAL-INSTITUTO PROVINCIAL DE VIVIENDA (IPV).",www.saij.gob.ar/LPV0001581
Tierra del Fuego,Ley,1086,"Vigente, de alcance general",2016-06-16,2016-07-14,LEY 1.086,Código Fiscal: Suspensión del impuesto inmobiliario hasta que la autoridad de aplicación lo resuelva.,CÓDIGO FISCAL-SUSPENSIÓN DEL IMPUESTO INMOBILIARIO-LEYES PROVINCIALES-PODER EJECUTIVO.,www.saij.gob.ar/LPV0001582
Tierra del Fuego,Ley,1087,"Individual, Solo Modificatoria o Sin Eficacia",2016-06-16,2016-07-14,LEY 1.087,Código Contravencional: Modificación.,SOLO MODIFICATORIA: MODIFICA LEY PROVINCIAL Nº 1024 (B.O.P. 19/01/2015.) CÓDIGO CONTRAVENSIONAL.,www.saij.gob.ar/LPV0001590
Tierra del Fuego,Ley,1088,"Vigente, de alcance general",2016-06-16,2016-07-14,LEY 1.088,"Poder Ejecutivo Provincial: Adhesión a la Ley Nacional Nº 27.118, sobre reparación histórica de la agricultura familiar para la construcción de una nueva ruralidad en la Argentina.",PODER EJECUTIVO PROVINCIAL-ADHESIÓN LEY NACIONAL Nº 27.118-REPARACIÓN HISTÓRICA-AGRICULTURA FAMILIAR.,www.saij.gob.ar/LPV0001583
Tierra del Fuego,Ley,1089,"Individual, Solo Modificatoria o Sin Eficacia",2016-06-16,2016-07-14,LEY 1.089,"Colegio Público de Profesionales de Enfermería de la Provincia de Tierra del Fuego, Antártida e Islas del Atlántico Sur: Modificación.","SOLO MODIFICATORIA: MODIFICA LEY PROVINCIAL Nº 927 (B.O.P. 26/04/2013.) COLEGIO PÚBLICO DE PROFESIONALES DE ENFERMERÍA DE LA PROVINCIA DE TIERRA DEL FUEGO, ANTÁRTIDA E ISLAS DEL ATLÁNTICO SUR.",www.saij.gob.ar/LPV0001591
Tierra del Fuego,Ley,109,Derogada,1993-11-10,1993-11-24,*Ley 109,n/d,"NORMA DEROGADA POR LEY P. (B.O.P. 09-06-2000)-SOLO MODIFICATORIA- MODIFICA LEY PROVINCIAL NRO. 91 (B.O.P. 13-06-77) SOBRE AUTORIZACION AL PODER EJECUTIVO PROVINCIAL PARA CONSTITUIR O PARTICIPAR EN SOCIEDADES DE ECONOMIA MIXTA,ANONIMAS CON...",www.saij.gob.ar/LPV0000602
Tierra del Fuego,Ley,1090,"Vigente, de alcance general",2016-07-14,2016-07-28,LEY 1.090,"Poder Ejecutivo Provincial: Autorización de transferir a favor de la Universidad Tecnológica Nacional, el inmueble identificado catastralmente como Sección F, Macizo 1, Parcela 256, Matrícula II - A - 4170 de la ciudad de Río Grande.","PODER EJECUTIVO PROVINCIAL-AUTORIZACIÓN- TRANSFERENCIA-UNIVERSIDAD TECNOLÓGICA NACIONAL-INMUEBLE-SECCIÓN F, MACIZO 1, PARCELA 256, MATRÍCULA II -A- 4170-CIUDAD DE RÍO GRANDE.",www.saij.gob.ar/LPV0001584
Tierra del Fuego,Ley,1091,"Vigente, de alcance general",2016-07-14,2016-07-28,LEY 1.091,Régimen Turístico Provincial - Instituto fueguino de turismo: Derogación Ley Provincial Nº 994.,RÉGIMEN TURÍSTICO PROVINCIAL-INSTITUTO FUEGUINO DE TURISMO-DEROGACIÓN LEY PROVINCIAL Nº 994.,www.saij.gob.ar/LPV0001585
Tierra del Fuego,Ley,1092,"Individual, Solo Modificatoria o Sin Eficacia",2016-07-14,2016-07-28,LEY 1.092,Régimen Turístico Provincial - Instituto Fueguino de Turismo: Modificación.,SOLO MODIFICATORIA: MODIFICA LEY PROVINCIAL Nº 65 (B.O.P. 08/01/93.) RÉGIMEN TURÍSTICO PROVINCIAL - INSTITUTO FUEGUINO DE TURISMO.,www.saij.gob.ar/LPV0001592
Tierra del Fuego,Ley,1093,"Individual, Solo Modificatoria o Sin Eficacia",2016-07-14,2016-07-28,LEY 1.093,Obra Social de la Provincia de Tierra del Fuego (OSPTF): Modificación.,SOLO MODIFICATORIA: MODIFICA LEY PROVINCIAL Nº 1071 (B.O.P.: 13/01/16.) OBRA SOCIAL DE LA PROVINCIA DE TIERRA DEL FUEGO (OSPTF)-IPAUSS.,www.saij.gob.ar/LPV0001593
Tierra del Fuego,Ley,1094,"Individual, Solo Modificatoria o Sin Eficacia",2016-06-14,2016-07-28,LEY 1.094,Presupuesto General de Erogaciones y Cálculo de Recursos de la Administración Pública - Ejercicio 1999: Modificación.,SOLO MODIFICATORIA: MODIFICA LEY PROVINCIAL Nº 1061 (B.O.P. 08/01/2016.) PRESUPUESTO GENERAL DE EROGACIONES Y CÁLCULO DE RECURSOS DE LA ADMINISTRACIÓN PÚBLICA - EJERCICIO 1999-MINISTERIO DE GOBIERNO JUSTICIA Y SEGURIDAD-MINISTERIO DE SALUD.,www.saij.gob.ar/LPV0001594
Tierra del Fuego,Ley,1095,"Individual, Solo Modificatoria o Sin Eficacia",2016-07-14,2016-07-28,LEY 1.095,"Poder Ejecutivo Provincial: Dirección Provincial de Obras y Servicios Sanitarios (DPOSS) - Ampliación y Optimización Planta Potabilizadora Nº 3, Instalación Sistema Cloro Gaseoso: Modificación.",SOLO MODIFICATORIA: MODIFICA LEY PROVINCIAL Nº 938 (B.O.P. 26/07/2013.) DIRECCIÓN PROVINCIAL DE OBRAS Y SERVICIOS SANITARIOS (DPOSS)-AMPLIACIÓN Y OPTIMIZACIÓN-PLANTA POTABILIZADORA Nº 3-INSTALACIÓN SISTEMA CLORO GASEOSO.,www.saij.gob.ar/LPV0001595
Tierra del Fuego,Ley,1096,"Individual, Solo Modificatoria o Sin Eficacia",2016-07-14,2016-07-28,LEY 1.096,Ley Impositiva - Ejercicio 1999: Modificación.,SOLO MODIFICATORIA: MODIFICA LEY PROVINCIAL Nº 440 (B.O.P.: 01/02/99.) LEY IMPOSITIVA - EJERCICIO 1999-INSPECCIÓN GENERAL DE JUSTICIA.,www.saij.gob.ar/LPV0001596
Tierra del Fuego,Ley,1097,"Individual, Solo Modificatoria o Sin Eficacia",2016-07-14,2016-08-01,LEY 1.097,Código Fiscal: Modificación.,SOLO MODIFICATORIA: MODIFICA LEY PROVINCIAL Nº 1075 (B.O.P.: 22/01/16.) CÓDIGO FISCAL.,www.saij.gob.ar/LPV0001597
Tierra del Fuego,Ley,1098,"Vigente, de alcance general",2016-07-14,2016-08-01,LEY 1.098,Poder Ejecutivo Provincial - Secretaría de Estado de Seguridad: Creación.,PODER EJECUTIVO PROVINCIAL-SECRETARÍA DE ESTADO DE SEGURIDAD-CREACIÓN-LEY PROVINCIAL.,www.saij.gob.ar/LPV0001586
Tierra del Fuego,Ley,1099,"Individual, Solo Modificatoria o Sin Eficacia",2016-07-14,2016-08-01,LEY 1.099,Fondo para el Desarrollo de la Tele-Radiodifusión Provincial: Modificación.,SOLO MODIFICATORIA: MODIFICA LEY PROVINCIAL Nº 266 (B.O.P. 05/01/96.) FONDO PARA EL DESARROLLO DE LA TELE-RADIODIFUSIÓN PROVINCIAL.,www.saij.gob.ar/LPV0001598
Tierra del Fuego,Ley,11,"Individual, Solo Modificatoria o Sin Eficacia",1971-12-21,1972-01-24,LEY 11,Código fiscal,LEY SIN EFICACIA POR NUEVO REGIMEN POR LEY 480-CODIGO FISCAL- OBLIGACION FISCAL-DIRECCION GENERAL DE RENTAS:FUNCIONES-FACULTADES -IMPUESTOS-GRAVAMENES-TASAS-CONTRIBUCIONES-DOMICILIO FISCAL-...,www.saij.gob.ar/LPV0000185
Tierra del Fuego,Ley,11,"Individual, Solo Modificatoria o Sin Eficacia",1992-05-14,1992-06-10,Ley 11,n/d,MODIFICA LEY TERRITORIAL NRO. 480 SOBRE CODIGO FISCAL.- CODIGO FISCAL-LEY FISCAL-OBLIGACION FISCAL-DIRECCION GENERAL DE RENTAS-FUNCIONES-FACULTADES-IMPUESTOS-GRAVAMENES-TASAS- CONTRIBUCIONES-DOMICILIO FISCAL-CONTRIBUYENTE-OBLIGACIONES-DEBERES-...,www.saij.gob.ar/LPV0000386
Tierra del Fuego,Ley,110,"Vigente, de alcance general",1993-11-10,1993-11-24,LEY 110,Ley Orgánica del Poder Judicial,PODER JUDICIAL-INTEGRACION-DISTRITOS-REGIMEN INTERNO-POTESTAD DISCIPLINARIA-FERIA JUDICIAL-ORGANOS JUDICIALES-SUPERIOR TRIBUNAL DE JUSTICIA-TRIBUNAL DE JUICIO EN LO CRIMINAL-JUZGADO CORRECCIONAL- JUZGADO DE INSTRUCCION-CAMARA DE APELACIONES-JUZGADO...,www.saij.gob.ar/LPV0000605
Tierra del Fuego,Ley,110,"Individual, Solo Modificatoria o Sin Eficacia",1978-03-22,1978-04-03,Ley 110.,n/d,"SUSTITUYE ARTICULOS 34,35 Y 49 DE LA LEY TERRITORIAL NRO. 011 CODIGO FISCAL.- CODIGO FISCAL-LEY FISCAL-OBLIGACION FISCAL-DIRECCION GENERAL DE RENTAS-FUNCIONES-FACULTADES-IMPUESTOS-GRAVAMENES-TASAS- CONTRIBUCIONES-DOMICILIO...",www.saij.gob.ar/LPV0000457
Tierra del Fuego,Ley,1100,"Vigente, de alcance general",2016-07-14,2016-08-01,LEY 1.100,Poder Ejecutivo Provincial: Dirección Provincial de Energía - Declaración de Emergencia del Sector Eléctrico de la Ciudad de Ushuaia.,PODER EJECUTIVO PROVINCIAL-DIRECCIÓN PROVINCIAL DE ENERGÍA-EMERGENCIA-SECTOR ELÉCTRICO-CIUDAD DE USHUAIA.,www.saij.gob.ar/LPV0001587
Tierra del Fuego,Ley,1101,"Vigente, de alcance general",2016-07-14,2016-08-01,LEY 1.101,Dirección Provincial de Energía: Exceptúese del pago del servicio por el término de 24 meses a la 'Asociación casa del niño San Francisco de Asis'.,DIRECCIÓN PROVINCIAL DE ENERGÍA-ESCEPTÚESE DEL PAGO DEL SERVICIO-24 MESES-'ASOCIACIÓN CASA DEL NIÑO SAN FRANCISCO DE ASIS'.,www.saij.gob.ar/LPV0001588
Tierra del Fuego,Ley,1102,"Vigente, de alcance general",2016-07-14,2016-08-01,LEY 1.102,Régimen de Regulación de Deudas Tributarias.,RÉGIMEN DE REGULARIZACIÓN DE DEUDAS TRIBUTARIAS-CÓDIGO FISCAL UNIFICADO-LEY PROVINCIAL-CÓDIGO FISCAL-AGENCIA DE RECAUDACIÓN FUEGUINA (AREF)-TIERRA DEL FUEGO.,www.saij.gob.ar/LPV0001589
Tierra del Fuego,Ley,1103,"Individual, Solo Modificatoria o Sin Eficacia",2016-07-14,2016-08-04,LEY 1.103,Ley Transito y Seguridad Vial. Adhesión Ley Nacional Nº 24.449: Modificación.,SOLO MODIFICATORIA: MODIFICA LEY PROVINCIAL Nº 982 (B.O.P.: 27/06/14.) LEY TRANSITO Y SEGURIDAD VIAL. ADHESIÓN LEY NACIONAL Nº 24.449.,www.saij.gob.ar/LPV0001599
Tierra del Fuego,Ley,1104,"Individual, Solo Modificatoria o Sin Eficacia",2016-07-14,2016-08-04,LEY 1.104,Licencia Especial para la Mujer Golpeada: Modificación.,SOLO MODIFICATORIA: MODIFICA LEY TERRITORIAL Nº 473 (B.O.T. 21/10/91.) LICENCIA ESPECIAL PARA LA MUJER GOLPEADA.,www.saij.gob.ar/LPV0001600
Tierra del Fuego,Ley,1105,Derogada,2016-08-18,2016-09-06,LEY 1.105,Ley Tránsito y Seguridad Vial. Adhesión Ley Nacional Nº 24.449: Derogación.,DEROGACIÓN LEY PROVINCIAL Nº 1103 (B.O.P. 04/08/2016) LEY TRÁNSITO Y SEGURIDAD VIAL. ADHESIÓN LEY NACIONAL Nº 24.449.,www.saij.gob.ar/LPV0001601
Tierra del Fuego,Ley,1106,"Vigente, de alcance general",2016-08-18,2016-09-06,LEY 1.106,"Institúyese en el ámbito de la Provincia, el 'Día del Maestro Bicontinental Argentino' al 11 de Marzo de cada año.","INSTITÚYESE EN EL ÁMBITO DE LA POVINCIA DE TIERRA DEL FUEGO, EL 'DÍA DEL MAESTRO BICONTINENTAL ARGENTINO' AL 11 DE MARZO DE CADA AÑO-RECONOCER LA LABOR DE LOS DOCENTES ANTÁRTICOS FUEGUINOS-ESCUELA Nº 38 'PRESIDENTE RAÚL RICARDO ALFONSIN'.",www.saij.gob.ar/LPV0001602
Tierra del Fuego,Ley,1107,"Vigente, de alcance general",2016-08-18,2016-09-06,LEY 1.107,Poder Ejecutivo Provincial: Consejo Asesor Observatorio Antártida: Creación.,PODER EJECUTIVO PROVINCIAL-CONSEJO ASESOR OBSERVATORIO ANTÁRTIDA-CRACIÓN-ASUNTOS RELATIVOS A ANTÁRTIDA-ISLAS MALVINAS Y DEL ATLÁNTICO SUR-ESPACIOS MARÍTIMOS CIRCUNDANTES.,www.saij.gob.ar/LPV0001603
Tierra del Fuego,Ley,1108,"Vigente, de alcance general",2016-06-18,2016-09-06,LEY 1.108,Declaración Patrimonio Cultural Provincial las Actividades de la Biblioteca Popular Sarmiento.,DECLARACIÓN PATRIMONIO CULTURAL-LAS ACTIVIDADES DE LA BIBLIOTECA POPULAR SARMIENTO.,www.saij.gob.ar/LPV0001604
Tierra del Fuego,Ley,1109,"Individual, Solo Modificatoria o Sin Eficacia",2016-08-18,2016-09-06,LEY 1.109,Ley Tránsito y Seguridad Vial. Adhesión Ley Nacional Nº 24.449: Modificación.,SOLO MODIFICATORIA LEY PROVINCIAL Nº 376 (B.O.P. 17/09/97.) LEY TRÁNSITO Y SEGURIDAD VIAL-ADHESIÓN LEY NACIONAL Nº 24.449-MUNICIPIO DE LA CIUDAD DE USHUAIA-TOLHUIN-RÍO GRANDE.,www.saij.gob.ar/LPV0001605
Tierra del Fuego,Ley,111,Derogada,1978-06-06,1978-06-19,LEY 111,Defensa civil,DEFENSA CIVIL:CONCEPTO-DESASTRE NACIONAL-ESTADO DE EMERGENCIA-ZONA DE DESASTRE-DIRECCION DE DEFENSA CIVIL-MISION Y FUNCIONES- RESPONSABILIDAD DEL ESTADO-CARGA PUBLICA-SERVICIOS VOLUNTARIOS- INFRACCIONES-SANCIONES-MULTAS-JUNTA TERRITORIAL DE DEFENSA...,www.saij.gob.ar/LPV0000162
Tierra del Fuego,Ley,111,"Individual, Solo Modificatoria o Sin Eficacia",1993-11-25,1993-12-06,LEY 111,n/d,MODIFICA LEY P. 59 SOBRE PRESUPUESTO 1993- PODER EJECUTIVO PROVINCIAL-ADMINISTRACION PUBLICA-CENTRAL- PRESUPUESTO GENERAL-PRESUPUESTO-ADMINISTRACION GENERAL-DIRECCION- OBRAS Y SERVICIOS PUBLICOS-ENERGIA-SEGURIDAD-SALUD-BIENESTAR SOCIAL...,www.saij.gob.ar/LPV0000623
Tierra del Fuego,Ley,1111,"Individual, Solo Modificatoria o Sin Eficacia",2016-08-18,2016-09-12,LEY 1.111,Turismo: Desarrollo Integral y Armónico de la Actividad para Consolidad el Potencial Económico Provincial: Modificación.,SOLO MODIFICATORIA LEY PROVINCIAL Nº 1048 (B.O.P.: 31/08/15.) TURISMO-DESARROLLO INTEGRAL Y ARMÓNICO DE LA ACTIVIDAD PARA CONSOLIDAR EL POTENCIAL ECONÓMICO PROVINCIAL-AGENCIA DE RECAUDACIÓN FUEGUINA (AREF).,www.saij.gob.ar/LPV0001607
Tierra del Fuego,Ley,1112,"Vigente, de alcance general",2016-09-15,2016-09-30,LEY 1.112,"Poder Ejecutivo Provincial: Ratificación decreto provincial Nº 1367/16, sobre adhesión Régimen de Redeterminación de Precios de Contratos de Obra Pública y de Consultoría de Obra Pública de la Administración Pública Nacional.",PODER EJECUTIVO PROVINCIAL-RATIFICACIÓN DECRETO PROVINCIAL-ADHESIÓN-RÉGIMEN DE REDETERMINACIÓN DE PRECIOS DE CONTRATOS DE OBRA PÚBLICA-CONSULTORÍA DE OBRA PÚBLICA DE LA ADMINISTRACIÓN PÚBLICA NACIONAL.,www.saij.gob.ar/LPV0001608
Tierra del Fuego,Ley,1113,"Vigente, de alcance general",2016-09-15,2016-09-30,LEY 1.113,"Poder Ejecutivo Provincial: Aprobación del Acta Acuerdo Registrado bajo Nº 17564, referente a la implementación de Acuerdos Nación-Provincias, ratificado por Decreto Provincial Nº 1496/16.","PODER EJECUTIVO PROVINCIAL-APROBACIÓN-ACTA ACUERDO-NACIÓN-PROVINCIAS-DECRETO PROVINCIAL-TIERRA DEL FUEGO, ANTÁRTIDA E ISLAS DEL ATLÁNTICO SUR.",www.saij.gob.ar/LPV0001609
Tierra del Fuego,Ley,1114,"Vigente, de alcance general",2016-09-15,2016-09-30,LEY 1.114,"Poder Ejecutivo Provincial: Aprobación de Acta Acuerdo Registrado bajo Nº 17565, Referente al Préstamo con Recursos del Fondo de Garantía de Sustentabilidad del Sistema Integrado Previsional Argentino, Ratificado por Decreto Provincial Nº 1497/16.","PODER EJECUTIVO PROVINCIAL-APROBACIÓN ACTA ACUERDO-PRÉSTAMO DE RECURSOS-FONDO DE GARANTÍA DE SUSTENTABILIDAD DEL SISTEMA INTEGRADO PREVISIONAL ARGENTINO-DECRETO PROVINCIAL-TIERRA DEL FUEGO, ANTÁRTIDA E ISLAS DEL ATLÁNTICO SUR.",www.saij.gob.ar/LPV0001610
Tierra del Fuego,Ley,1116,"Vigente, de alcance general",2016-09-15,2016-10-05,LEY 1.116,"Poder Ejecutivo Provincial: Adhesión Ley Nacional Nº 26.654, sobre Régimen Especial para Servicios de Transporte Turístico Terrestre, para operar en el 'Corredor de los Lagos Andino Patagónicos'.",PODER EJECUTIVO PROVINCIAL-ADHESIÓN-LEY NACIONAL Nº 26.654-RÉGIMEN ESPECIAL-SERVICIOS DE TRANSPORTE TURÍSTICO TERRESTRE-OPERAR-'CORREDOR DE LOS LAGOS ANDINO PATAGONICOS'.,www.saij.gob.ar/LPV0001611
Tierra del Fuego,Ley,1117,"Vigente, de alcance general",2016-10-21,2016-11-04,LEY 1.117,Deudas de Obras Sociales y Empresas de Medicina Prepaga: Régimen de Regularización de Deudas.,"DEUDAS DE OBRAS SOCIALES Y EMPRESAS DE MEDICINA PREPAGA: RÉGIMEN DE REGULARIZACIÓN DE DEUDAS-MINISTERIO DE SALUD-TIERRA DEL FUEGO, ANTÁRTIDA E ISLAS DEL ATLÁNTICO SUR.",www.saij.gob.ar/LPV0001613
Tierra del Fuego,Ley,1118,"Vigente, de alcance general",2016-10-21,2016-11-04,LEY 1.118,"Dirección Provincial de Obras y Servicios Sanitarios - Dirección Provincial de Energía: Exceptuando del pago de Servicios, por el termino de 24 meses, a la 'Cooperativa de Trabajo Limitada Renacer Ex - Aurora'.","Dirección Provincial de Obras y Servicios Sanitarios - Dirección Provincial de Energía: Exceptuando del pago de Servicios, por el termino de 24 meses, a la 'Cooperativa de Trabajo Limitada Renacer Ex-Aurora'.",www.saij.gob.ar/LPV0001614
Tierra del Fuego,Ley,1119,"Individual, Solo Modificatoria o Sin Eficacia",2016-10-21,2016-11-04,LEY 1.119,Residuos Peligrosos - Medio Ambiente: Modificación.,"SOLO MODIFICATORIA LEY PROVINCIAL Nº 105 (B.O.P. 15/11/93.) - LEY PROVINCIAL Nº 055 MEDIO AMBIENTE (B.O.P. 30/12/92.) TRATAMIENTO DE RESIDUOS PELIGROSOS-PROTECCIÓN DEL MEDIO AMBIENTE-SECRETARÍA DE AMBIENTE, DESARROLLO SOSTENIBLE Y CAMBIO...",www.saij.gob.ar/LPV0001616
Tierra del Fuego,Ley,112,"Vigente, de alcance general",1993-11-10,1993-12-06,Ley 112,Utilización  de  nuevo membrete en la papelería de uso oficial en  el ámbito de la provincia.,PODER EJECUTIVO-PODER LEGISLATIVO-PODER JUDICIAL-USO OFICIAL- MEMBRETE,www.saij.gob.ar/LPV0000611
Tierra del Fuego,Ley,112,"Individual, Solo Modificatoria o Sin Eficacia",1978-06-08,1978-06-08,Ley 112.,n/d,OBJETO CUMPLIDO-PODER EJECUTIVO TERRITORIAL-ADMINISTRACION PUBLICA- PRESUPUESTO GENERAL-EJERCICIO 1978.,www.saij.gob.ar/LPV0000318
Tierra del Fuego,Ley,1120,"Individual, Solo Modificatoria o Sin Eficacia",2016-10-21,2016-11-04,LEY 1.120,Caja de Previsión Social de la Provincia de Tierra del Fuego (CPSPTF). - Obra Social de la Provincia de Tierra del Fuego (OSPTF).: Modificación.,SOLO MODIFICATORIA LEY PROVINCIAL Nº 1070 (B.O.P.: 13/01/16.) - LEY PROVINCIAL Nº 1071 (B.O.P.: 13/01/16.) CAJA DE PREVISIÓN SOCIAL DE LA PROVINCIA DE TIERRQA DEL FUEGO (CPSPTF)-OBRA SOCIAL DE LA PROVICIA DE TIERRA DEL FUEGO (OSPTF)-IPAUSS.,www.saij.gob.ar/LPV0001617
Tierra del Fuego,Ley,1121,"Individual, Solo Modificatoria o Sin Eficacia",2016-10-21,2016-11-04,LEY 1.121,Turismo: Desarrollo Integral y Armónico de la Actividad para Consolidar el Potencial Económico Provincial: Modificación.,SOLO MODIFICATORIA LEY PROVINCIAL Nº 1048 (B.O.P.: 31/08/15.) TURISMO-DESARROLLO INTEGRAL Y ARMÓNICO DE LA ACTIVIDAD PARA CONSOLIDAR EL POTENCIAL ECONÓMICO PROVINCIAL-AGENCIA DE RECAUDACIÓN FUEGUINA (AREF).,www.saij.gob.ar/LPV0001121
Tierra del Fuego,Ley,1122,"Vigente, de alcance general",2016-10-21,2016-11-04,LEY 1.122,"Adhesión al Sistema Voluntario de Declaración de tenencia de Moneda Nacional y Extranjera, dispuesto en la Ley Nacional Nº 27.260, sobre 'Programa Nacional de reparación Histórica para Jubilados y Pensionados'.",ADHESIÓN SISTEMA VOLUNTARIO DECLARACIÓN TENENCIA MONEDA NACIONAL Y EXTRANJERA-LEY NACIONAL Nº 27.260-'PROGRAMA NACIONAL DE REPARACIÓN HISTÓRICA PARA JUBILADOS Y PENSIONADOS'-AGENCIA DE RECAUDACIÓN FUEGUINA (AREF)-TIERRA DEL FUEGO ANTÁRTIDA E ISLAS...,www.saij.gob.ar/LPV0001615
Tierra del Fuego,Ley,1123,"Vigente, de alcance general",2016-10-21,2016-11-16,LEY 1.123,"Poder Ejecutivo Provincial: Adhesión a la Ley Nacional Nº 26.835, sobre Promoción y Capacitación en las Técnicas de Reanimación Cardiopulmonar Básicas (RCP).","PODER EJECUTIVO PROVINCIAL-ADHESIÓN LEY NACIONAL Nº 26.835-PROMOCIÓN Y CAPACITACIÓN EN LAS TÉCNICAS DE REANIMACIÓN CARDIOPULMONAR BÁSICAS(RCP)-MINISTERIO DE EDUCACIÓN-MINISTERIO DE SALUD-TIERRA DEL FUEGO, ANTÁRTIDA E ISLAS DEL ATLÁNTICO SUR.",www.saij.gob.ar/LPV1001123
Tierra del Fuego,Ley,1127,"Vigente, de alcance general",2016-11-30,2017-01-02,LEY 1.127,Poder Ejecutivo Provincial: Comisaría Preventora de la Violencia de Género.,"PODER EJECUTIVO PROVINCIAL-CREACIÓN DE LA COMISARÍA PREVENTORA DE LA VIOLENCIA DE GÉNERO-TIERRA DEL FUEGO, ANTÁRTIDA E ISLAS DEL ATLÁNTICO SUR.",www.saij.gob.ar/LPV0001623
Tierra del Fuego,Ley,113,"Vigente, de alcance general",1978-09-22,1978-10-02,Ley 113,Creación de la junta de clasificación y disciplina,EDUCACION-DOCENTES-JUNTAS DE CLASIFICACION-JUNTAS DE DISCIPLINA- CREACION DE ORGANISMOS-ESTATUTO DEL DOCENTE-CONCURSOS DE TITULARIDAD,www.saij.gob.ar/LPV0000161
Tierra del Fuego,Ley,113,"Vigente, de alcance general",1993-11-25,1993-12-24,Ley 113,Negociación colectiva de trabajo para el personal de la administración publica provincial,ADMINISTRACION PUBLICA PROVINCIAL-TRABAJO-CONVENCIONES COLECTIVAS DE TRABAJO-CONVENIOS-COMISION PARITARIA-REPRESENTANTES-INTEGRANTES- AUTORIDAD DE APLICACION-VIGENCIA-NORMAS-APLICACION-COMISION CONCILIADORA-SISTEMAS DE NEGOCIACION.,www.saij.gob.ar/LPV0000608
Tierra del Fuego,Ley,1132,"Vigente, de alcance general",2016-12-15,2017-01-02,LEY 1.132,Presupuesto General de Gastos y Recursos de la Administración Central y Organismos Descentralizados - Ejercicio 2017.,PRESUPUESTO GENERAL DE GASTOS Y RECURSOS DE LA ADMINISTRACIÓN CENTRAL Y ORGANISMOS DESCENTRALIZADOS-EJERCICIO 2017.,www.saij.gob.ar/LPV0001627
Tierra del Fuego,Ley,1137,"Individual, Solo Modificatoria o Sin Eficacia",2016-12-15,2017-01-06,LEY 1.137,Ley de Ministerios: Modificación.,"SOLO MODIFICATORIA LEY PROVINCIAL Nº 1060 (B.O.P.:30/12/15.) LEY DE MINISTERIOS-MODIFICACIÓN-MINISTERIO DE OBRAS Y SERVICIOS PÚBLICOS-TIERRA DEL FUEGO, ANTÁRTIDA E ISLAS DEL ATLÁNTICO SUR.",www.saij.gob.ar/LPV0001634
Tierra del Fuego,Ley,1138,"Vigente, de alcance general",2016-12-15,2017-01-06,LEY 1.138,"Actualización de tasas retributivas de Servicios especiales del Ministerio de Gobierno, Trabajo y Justicia","Actualización de tasas retributivas de Servicios especiales del Ministerio de Gobierno, Trabajo y Justicia. Modificación del artículo 10 de la ley provincial 440.",www.saij.gob.ar/LPV1001138
Tierra del Fuego,Ley,114,Derogada,1993-11-25,1993-12-24,Ley 114.,Pesca de centolla y centollón.,PESCA-PESCA COMERCIAL-CRUSTACEOS MARINOS-CENTOLLA-CENTOLLON- COMERCIALIZACION-PROHIBICIONES-AUTORIDAD DE APLICACION.,www.saij.gob.ar/LPV0000609
Tierra del Fuego,Ley,114,"Individual, Solo Modificatoria o Sin Eficacia",1978-10-02,1978-10-16,Ley 114.,n/d,PRIVATIZACION DE LA CURTIEMBRE RIO GRANDE S.A.- GOBERNACION-MUNICIPALIDAD-RIO GRANDE-INDUSTRIA-EMPRESA-CURTIEMBRE- LICITACION PUBLICA-TRANSFERENCIA-ACTIVIDAD PRIVADA-PRIVATIZACION.,www.saij.gob.ar/LPV0000536
Tierra del Fuego,Ley,1141,Derogada,2016-12-15,2017-01-06,LEY 1.141,Código Contravencional: Modificación,"NOTA DE REDACCIÓN: Derogada por Art. 2º Ley Provincial Nº 1262 (B.O.P.: 26/12/18).SOLO MODIFICATORIA LEY PROVINCIAL Nº 1024 (B.O.P. 19/01/2015.) CÓDIGO CONTRAVENCIONAL-MODIFICACIÓN DE LA LEY-TIERRA DEL FUEGO, ANTÁRTIDA E ISLAS DEL ATLÁNTICO SUR.",www.saij.gob.ar/LPV0001638
Tierra del Fuego,Ley,1142,"Vigente, de alcance general",2016-12-15,2017-01-06,LEY 1.142,"Poder Ejecutivo Provincial: Emisión de Títulos de Deuda, Autorizados por la Ley Provincial Nº 1061, y los Recursos Obtenidos a través del Fondo de Garantía de Sustentabilidad Ley Nacional Nº 27.260","PODER EJECUTIVO PROVINCIAL- EMISIÓN DE TÍTULOS DE DEUDA-AUTORIZADOS POR LA LEY PROVINCIAL Nº 1061-RECURSOS OBTENIDOS-FONDO DE GARANTÍA DE SUSTENTABILIDAD-LEY NACIONAL Nº 27.260-MINISTERIO DE ECONOMÍA-TIERRA DEL FUEGO, ANTÁRTIDA E ISLAS DEL ATLÁNTICO...",www.saij.gob.ar/LPV0001633
Tierra del Fuego,Ley,1146,"Vigente, de alcance general",2016-12-15,2017-01-12,LEY 1.146,Poder Ejecutivo Provincial: Programa de Manejo de Poblaciones de Perro.,"PODER EJECUTIVO PROVINCIAL-PERRO ASILVESTRADO-PROGRAMA DE MANEJO-SECRETARÍA DE AMBIENTE, DESARROLLO SOSTENIBLE Y CAMBIO CLIMÁTICO-TIERRA DEL FUEGO, ANTÁRTIDA E ISLAS DEL ATLÁNTICO SUR.",www.saij.gob.ar/LPV0001641
Tierra del Fuego,Ley,1149,"Individual, Solo Modificatoria o Sin Eficacia",2017-03-01,2017-03-02,LEY 1.149,"Poder Ejecutivo Provincial: Emisión de Títulos de Deuda, Autorizados por la Ley Provincial Nº 1061, y los Recursos Obtenidos a través del Fondo de Garantía de Sustentabilidad Ley Nacional Nº 27.260: Modificación.",SOLO MODIFICATORIA LEY PROVINCIAL Nº 1142 (B.O.P.: 06/01/17.) PODER EJECUTIVO PROVINCIAL-EMISIÓN DE TÍTULOS DE DEUDA-AUTORIZADOS-LEY PROVINCIAL Nº 1061-FONDO DE GARANTÍA DE SUSTENTABILIDAD LEY NACIONAL Nº 27.260-MINISTERIO DE ECONOMÍA.,www.saij.gob.ar/LPV0001645
Tierra del Fuego,Ley,115,Derogada,1978-10-13,1978-10-30,Ley 115,n/d,DEROGADA POR LEY 148 (B.O. 21-07-80) SOBRE RATIFICACION MARCAS Y SEÑALES.- PODER EJECUTIVO TERRITORIAL-CODIGO RURAL-MARCAS-SEÑALES-REGISTRO DE MARCAS Y SEÑALES-PLAZO.,www.saij.gob.ar/LPV0000226
Tierra del Fuego,Ley,115,"Individual, Solo Modificatoria o Sin Eficacia",1993-11-25,1993-12-24,Ley 115,n/d,MODIFICA LEY PROVINCIAL NRO. 88 SOBRE CREACION DEL INSTITUTO PROVINCIAL DE REGULACION DE APUESTAS.- MINISTERIO DE SALUD Y ACCION SOCIAL-DIRECCION DE JUEGOS DE AZAR- INSTITUTO PROVINCIAL DE REGULACION DE APUESTAS-IPRA-CREACION DE ORGANISMOS-MISION Y...,www.saij.gob.ar/LPV0000615
Tierra del Fuego,Ley,1151,"Vigente, de alcance general",2017-03-30,2017-05-03,LEY 1.151,"Adhesión al Régimen de Fomento para el Uso de Fuentes Renovables de Energía, para la Producción de Energía Eléctrica","Adhesión a la Ley Nacional sobre el Régimen de Fomento Nacional para el Uso de Fuentes Renovables de Energía, Destinadas a la Producción de Energía Eléctrica, 27.191.",www.saij.gob.ar/LPV1001151
Tierra del Fuego,Ley,1152,"Vigente, de alcance general",2017-04-30,2017-05-03,LEY 1.152,Declaración de la Emergencia Habitacional y de Infraestructura Edilicia y Equipamiento Comunitario,"Declaración de la Emergencia Habitacional y de Infraestructura Edilicia y Equipamiento Comunitario, en todo el ámbito de la Provincia. Procedimiento para las compras y contrataciones de bienes y servicios.",www.saij.gob.ar/LPV1001152
Tierra del Fuego,Ley,1153,"Vigente, de alcance general",2017-03-30,2017-05-03,LEY 1.153,"Poder Ejecutivo Provincial: Adjudica a la Caja de Previsión Social de la Provincia, Los Bienes Registrables que integren el Patrimonio del Ex Instituto Provincial Autarquico Unificado de Seguridad Social (IPAUSS).","PODER EJECUTIVO PROVINCIAL-CAJA DE PREVISION SOCIAL DE LA PROVINCIA DE TIERRA DEL FUEGO, ANTARTIDA E ISLAS DEL ATLATNTICO SUR-BIENES REGISTRABLES-INTEGRAN PATRIMONIO DEL EX INSTITUTO PROVINCIAL AUTARQUICO UNIFICADO DE SEGURIDAD SOCIAL (IPAUSS)-OBRA...",www.saij.gob.ar/LPV0001649
Tierra del Fuego,Ley,1154,"Vigente, de alcance general",2017-03-30,2017-05-08,LEY 1.154,Declaración de la Marcha de Malvinas como la canción oficial de la Provincia,"Obligatoriedad entonar la Marcha de Malvinas al finalizar los actos institucionales, oficiales y militares, declarada como canción oficial.",www.saij.gob.ar/LPV1001154
Tierra del Fuego,Ley,1156,"Vigente, de alcance general",2017-03-30,2017-05-11,LEY 1.156,Aprobación de la ley de conflictos y contiendas interadministrativas. Alcance. Requisitos. Ley aplicable para los plazos,"Aprobación de la ley de conflictos y contiendas interadministrativas. Exclusión de reclamos referidos a: aportes, contribuciones, recargos e intereses adeudados al sistema de asistencia previsional. Requisitos. Ley aplicable a efectos de los plazos.",www.saij.gob.ar/LPV1001156
Tierra del Fuego,Ley,1157,"Individual, Solo Modificatoria o Sin Eficacia",2017-05-18,2017-06-13,LEY 1.557,Presupuesto General de Gastos y Recursos de la Administración Central y Organismos Descentralizados - Ejercicio 2017: Modificación.,SOLO MODIFICATORIA LEY PROVINCIAL Nº 1132 (B.O.P.: 02/01/17.) PRESUPUESTO GENERAL DE GASTOS Y RECURSOS DE LA ADMINISTRACIÓN CENTRAL Y ORGANISMOS DESCENTRALIZADOS - EJERCICI 2017-MINISTERIO DE SALUD-MINISTRO DE ECONOMÍA.,www.saij.gob.ar/LPV0001655
Tierra del Fuego,Ley,1158,"Vigente, de alcance general",2017-05-18,2017-06-13,LEY 1.158,Adhesión provincial a las Pautas del Régimen Federal de Responsabilidad Fiscal para el ejercicio 2017,"Adhesión provincial a las Pautas del Régimen Federal de Responsabilidad Fiscal para el ejercicio 2017, dispuesto en el Capítulo IX de la Ley Nacional 27.341. Adhesión a la prórroga del ejercicio",www.saij.gob.ar/LPV1001158
Tierra del Fuego,Ley,1159,"Vigente, de alcance general",2017-05-18,2017-06-13,LEY 1.159,Aprobación de la Carta de Intención para el Fortalecimiento del Federalismo,"Distribución de los recursos fiscales entre las distintas jurisdicciones del país. Aprobación de la Carta de Intención para el Fortalecimiento del Federalismo, celebrada el 2 de agosto de 2016.",www.saij.gob.ar/LPV1001159
Tierra del Fuego,Ley,116,"Vigente, de alcance general",1993-12-06,1993-12-24,Ley 116,Creación del fondo permanente de apoyo al personal residente en las bases antárticas.,ANTARTIDA ARGENTINA-BASES ANTARTICAS-FONDO PERMANENTE DE APOYO- SECRETARIA GENERAL DE LA GOBERNACION-AUTORIDAD DE APLICACION.,www.saij.gob.ar/LPV0000610
Tierra del Fuego,Ley,116,"Individual, Solo Modificatoria o Sin Eficacia",1978-10-23,1978-11-06,Ley 116.,n/d,DISPONE EXPROPIACION POR INTEVU DE INMUEBLES DE EDUARDO VAN AKEN SCA-GOBERNACION-INTEVU-INMUEBLES-CIUDAD-RIO GRANDE-EXPROPIACION- EDUARDO VAN AKEN SCA.,www.saij.gob.ar/LPV0000535
Tierra del Fuego,Ley,1160,"Individual, Solo Modificatoria o Sin Eficacia",2017-05-18,2017-06-13,LEY 1.160,Educación: Subsidio al Personal que se Desempeña en Establecimientos Educativos: Derogación Leyes Territoriales 280 y 295.,SOLO MODIFICATORIA LEY TERRITORIAL 280 (B.O.T. 22/09/86.) SOLO MODIFICATORIA LEY TERRITORIAL 295 (B.O.T. 22/06/87.) DEROGACIÓN DE LAS LEYES TERRITORIALES 280 Y 295.,www.saij.gob.ar/LPV0001656
Tierra del Fuego,Ley,1161,"Vigente, de alcance general",2017-05-18,2017-06-14,LEY 1.161,Adhesión de la provincia a la ley nacional 27.328 que implementa el régimen de Contratos de Participación Público-Privada,Adhesión de la provincia a la ley nacional 27.328 que implementa el régimen de Contratos de Participación Público-Privada.,www.saij.gob.ar/LPV0002161
Tierra del Fuego,Ley,1162,"Vigente, de alcance general",2017-05-18,2017-06-14,LEY 1.162,"Poder Ejecutivo Provincial: Adhesión a la Ley Nacional Nº 27.043, Declarando de Interés Nacional el Abordaje Integral e Interdisciplinario de las Personas que presentan Trastornos del Espectro Autista (TEA).",PODER EJECUTIVO PROVINCIAL-ADHESIÓN-LEY NACIONAL-INTERÉS NACIONAL-TRASTORNOS DEL ESPECTRO AUTISTA (TEA)-MINISTERIO DE SALUD-OBRA SOCIAL DE LA PROVINCIA DE TIERRA DEL FUEGO (OSPTDF).,www.saij.gob.ar/LPV0001658
Tierra del Fuego,Ley,1163,"Individual, Solo Modificatoria o Sin Eficacia",2017-05-18,2017-06-19,LEY 1.163,"Salud - Celíacos, Programa de Asistencia: Modificación.","SOLO MODIFICATORIA LEY PROVINCIAL Nº 793 (B.O.P. 23/10/09.) SALUD PÚBLICA-ENFERMEDAD CELÍACA-MINISTERIO DE SALUD-MINISTERIO DE EDUCACIÓN-CÓDIGO ALIMENTARIO ARGENTINO-ANMAT-TIERRA DEL FUEGO, ANTÁRTIDA E ISLAS DEL ATLÁNTICO SUR.",www.saij.gob.ar/LPV0001661
Tierra del Fuego,Ley,1164,"Vigente, de alcance general",2017-05-18,2017-06-19,LEY 1.164,"Poder Ejecutivo Provincial: Adhesión a la Ley Nacional Nº 26.588 y su Modificatoria 27.196, Declarando de Interés Nacional la Atención Médica, la Investigación Clínica y Epidemiológica, la Capacitación Profesional en la Detección Temprana, Diagnóstico y Tratamiento de la Enfermedad Celíaca.","PODER EJECUTIVO PROVINCIAL-ADHESIÓN-LEY NACIONAL-INTERÉS NACIONAL-ATENCIÓN MÉDICA-INVESTIGACIÓN CLÍNICA Y EPIDEMIOLÓGICA-CAPACITACIÓN PROFESINAL-DIAGNÓSTICO Y TRATAMIENTO-ENFERMEDAD CELÍACA-MINISTERIO DE SALUD-CIUDAD DE USHUAIA, TOLHUIN, RÍO GRANDE.",www.saij.gob.ar/LPV0001659
Tierra del Fuego,Ley,1165,"Vigente, de alcance general",2017-05-18,2017-06-19,LEY 1.165,Establecimiento del Ejercicio Profesional del Trabajo Social en la Provincia,"Establecimiento del Ejercicio Profesional del Trabajo Social en la Provincia, tiene como objetivo la contribución a la vigencia, defensa y reivindicación de los derechos humanos.",www.saij.gob.ar/LPV1001165
Tierra del Fuego,Ley,1166,"Vigente, de alcance general",2017-07-06,2017-07-17,LEY 1.166,Adhesión al Programa Federal de Fortalecimiento Operativo de las Áreas de Seguridad y Salud (PROFEDESS),PODER EJECUTIVO PROVINCIAL: ADHESIÓN AL PROGRAMA FEDERAL DE FORTALECIMIENTO OPERATIVO DE LAS ÁREAS DE SEGURIDAD Y SALUD (PROFEDESS).,www.saij.gob.ar/LPV0001662
Tierra del Fuego,Ley,1167,"Individual, Solo Modificatoria o Sin Eficacia",2017-07-06,2017-08-14,LEY 1.167,Régimen de Jubilaciones y Pensiones para el Personal de los tres Poderes del Estado Provincial: Modificación.,SOLO MODIFICATORIA LEY PROVINCIAL 561 (B.O.P. 27/11/02) RÉGIMEN DE JUBILACIONES-SEGURIDAD SOCIAL-PENSIONES-RÉGIMEN DE RETIROS.,www.saij.gob.ar/LPV0001664
Tierra del Fuego,Ley,1168,"Vigente, de alcance general",2017-07-06,2017-08-14,LEY 1.168,"Adhesión provincial a la ley Nacional N° 27.231, de Desarrollo Sustentable del Sector Acuícola","Adhesión provincial a la ley Nacional N° 27.231, de Desarrollo Sustentable del Sector Acuícola.",www.saij.gob.ar/LPV1001168
Tierra del Fuego,Ley,1169,"Vigente, de alcance general",2017-07-06,2017-08-24,LEY 1.169,Programa para escuelas rurales: 'Conociendo nuestra Provincia',"Se establece el Programa para escuelas rurales Conociendo nuestra provincia. Objetivos. Garantizar que los alumnos de las escuelas rurales de todos los ciclos escolares, puedan acceder y conocer las ciudades, comunas, parajes y demás lugares de...",www.saij.gob.ar/LPV1001169
Tierra del Fuego,Ley,117,"Vigente, de alcance general",1978-10-31,1978-11-20,Ley 117,Dirección Provincial de Energía.,DIRECCION PROVINCIAL DE ENERGIA-CREACION DE ORGANISMOS-MISION Y FUNCIONES-DELEGACION DE FACULTADES-RECURSOS FINANCIEROS-ESTRUCTURA ORGANICA-FACTURAS-SERVICIOS PUBLICOS-CONCESIONES-TARIFAS,www.saij.gob.ar/LPV0000154
Tierra del Fuego,Ley,117,"Individual, Solo Modificatoria o Sin Eficacia",1993-12-14,1993-12-27,LEY 117,n/d,MODIFICA LA LEY T. 6 SOBRE CONTABILIDAD.- ADMINISTRACION PUBLICA-CONTABILIDAD-ALCANCES-PRESUPUESTO-CONTENIDO- ESTRUCTURA-EJERCICIO-EJECUCION-AUTORIZACIONES-RECURSOS-CUENTA GENERAL-PATRIMONIO-TESORO-TESORERIA GENERAL-CONTADURIA GENERAL.,www.saij.gob.ar/LPV0000638
Tierra del Fuego,Ley,1170,"Vigente, de alcance general",2017-07-06,2017-08-24,LEY 1.170,Régimen jurídico aplicable a las Cooperadoras Escolares de los establecimientos educativos públicos y de gestión privada,"Se crea Régimen jurídico aplicable a las Cooperadoras Escolares de los establecimientos educativos públicos y de gestión privada en el ámbito de la provincia, dependiente del Ministerio de Educación. Objeto. Integración. Forma de constitución y de...",www.saij.gob.ar/LPV1001170
Tierra del Fuego,Ley,1171,"Vigente, de alcance general",2017-08-24,2017-09-01,LEY 1.171,Poder Ejecutivo Provincial: Régimen de Cancelación de Deudas Tributarias.,"PODER EJECUTIVO PROVINCIAL-RÉGIMEN DE CANCELACIÓN DE DEUDAS TRIBUTARIAS-CÓDIGO FISCAL UNIFICADO-CÓDIGO FISCAL-LEY TARIFARIA-AGENCIA DE RECAUDACIÓN FUEGUINA (AREF)-TIERRA DEL FUEGO, ANTÁRTIDA E ISLAS DEL ATLÁNTICO SUR.",www.saij.gob.ar/LPV0001667
Tierra del Fuego,Ley,1172,"Vigente, de alcance general",2017-08-24,2017-09-11,LEY 1.172,Ley de Apoyo al Capital Emprendedor,Ley de Apoyo al Capital Emprendedor. Adhesión de la provincia a lo dispuesto en el art. 21 de la Ley Nacional 27.349. Exenciones impositivas. Fondo Fiduciario para el Desarrollo de Capital Emprendedor.,www.saij.gob.ar/LPV1001172
Tierra del Fuego,Ley,1173,"Vigente, de alcance general",2017-08-24,2017-09-11,LEY 1.173,"Ley Impositiva: Establécese Tasa Cero (0%) para Créditos Hipotecarios destinados a Adquisición, Refacción o Construcción de Vivienda Única Familiar.","LEY IMPOSITIVA-TASA CERO-CRÉDITOS HIPOTECARIOS IMPUESTO A LOS INGRESOS BRUTOS-AGENCIA DE RECAUDACIÓN FUEGUINA (AREF)-TIERRA DEL FUEGO, ANTÁRTIDA E ISLAS DEL ATLÁNTICO SUR.",www.saij.gob.ar/LPV0001669
Tierra del Fuego,Ley,1174,"Individual, Solo Modificatoria o Sin Eficacia",2017-08-24,2017-09-11,LEY 1.174,Código Fiscal: Modificación.,SOLO MODIFICATORIA LEY PROVINCIAL Nº 1075 (B.O.P.: 22/01/16).CÓDIGO FISCAL.,www.saij.gob.ar/LPV0001673
Tierra del Fuego,Ley,1175,"Vigente, de alcance general",2017-08-24,2017-09-11,LEY 1.175,"Poder Ejecutivo Provincial: Aprobación Convenio de Mutuo de Asistencia Financiera, Registrado bajo Nº 17.545, Sobre Financiamiento de Obras que integran el Programa de Saneamiento Ambiental, entre la Provincia y el Fondo Fiduciario Federal de Infraestrctura Regional.","PODER EJECUTIVO PROVINCIAL-CONVENIO MUTUO DE ASISTENCIA FINANCIERA-PROGRAMA SANEAMIENTO AMBIENTAL-FONDO FEDERAL FIDUCIARIO DE INFRAESTRUCTURA REGIONAL-TIERRA DEL FUEGO, ANTÁRTIDA E ISLAS DEL ATLÁNTICO SUR.",www.saij.gob.ar/LPV0001670
Tierra del Fuego,Ley,1176,"Vigente, de alcance general",2017-08-24,2017-09-11,LEY 1.176,"Poder Ejecutivo Provincial: Apruebase Convenio de Asistencia Financiera, Registrado bajo Nº 17.863, Sobre Cancelación de los Anticipos Financieros del año 2016, entre la Provincia y el Estado Nacional.","PODER EJECUTIVO PROVINCIAL-CONVENIO DE ASISTENCIA FINANCIERA-CANCELACIÓN DE LOS ANTICIPOS FINANCIEROS-ESTADO NACIONAL-TIERRA DEL FUEGO, ANTÁRTIDA E ISLAS DEL ATLÁNTICO SUR.",www.saij.gob.ar/LPV0001671
Tierra del Fuego,Ley,1177,"Vigente, de alcance general",2017-08-24,2017-09-11,LEY 1.177,"Poder Ejecutivo Provincial: Aprobación Convenio y Anexo, Registrado bajo Nº 17.930, Sobre Programa Federal de Desendeudamiento de las Provincias, entre la Provincia y el Gobierno Nacional.","PODER EJECUTIVO PROVINCIAL-CONVENIO Y ANEXO-PROGRAMA FEDERAL DE DESENDEUDAMIENTO DE LAS PROVINCIAS-GOBIERNO NACIONAL-TIERRA DEL FUEGO, ANTÁRTIDA E ISLAS DEL ATLÁNTICO SUR.",www.saij.gob.ar/LPV0001672
Tierra del Fuego,Ley,1178,"Vigente, de alcance general",2017-09-14,2017-09-19,LEY 1.178,"PODER EJECUTIVO PROVINCIAL: APROBACIÓN DE ACUERDO DE PRÓRROGA DE LA CONCESIÓN  HIRDOCARBURÍFERA MAGALLANES Y SUS ANEXOS, REGISTRADO BAJO Nº 17.990, ENTRE LA PROVINCIA E Y.P.F. SA.","PODER EJECUTIVO PROVINCIAL-APROBACIÓN-ACUERDO-CONCESIÓN HIDROCARBURÍFERA MAGALLANES Y SUS ANEXOS-Y.P.F SA.-TIERRA DEL FUEGO, ANTÁRTIDA E ISLAS DEL ATLÁNTICO SUR.",www.saij.gob.ar/LPV0001674
Tierra del Fuego,Ley,1179,"Vigente, de alcance general",2017-09-14,2017-09-26,LEY 1.179,"PODER  EJECUTIVO PROVINCIAL: EMERGENCIA DEL SECTOR ELÉCTRICO EN LA CIUDAD DE USHUAIA, PRÓRROGA DE LO ESTABLECIDO POR LEY PROVINCIAL 1100.",PODER EJECUTIVO PROVINCIAL-PRÓRROGA DEL SECTOR ELÉCTRICO EN LA CIUDAD DE USHUAIA.,www.saij.gob.ar/LPV0001675
Tierra del Fuego,Ley,118,"Vigente, de alcance general",1978-12-11,1978-12-18,Ley 118,Valuación Fiscal,VALUACION FISCAL-IMPUESTO INMOBILIARIO-INMUEBLES-DIRECCION DE  CATASTRO Y TIERRAS FISCALES-MEJORAS-TIERRA LIBRE DE MEJORAS-  DECLARACION JURADA-DETERMINACION DE OFICIO-REVALUOS-ACTUALIZACION MONETARIA,www.saij.gob.ar/LPV0000153
Tierra del Fuego,Ley,118,"Vigente, de alcance general",1993-12-21,1993-12-27,Ley 118.,"Adhesión de la provincia al pacto federal para el empleo, la producción y el crecimiento.",PODER EJECUTIVO PROVINCIAL-ESTADO NACIONAL ARGENTINO-PACTO FEDERAL PARA EL EMPLEO LA PRODUCCION Y EL CRECIMIENTO-CONVENIO NRO. 1122- DECRETO NRO. 3135/93-ADHESION.,www.saij.gob.ar/LPV0000607
Tierra del Fuego,Ley,1180,"Vigente, de alcance general",2017-09-14,2017-10-05,LEY 1.180,"Poder Ejecutivo Provincial: Emisión de Títulos de Deuda, Autorizados por Ley Provincial Nº 1132, al Financiamiento de Obras de Infraestructuras.",PODER EJECUTIVO PROVINCIAL-EMISIÓN DE TÍTULOS DE DEUDA-FINACIAMIENTO DE OBRAS DE INFRAESTRUCTURAS-MINISTRO DE ECONOMÍA.,www.saij.gob.ar/LPV0001676
Tierra del Fuego,Ley,1181,"Individual, Solo Modificatoria o Sin Eficacia",2017-09-14,2017-10-05,LEY 1.181,Procuración Penitenciaria en el Ámbito del Poder Legislativo: Modificación.,SOLO MODIFICATORIA LEY PROVINCIAL 1127 (B.O.P.: 02/01/17).COMISARIA PREVENTORA DE LA VIOLENCIA DE GENERO-MODIFICACIÓN.,www.saij.gob.ar/LPV0001679
Tierra del Fuego,Ley,1182,"Vigente, de alcance general",2017-09-14,2017-10-05,LEY 1.182,"Dirección Provincial de Energía - Declaración de Emergencia del Sector Eléctrico en la Ciudad de Río Grande, Tolhuin, Almanza y los pasos Fronterizos San Sebastián y Radman, por el término de un (1) año.","DIRECCIÓN PROVINCIAL DE ENERGÍA-DECLARANDO-EMERGENCIA-SECTOR ELÉCTRICO-CIUDAD DE RÍO GRANDE,TOLHUIN,ALMANZA,PASO FRONTERIZO SAN SEBASTIÁN Y RADMAN.",www.saij.gob.ar/LPV0001677
Tierra del Fuego,Ley,1183,"Vigente, de alcance general",2017-09-14,2017-10-05,LEY 1.183,"Día de la Reforma Protestante: 31 de Octubre de cada año, conmemoración del cumplimiento de su quinto centenario.",PODER EJECUTIVO PROVINCIAL-CONMEMORACIÓN-DÍA DE LA REFORMA PROTESTANTE.,www.saij.gob.ar/LPV0001678
Tierra del Fuego,Ley,1184,"Individual, Solo Modificatoria o Sin Eficacia",2017-10-27,2017-11-14,LEY 1.184,LEY DE TIERRAS FISCALES PROVINCIALES: MODIFICACIÓN.,SOLO MODIFICATORIA LEY PROVINCIAL 313 (B.O.T. 11/09/96) TIERRAS FISCALES PROVINCIALES,www.saij.gob.ar/LPV0001682
Tierra del Fuego,Ley,1185,"Vigente, de alcance general",2017-10-27,2017-11-14,LEY 1.185,"Declaración de Útilidad Pública y Sujeto a Expropiación, en los Términos de la Ley 421, un Área aproximada de 24,16 Ha, en la Ciudad de Río Grande.",DELARACIÓN DE ÚTILIDAD PÚBLICA-EXPROPIACIÓN-CIUDAD DE RÍO GRANDE-GERENCIA DE CATASTRO DE LA AGENCIA DE RECAUDACIÓN FUEGUINA (AREF).,www.saij.gob.ar/LPV0001680
Tierra del Fuego,Ley,1186,"Vigente, de alcance general",2017-10-27,2017-11-14,LEY 1.186,División Política de la Provincia de Tierra del Fuego en cinco (5) Departamentos.,ESTABLECIENDO-DIVISIÓN POLÍTICA-TIERRA DEL FUEGO-CINCO (5) DEPARTAMENTOS.,www.saij.gob.ar/LPV0001681
Tierra del Fuego,Ley,1187,"Individual, Solo Modificatoria o Sin Eficacia",2017-10-27,2017-11-22,LEY 1.187,Consejo de la Magistratura: Modificación.,SOLO MODIFICATORIA LEY PROVINCIAL 8 (B.O.P. 08/05/92). CONCEJO DE LA MAGISTRATURA.,www.saij.gob.ar/LPV0001683
Tierra del Fuego,Ley,1188,"Vigente, de alcance general",2017-12-06,2017-12-06,LEY 1.188,"Poder Ejecutivo Provincial: Convenio de Asistencia Financiera - Programa de Convergencia Fiscal, Registrados Bajo los Nros. 18013 y 18076, celebrado entre la Provincia y el Fondo Fiduciario para el Desarrollo Provincial.","PODER EJECUTIVO PROVINCIAL-CONVENIO DE ASISTENCIA FINANCIERA-PROGRAMA DE CONVERGENCIA FISCAL.TIERRA DEL FUEGO, ANTÁRTIDA E ISLAS DEL ATLÁNTICO SUR.",www.saij.gob.ar/LPV0001684
Tierra del Fuego,Ley,1189,"Vigente, de alcance general",2017-12-06,2017-12-06,LEY 1.189,"Poder Ejecutivo Provincial: Aprobación de Prórroga de las Concesiones de Explotación, Acta Acuerdo Complementaria y sus Anexos, Bajo nº 18061 y 18062, Pertenecientes al Área 'Cuenca Marina Austral I', entre la Provincia y la Total Austral S.A.","PODER EJECUTIVO PROVINCIAL-PRÓRROGA DE LAS CONSECIONES DE EXPLOTACIÓN-ÁREA 'CUENCA MARINA AUTRAL'-TOTAL AUTRAL S.A.-TIERRA DEL FUEGO, ANTÁRTIDA E ISLAS DEL ATLÁNTICO SUR.",www.saij.gob.ar/LPV0001685
Tierra del Fuego,Ley,119,"Vigente, de alcance general",1978-12-14,1978-12-26,Ley 119,Transferencia a jurisdicción territorial de cargos dependientes del Consejo Nacional de Educación.,DOCENTES-PERSONAL NO DOCENTE-CREACION DE CARGOS-TRANSFERENCIA DE PERSONAL-CONSEJO NACIONAL DE EDUCACION-ADMINISTRACION PUBLICA PROVINCIAL.,www.saij.gob.ar/LPV0000152
Tierra del Fuego,Ley,119,"Individual, Solo Modificatoria o Sin Eficacia",1993-12-06,1994-01-05,Ley 119,n/d,OTORGA PENSION GRACIABLE- PREVISION SOCIAL-PENSION-PENSION GRACIABLE-ENOLFA DEL CARMEN BARRIENTOS.,www.saij.gob.ar/LPV0000616
Tierra del Fuego,Ley,1190,"Vigente, de alcance general",2017-12-15,2017-12-28,LEY 1.190,"EMERGENCIA DEL SISTEMA DE LA SEGURIDAD SOCIAL DE LA PROVINCIA DE TIERRA DEL FUEGO, ANTÁRTIDA E ISLAS DEL ATLÁNTICO SUR, PRÓRROGA DE LO DISPUESTO EN EL ARTÍCULO 1º DE LA LEY PROVINCIAL 1068 POR EL LAPSO DE DOS (2) AÑOS.","EMERGENCIA DEL SISTEMA DE LA SEGURIDAD SOCIAL -PROVINCIA DE TIERRA DEL FUEGO, ANTÁRTIDA E ISLAS DEL ATLÁNTICO SUR, PRÓRROGA - LEY PROVINCIAL 1068 POR EL LAPSO DE DOS (2) AÑOS.",www.saij.gob.ar/LPV0001686
Tierra del Fuego,Ley,1191,"Vigente, de alcance general",2017-12-15,2017-12-28,LEY 1.191,PRESUPUESTO GENERAL DE GASTOS Y RECURSOS DE LA ADMINISTRACIÓN CENTRAL Y ORGANISMOS DESCENTRALIZADOS - EJERCICIO 2018.,PRESUPUESTO GENERAL DE GASTOS Y RECURSOS DE LA ADMINISTRACIÓN CENTRAL Y ORGANISMOS DESCENTRALIZADOS - EJERCICIO 2018.,www.saij.gob.ar/LPV0001687
Tierra del Fuego,Ley,1192,"Individual, Solo Modificatoria o Sin Eficacia",2017-12-15,2017-12-28,LEY 1.192,Ley Impositiva - Ejercicio 1999: Modificación,SOLO MODIFICATORIA LEY PROVINCIAL 440 (B.O.P.: 01/02/99).LEY IMPOSITIVA.,www.saij.gob.ar/LPV0001701
Tierra del Fuego,Ley,1193,"Vigente, de alcance general",2017-12-15,2017-12-28,LEY 1.193,PODER EJECUTIVO PROVINCIAL: AUTORIZACION A CONTRAER UN EMPRÉSTITO ANTE EL FONDO FIDUCIARIO FEDERAL DE INFRAESTRUCTURA REGIONAL (FFFIR).,PODER EJECUTIVO PROVINCIAL: AUTORIZACION A CONTRAER UN EMPRÉSTITO ANTE EL FONDO FIDUCIARIO FEDERAL DE INFRAESTRUCTURA REGIONAL (FFFIR).,www.saij.gob.ar/LPV0001688
Tierra del Fuego,Ley,1194,"Individual, Solo Modificatoria o Sin Eficacia",2017-12-15,2017-12-28,LEY 1.194,MODIFICACIÓN LEY 1075 (CÓDIGO FISCAL) Y LEY 440 (LEY IMPOSITIVA).,SOLO MODIFICATORIA LEY PROVINCIAL 1075 (B.O.P.: 22/01/16) Y LEY 440 (B.O.P.: 01/02/99).CÓDIGO FISCAL-LEY IMPOSITIVA.,www.saij.gob.ar/LPV0001702
Tierra del Fuego,Ley,1195,"Vigente, de alcance general",2017-12-15,2017-12-28,LEY 1.195,"PODER EJECUTIVO PROVINCIAL: ACUERDO DE CONSENSO FISCAL Y SUS ANEXOS, REGISTRADO BAJO EL Nº 18.084, REFERENTE AL ACUERDO PARA UN NUEVO FEDERALISMO, CELEBRADO EL DÍA 16 DE NOVIEMBRE DE 2017, ENTRE LA PROVINCIA, LAS PROVINCIAS ARGENTINAS, CIUDAD AUTÓNOMA Y LA NACIÓN.","PODER EJECUTIVO PROVINCIAL: ACUERDO DE CONSENSO FISCAL Y SUS ANEXOS, REGISTRADO BAJO EL Nº 18.084, REFERENTE AL ACUERDO PARA UN NUEVO FEDERALISMO, CELEBRADO EL DÍA 16 DE NOVIEMBRE DE 2017, ENTRE LA PROVINCIA, LAS PROVINCIAS ARGENTINAS, CIUDAD...",www.saij.gob.ar/LPV0001689
Tierra del Fuego,Ley,1196,"Vigente, de alcance general",2017-12-15,2018-01-03,LEY 1.196,"PODER EJECUTIVO PROVINCIAL: ADHESIÓN A LA LEY NACIONAL Nº 25.054, LEY DEL BOMBERO VOLUNTARIO.","PODER EJECUTIVO PROVINCIAL: ADHESIÓN A LA LEY NACIONAL Nº 25.054, LEY DEL BOMBERO VOLUNTARIO.",www.saij.gob.ar/LPV0001690
Tierra del Fuego,Ley,1197,"Individual, Solo Modificatoria o Sin Eficacia",2017-12-15,2018-01-03,LEY 1.197,LEY ORGÁNICA DEL PODER JUDICIAL: MODIFICACIÓN.,SOLO MODIFICATORIA LEY PROVINCIAL 110 (B.O.P. 24/11/93).LEY ORGÁNICA DEL PODER JUDICIAL.,www.saij.gob.ar/LPV0001703
Tierra del Fuego,Ley,1198,"Vigente, de alcance general",2017-12-15,2018-01-03,LEY 1.198,"PODER EJECUTIVO PROVINCIAL-SALUD PÚBLICA: ADHESIÓN A LA LEY NACIONAL N° 26.906, SOBRE RÉGIMEN DE TRAZABILIDAD Y VERIFICACIÓN DE APTITUD TÉCNICA DE LOS PRODUCTOS MÉDICOS ACTIVOS DE SALUD EN USO.","PODER EJECUTIVO PROVINCIAL-SALUD PÚBLICA: ADHESIÓN A LA LEY NACIONAL N° 26.906, SOBRE RÉGIMEN DE TRAZABILIDAD Y VERIFICACIÓN DE APTITUD TÉCNICA DE LOS PRODUCTOS MÉDICOS ACTIVOS DE SALUD EN USO.",www.saij.gob.ar/LPV0001691
Tierra del Fuego,Ley,1199,"Vigente, de alcance general",2017-12-15,2018-01-03,LEY 1.199,"PODER EJECUTIVO PROVINCIAL: ADHESIÓN AL TÍTULO I DE LA LEY NACIONAL 27.348, COMPLEMENTARIA DE LA LEY SOBRE RIESGOS DEL TRABAJO - MODIFICACIÓN LEY PROVINCIAL 147 (CÓDIGO PROCESAL CIVIL, COMERCIAL, LABORAL, RURAL Y MINERO.","PODER EJECUTIVO PROVINCIAL: ADHESIÓN AL TÍTULO I DE LA LEY NACIONAL 27.348, COMPLEMENTARIA DE LA LEY SOBRE RIESGOS DEL TRABAJO - MODIFICACIÓN LEY PROVINCIAL 147 (CÓDIGO PROCESAL CIVIL, COMERCIAL, LABORAL, RURAL Y MINERO.",www.saij.gob.ar/LPV0001692
Tierra del Fuego,Ley,12,"Individual, Solo Modificatoria o Sin Eficacia",1971-12-27,1972-01-31,Ley 12.,n/d,OBJETO CUMPLIDO-IMPUESTO-GRAVAMEN-TRIBUTO-CODIGO FISCAL-ALICUOTAS- TASAS-IMPUESTO INMOBILIARIO-ACTIVIDADES LUCRATIVAS-TRANSMISION GRATUITA DE BIENES-SELLOS-RUBRICA DE LIBROS-ACTUACIONES NOTARIALES- INSTRUMENTOS PUBLICOS-PRIVADO-OPERACIONES...,www.saij.gob.ar/LPV0000374
Tierra del Fuego,Ley,12,"Individual, Solo Modificatoria o Sin Eficacia",1992-05-14,1992-06-10,Ley 12,n/d,MODIFICA LEY TERRITORIAL NRO. 480 SOBRE CODIGO FISCAL.- CODIGO FISCAL-LEY FISCAL-OBLIGACION FISCAL-DIRECCION GENERAL DE RENTAS-FUNCIONES-FACULTADES-IMPUESTOS-GRAVAMENES-TASAS- CONTRIBUCIONES-DOMICILIO FISCAL-CONTRIBUYENTE-OBLIGACIONES-DEBERES-...,www.saij.gob.ar/LPV0000385
Tierra del Fuego,Ley,120,"Individual, Solo Modificatoria o Sin Eficacia",1978-12-29,1979-01-22,Ley 120.,n/d,MODIFICATORIA DE LEY SIN EFICACIA-PRESUPUESTO GENERAL EJERCICIO 1978-MODIFICACION.- PODER EJECUTIVO TERRITORIAL-ADMINISTRACION PUBLICA-PRESUPUESTO GENERAL-EJERCICIO 1978-MODIFICACION-MINISTERIO DE BIENESTAR SOCIAL.S,www.saij.gob.ar/LPV0000317
Tierra del Fuego,Ley,120,"Individual, Solo Modificatoria o Sin Eficacia",1993-12-06,1994-01-05,Ley 120,n/d,OTORGA PENSION GRACIABLE- PREVISION SOCIAL-PENSION-PENSION GRACIABLE-FRANCISCO PEREZ BUSTAMANTE.,www.saij.gob.ar/LPV0000617
Tierra del Fuego,Ley,1200,Derogada,2017-12-15,2018-01-03,LEY 1.200,Régimen de retiro anticipado para el personal del Estado Provincial,DEROGADA POR 1º LEY PROVINCIAL Nº 1348 (19/01/2021.).RÉGIMEN DE RETIRO ANTICIPADO PARA EL PERSONAL DEL ESTADO PROVINCIAL.,www.saij.gob.ar/LPV0001693
Tierra del Fuego,Ley,1201,"Vigente, de alcance general",2017-12-15,2018-01-11,LEY 1.201,"PODER EJECUTIVO PROVINCIAL: ADHESIÓN A LA LEY NACIONAL 27.287, SISTEMA NACIONAL PARA LA GESTIÓN INTEGRAL DEL RIESGO Y LA PROTECCIÓN CIVIL.","PODER EJECUTIVO PROVINCIAL: ADHESIÓN A LA LEY NACIONAL 27.287, SISTEMA NACIONAL PARA LA GESTIÓN INTEGRAL DEL RIESGO Y LA PROTECCIÓN CIVIL.",www.saij.gob.ar/LPV0001694
Tierra del Fuego,Ley,1202,"Vigente, de alcance general",2017-12-15,2018-01-11,LEY 1.202,"PODER EJECUTIVO PROVINCIAL: ADHESIÓN A LA LEY NACIONAL 26.873, PROMOCIÓN Y CONCIENTIZACIÓN PÚBLICA ACERCA DE LA IMPORTANCIA DE LA LACTANCIA MATERNA.","PODER EJECUTIVO PROVINCIAL: ADHESIÓN A LA LEY NACIONAL 26.873, PROMOCIÓN Y CONCIENTIZACIÓN PÚBLICA ACERCA DE LA IMPORTANCIA DE LA LACTANCIA MATERNA.",www.saij.gob.ar/LPV0001695
Tierra del Fuego,Ley,1203,"Vigente, de alcance general",2017-12-15,2018-01-11,LEY 1.203,Ley provincial de Control del Tabaco. Derogación de la ley provincial  175,LEY PROVINCIAL DE CONTROL DEL TABACO - DEROGACIÓN LEY PROVINCIAL 175.,www.saij.gob.ar/LPV0001696
Tierra del Fuego,Ley,1204,"Vigente, de alcance general",2017-12-15,2018-01-11,LEY 1.204,"PODER EJECUTIVO PROVINCIAL: ADHESIÓN A LA LEY NACIONAL 27.264, PROGRAMA DE RECUPERACIÓN PRODUCTIVA, FORTALECIMIENTO DE LAS MICRO, PEQUEÑAS Y MEDIANAS EMPRESAS.","PODER EJECUTIVO PROVINCIAL: ADHESIÓN A LA LEY NACIONAL 27.264, PROGRAMA DE RECUPERACIÓN PRODUCTIVA, FORTALECIMIENTO DE LAS MICRO, PEQUEÑAS Y MEDIANAS EMPRESAS.",www.saij.gob.ar/LPV0001697
Tierra del Fuego,Ley,1205,"Vigente, de alcance general",2017-12-15,2018-01-11,LEY 1.205,Adhesión a la Ley Nacional 26.928 de creación del Sistema de Protección Integral para Personas Trasplantadas,"PODER EJECUTIVO PROVINCIAL: ADHESIÓN A LA LEY NACIONAL 26.928, CREACIÓN DEL SISTEMA DE PROTECCIÓN INTEGRAL PARA PERSONAS TRASPLANTADAS.",www.saij.gob.ar/LPV0001698
Tierra del Fuego,Ley,1206,"Vigente, de alcance general",2017-12-15,2018-01-11,LEY 1.206,Adhesión a la Ley Nacional 25.817 de creación del Programa Nacional de Educación para la Prevención Sísmica,"PODER EJECUTIVO PROVINCIAL: ADHESIÓN A LA LEY NACIONAL 25.817, CREACIÓN DE PROGRAMA NACIONAL DE EDUCACIÓN PARA LA PREVENCIÓN SÍSMICA.",www.saij.gob.ar/LPV0001699
Tierra del Fuego,Ley,1207,"Vigente, de alcance general",2017-12-15,2018-01-11,LEY 1.207,Incorporación de la labor del Payaso de Hospital en el ámbito del Sistema de Salud de la provincia,PODER EJECUTIVO PROVINCIAL - SALUD PÚBLICA: INCORPORACIÓN DE LA LABOR DEL PAYASO DE HOSPITAL.,www.saij.gob.ar/LPV0001700
Tierra del Fuego,Ley,1208,"Individual, Solo Modificatoria o Sin Eficacia",2017-12-15,2018-01-03,LEY 1.208,PRESUPUESTO GENERAL DE GASTOS Y RECURSOS DE LA ADMINISTRACIÓN CENTRAL Y ORGANISMOS DESCENTRALIZADOS - EJERCICIO 2017: MODIFICACIÓN.,SOLO MODIFICATORIA LEY PROCINCIAL 1132 (B.O.P.: 02/01/17).PRESUPUESTO GENERAL DE GASTOS Y RECURSOS DE LA ADMINISTRACIÓN CENTRAL Y ORGANISMOS DESCENTRALIZADOS.,www.saij.gob.ar/LPV0001704
Tierra del Fuego,Ley,1209,"Individual, Solo Modificatoria o Sin Eficacia",2017-12-15,2018-01-03,LEY 1.209,RÉGIMEN DE RESPONSABILIDAD FISCAL - ADHESIÓN A LA LEY NACIONAL 25.917: MODIFICACIÓN.,SOLO MODIFICATORIA LEY PROVINCIAL 694 (B.O.P. 19/05/06).RÉGIMEN DE RESPONSABILIDAD FISCAL.,www.saij.gob.ar/LPV0001705
Tierra del Fuego,Ley,121,"Individual, Solo Modificatoria o Sin Eficacia",1978-12-31,1979-03-12,Ley 121.,n/d,MODIFICATORIA DE LEY SIN EFICACIA-PODER EJECUTIVO TERRITORIAL- ADMINISTRACION PUBLICA-PRESUPUESTO GENERAL-EJERCICIO 1978- MODIFICACION.,www.saij.gob.ar/LPV0000316
Tierra del Fuego,Ley,121,"Individual, Solo Modificatoria o Sin Eficacia",1993-12-06,1994-01-05,Ley 121,n/d,OTORGA PENSION GRACIABLE.- PREVISION SOCIAL-PENSION-PENSION GRACIABLE-NORBERTO ARIEL TELLO.,www.saij.gob.ar/LPV0000618
Tierra del Fuego,Ley,1210,"Individual, Solo Modificatoria o Sin Eficacia",2017-12-15,2018-01-23,LEY 1.210,Modificación del Régimen de Jubilaciones y Pensiones para el Personal de los tres Poderes del Estado Provincial,SOLO MODIFICATORIA LEY PROVINCIAL 561 (B.O.P. 27/11/02).RÉGIMEN DE JUBILACIONES Y PENSIONES PARA EL PERSONAL DE LOS TRES PODERES DEL ESTADO PROVINCIAL.,www.saij.gob.ar/LPV0001706
Tierra del Fuego,Ley,1211,"Vigente, de alcance general",2018-04-05,2018-04-13,LEY 1.211,"DIRECCIÓN PROVINCIAL DE ENERGÍA: AUTORIZACIÓN A REALIZAR OPERACIONES DE CRÉDITO PÚBLICO, POR UN MONTO DE DOCE MILLONES QUINIESTOS MIL DOLARES (12.5000.000).",PODER EJECUTIVO PROVINCIA-DIRECCIÓN PROVINCIAL DE ENERGÍA (DPE)-OPERACIONES DE CRÉDITO PÚBLICO-USHUAIA-MINISTERIO DE ECONOMÍA.,www.saij.gob.ar/LPV0001707
Tierra del Fuego,Ley,1212,"Individual, Solo Modificatoria o Sin Eficacia",2018-03-22,2018-04-13,LEY 1.212,"ADHESIÓN DE LA PROVINCIA A LA LEY NACIONAL N° 27.130, SOBRE PREVENCIÓN DEL SUICIDIO: MODIFICACIÓN.",PODER EJECUTIVO PROVINCIAL-ADHESIÓN LEY NACIONAL-PRENCIÓN DEL SUICIDIO-MODIFICACIÓN DE LA LEY-ORGANIZACIÓN MUNDIAL DE LA SALUD-MINISTERIO DE SALUD.,www.saij.gob.ar/LPV0001709
Tierra del Fuego,Ley,1213,"Vigente, de alcance general",2018-03-22,2018-04-13,LEY 1.213,"PODER EJECUTIVO PROVINCIAL: CREACIÓN DEL PORTAL WEB DE PUBLICACIÓN Y BÚSQUEDA DE OFERTAS DE FORMACIÓN Y CAPACITACIÓN, DENOMINADO 'AGENDA FUEGUINA DE CAPACITACIÓN Y FORMACIÓN'.",PODER EJECUTIVO PROVINCIAL-CREACIÓN DEL PORTAL WEB-PUBLICACIÓN Y BÚSQUEDA-FORMACIÓN Y CAPACITACIÓN-'AGENDA FUEGUINA DE CAPACITACIÓN Y FORMACIÓN'-ADMINISTRACIÓN PÚBLICA CENTRALIZADA-ORGANISMOS AUTÁRQUICOS-MUNICIPALIDADES-COLEGIOS DE...,www.saij.gob.ar/LPV0001708
Tierra del Fuego,Ley,1214,"Individual, Solo Modificatoria o Sin Eficacia",2018-03-22,2018-04-19,LEY 1.214,Modificación de la Ley de Ministerios,SOLO MODIFICATORIA LEY PROVINCIAL 1060 (B.O.P.:30/12/15).LEY DE MINISTERIOS- MODIFICACIÓN DE LA LEY.,www.saij.gob.ar/LPV0001712
Tierra del Fuego,Ley,1215,"Vigente, de alcance general",2018-03-22,2018-04-19,LEY 1.215,"PODER EJECUTIVO PROVINCIAL: INSTITÚYESE EN EL ÁMBITO PROVINCIAL LA FIESTA PROVINCIAL DE LA LENGA, INCLÚYESE LA MISMA EN EL CALENDARIO TURÍSTICO PROVINCIAL.",PODER EJECUTIVO PROVINCIAL-FIESTA PROVINCIAL DE LA LENGA-CALENDARIO TÚRISTICO PROVINCIAL-CIUDAD DE TOLHUIN.,www.saij.gob.ar/LPV0001710
Tierra del Fuego,Ley,1216,"Vigente, de alcance general",2018-03-22,2018-04-19,LEY 1.216,"Adhesión a la ley nacional 25.127, sobre 'Producción ecológica, biológica u orgánica'","PODER EJECUTIVO PROVINCIAL-ADHESIÓN PROVINCIAL-LEY NACIONAL-'PRODUCCIÓN ECOLÓGICA, BIOLÓGICA U ORGÁNICA'-MINISTERIO DE INDUSTRIA-SECRETARÍA DE LA PEQUEÑA Y MEDIANA EMPRESA-SUBSECRETARÍA DE POLÍTICAS Y GESTIÓN DE LAS PEQUEÑAS Y MEDIANAS...",www.saij.gob.ar/LPV0001711
Tierra del Fuego,Ley,1217,"Vigente, de alcance general",2018-04-19,2018-04-23,LEY 1.217,Declárase de utilidad pública y sujeta a expropiación con destino a ruta provincial en los términos de la ley provincial 421,PODER EJECUTIVO PROVINCIAL-DECLARACIÓN DE UTILIDAD PÚBLICA Y SUJETA A EXPROPIACIÓN-RUTA PROVINCIAL-AREF-REGISTRO DE LA PROPIEDAD INMUEBLE PROVINCIAL-TRIBUNAL DE TASACIONES DE LA NACIÓN.,www.saij.gob.ar/LPV0001713
Tierra del Fuego,Ley,1218,"Vigente, de alcance general",2018-03-22,2018-04-27,LEY 1.218,INSTITÚYESE EN EL ÁMBITO PROVINCIAL EL 'DÍA DE LOS DERECHOS DEL NIÑO POR NACER' EL 25 DE MARZO DE CADA AÑO,"PODER EJECUTIVO PROVINCIAL-INSTITÚYESE-25 DE MARZO-'DÍA DE LOS DERECHOS DEL NIÑO POR NACER'-TIERRA DEL FUEGO, ANTÁRTIDA E ISLAS DEL ATLÁNTICO SUR.",www.saij.gob.ar/LPV0001714
Tierra del Fuego,Ley,1219,"Vigente, de alcance general",2018-04-19,2018-05-08,LEY 1.219,"APRUÉBASE CONVENIO DE ASISTENCIA FINANCIERA, REGISTRADO BAJO  Nº 18.223, REFERENTE AL 'PROGRAMA DE SANEAMIENTO AMBIENTAL. ETAPA II. PLANTA DE TRATAMIENTO DE EFLUENTES CLOACALES MARGEN SUR-RÍO GRANDE'",PODER EJECUTIVO-APROBACIÓN-CONVENIO DE MUTUO DE ASISTENCIA FINANCIERA-REFERENTE-'PROGRAMA DE SANEAMIENTO AMBIENTAL. ETAPA II. PLANTA DE TRATAMIENTO DE EFLUENTES CLOACALES MARGEN SUR-RÍO GRANDE'-FONDO FIDUCIARIO FEDERAL DE INFRAESTRUCTURA...,www.saij.gob.ar/LPV0001715
Tierra del Fuego,Ley,122,"Individual, Solo Modificatoria o Sin Eficacia",1979-01-28,1979-03-12,Ley 122.,n/d,SUSTITUYE ANEXO DE LA LEY TERRITORIAL NRO. 119 SOBRE TRANSFERENCIA DE CARGOS DOCENTES Y NO DOCENTES DEL CONSEJO NACIONAL DE EDUCACION A LA JURISDICCION TERRITORIAL.- EDUCACION-DOCENTES-CONSEJO NACIONAL DE EDUCACION-CARGO- TRANSFERENCIA-JURISDICCION...,www.saij.gob.ar/LPV0000456
Tierra del Fuego,Ley,122,"Individual, Solo Modificatoria o Sin Eficacia",1993-12-06,1994-01-05,Ley 122,n/d,OTORGA PENSION GRACIABLE- PREVISION SOCIAL-PENSION-PENSION GRACIABLE-NOELIA ANAHI KRUM.,www.saij.gob.ar/LPV0000619
Tierra del Fuego,Ley,1220,"Individual, Solo Modificatoria o Sin Eficacia",2018-04-19,2018-05-08,LEY 1.220,Modificación del Fondo Provincial de Museos,SOLO MODIFICATORIA LEY PROVINCIAL 952 (B.O.P.: 23/12/13).FONDO PROVINCIAL DE MUSEOS-MODIFICACIÓN DE LA LEY.,www.saij.gob.ar/LPV0001716
Tierra del Fuego,Ley,1221,"Individual, Solo Modificatoria o Sin Eficacia",2018-04-19,2018-05-14,LEY 1.221,Modificación de la Editora Cultural Tierra del Fuego,SOLO MODIFICATORIA LEY PROVINCIAL 768 (B.O.P.: 17/10/08).EDITORA CULTURAL TIERRA DEL FUEGO-MODIFICACIÓN DE LA LEY.,www.saij.gob.ar/LPV0001717
Tierra del Fuego,Ley,1222,"Individual, Solo Modificatoria o Sin Eficacia",2018-06-07,2018-06-08,LEY 1.222,Modificación de la Ley de Ministerios. Creación de la Secretaría de Estado de Representación Oficial para la Cuestión Malvinas,SOLO MODIFICATORIA LEY PROVINCIAL 1060 (B.O.P.: 30/12/15).LEY DE MINISTERIOS-MODIFICACIÓN-CREACIÓN-SECRETARÍA DE ESTADO-REPRESENTACIÓN OFICIAL-CUESTIÓN MALVINAS.,www.saij.gob.ar/LPV0001718
Tierra del Fuego,Ley,1223,"Individual, Solo Modificatoria o Sin Eficacia",2018-05-24,2018-06-19,LEY 1.223,Modificación de la ley impositiva-ejercicio 1999,SOLO MODIFICATORIA LEY PROVINCIAL 440 (B.O.P.: 01/02/1999).LEY IMPOSITIVA - EJERCICIO 1999.,www.saij.gob.ar/LPV0001719
Tierra del Fuego,Ley,1224,"Vigente, de alcance general",2018-05-24,2018-06-19,LEY 1.224,"Aprobación del Convenio de Mutuo de Asistencia Financiera, registrado bajo N° 18.259, referente al 'Programa de Saneamiento Ambiental etapa III', ratificado por decreto Nº 1111/18",PODER EJECUTIVO PROVINCIAL-APROBACIÓN-CONVENIO DE MUTUO DE ASISTENCIA FINANCIERA-REFERENTE- 'PROGRAMA DE SANEAMIENTO AMBIENTAL. ETAPA III.',www.saij.gob.ar/LPV0001720
Tierra del Fuego,Ley,1225,"Vigente, de alcance general",2018-05-24,2018-06-19,LEY 1.225,"Aprobación del convenio de cesión de inmueble y su adenda, registrados bajo nros. 18.244 Y 18.274, referente a la transferencia de un inmueble del Instituto Provincial de Vivienda  (I.P.V.)  a favor del Ministerio de Obras y Servicios Públicos",PODER EJECUTIVO PROVINCIAL-APROBACIÓN-CONVENIO-CESIÓN DE INMUEBLE Y SU ADENDA-INSTITUTO PROVINCIAL DE VIVIENDA (I.P.V.)-MINISTERIO DE OBRAS Y SERVICOS PÚBLICOS.,www.saij.gob.ar/LPV0001721
Tierra del Fuego,Ley,1226,"Vigente, de alcance general",2018-04-19,2018-07-02,LEY 1.226,Fondo de Garantía para el Desarrollo Fueguino (FOGADEF): Creación de Sociedad Anónima,"PODER EJECUTIVO PROVINCIAL-CREACIÓN-FONDO DE GARANTÍA PARA EL DESARROLLO FUEGUINO (FOGADEF)-SOCIEDAD ANÓNIMA-BANCO CENTRAL DE LA REPÚBLICA ARGENTINA (BCRA)-TIERRA DEL FUEGO, ANTÁRTIDA E ISLAS DEL ATLÁNTICO SUR.",www.saij.gob.ar/LPV0001722
Tierra del Fuego,Ley,1227,"Vigente, de alcance general",2018-05-24,2018-07-02,LEY 1.227,Creación del Órgano de Revisión de Salud Mental y la Comisión Provincial de Salud Mental y Adicciones,Salud Pública. Órgano de Revisión de Salud Mental. Comisión Provincial de Salud Mental y Adicciones. Creación en el ámbito de la provincia.,www.saij.gob.ar/LPV1001227
Tierra del Fuego,Ley,1228,"Vigente, de alcance general",2018-05-24,2018-07-02,LEY 1.228,Programa provincial de complemento de Vitamina D,"Salud pública. Programa provincial de complemento de Vitamina D. Planificación e implementación de acciones, estrategias de promoción y concientización respecto de la importancia de mantener niveles adecuados de Vitamina D en toda la población....",www.saij.gob.ar/LPV1001228
Tierra del Fuego,Ley,1229,"Vigente, de alcance general",2018-05-24,2018-07-02,LEY 1.229,Adhesión a la Ley Nacional Nº 27.305 sobre 'Leche Medicamentosa',PODER EJECUTIVO PROVINCIAL-LADHESIÓN PROVINCIAL-LEY NACIONAL-LECHE MEDICAMENTOSA-MINISTERIO DE SALUD-OBRA SOCIAL DE LA PROVINCIA DE TIERRA DEL FUEGO (OSPTF).,www.saij.gob.ar/LPV0001725
Tierra del Fuego,Ley,123,"Individual, Solo Modificatoria o Sin Eficacia",1979-03-06,1979-03-26,Ley 123.,n/d,OBJETO CUMPLIDO-IMPUESTO-GRAVAMEN-TRIBUTO-LEY IMPOSITIVA-EJERCICIO 1979-IMPUESTO DE SELLOS-ACTOS-CONTRATOS-INMOBILIARIO-TASAS RETRIBUTIVAS-SERVICIOS ESPECIALES-MARCAS-SEÑALES-AUTOMOTOR-INGRESOS BRUTOS.,www.saij.gob.ar/LPV0000315
Tierra del Fuego,Ley,123,"Individual, Solo Modificatoria o Sin Eficacia",1993-12-06,1994-01-05,Ley 123,Ley impositiva. Ejercicio 1994.,IMPUESTO-GRAVAMEN-TRIBUTO-TASA-LEY IMPOSITIVA-EJERCICIO 1993- DERECHO-CONTRIBUCION-DIRECCION GENERAL DE CATASTRO-CERTIFICADO CATASTRAL-PLANOS DE SUBDIVISION-PLANOS DE MENSURA-DIRECCION DE INDUSTRIA Y COMERCIO-CERTIFICADO DE INSCRIPCION-DIRECCION DE...,www.saij.gob.ar/LPV0000612
Tierra del Fuego,Ley,1230,"Vigente, de alcance general",2018-06-29,2018-07-02,LEY 1.230,Adhesión a la Ley Nacional Nº 27.428 sobre Régimen de Responsabilidad Fiscal y Buenas Prácticas de Gobierno,"PODER EJECUTIVO PROVINCIAL-AHESIÓN PROVINCIAL-LEY NACIONAL-RÉGIMEN DE RESPONSABILIDAD FISCAL Y BUENAS PRÁCTICAS DE GOBIERNO-TIERRA DEL FUEGO, ANTÁRTIDA E ISLAS DEL ATLÁNTICO SUR.",www.saij.gob.ar/LPV0001726
Tierra del Fuego,Ley,1231,"Vigente, de alcance general",2018-07-13,2018-07-31,LEY 1.231,SALUD: CUIDADO DE LA SALUD SEXUAL,SALUD-CUIDADO DE LA SALUD SEXUAL-MINISTERIO DE SALUD-MINISTERIO DE EDUCACIÓN-MINISTERIO DE DESARROLLO SOCIAL DE LA PROVINCIA.,www.saij.gob.ar/LPV0001727
Tierra del Fuego,Ley,1232,"Vigente, de alcance general",2018-07-13,2018-07-31,LEY 1.232,"Aprobación del Acuerdo específico y anexo, registrado bajo N° 18.270, referente al Desarrollo Sustentable de la Acuicultura de Salmones del Atlántico en el Canal de Beagle",PODER EJECUTIVO PROVINCIAL-APROBACIÓN-ACUERDO ESPECÍFICO Y ANEXO-DESARROLLO SUSTENTABLE DE LA ACUICULTURA DE SALMONES-CANAL BEAGLE-FUNCACIÓN ARGENTINA PARA LA PROMOCIÓN DE INVERSIONES Y COMERCIO INTERNACIONAL.,www.saij.gob.ar/LPV0001728
Tierra del Fuego,Ley,1233,"Vigente, de alcance general",2018-07-13,2018-07-31,LEY 1.233,Se establece como requisito obligatorio para los funcionarios del Estado carecer de adicción a drogas ilegales,CARECER DE DROGAS ILEGALES-REQUISITO OBLIGATORIO PARA LOS FUNCIONARIOS DEL ESTADO-MINISTERIO DE SALUD.,www.saij.gob.ar/LPV0001729
Tierra del Fuego,Ley,1234,"Individual, Solo Modificatoria o Sin Eficacia",2018-07-13,2018-07-31,LEY 1.234,Modificación de la ley orgánica del Poder Judicial,SOLO MODIFICATORIA LEY PROVINCIAL 110 (B.O.P.: 24/11/93).LEY ORGÁNICA DEL PODER JUDICIAL.,www.saij.gob.ar/LPV0001730
Tierra del Fuego,Ley,1235,"Vigente, de alcance general",2018-08-23,2018-08-30,LEY 1.235,"PODER EJECUTIVO PROVINCIAL: DESTÍNASE RECURSOS DEL RESULTADO POR TENENCIA DE LA EMISIÓN DE TÍTULOS DE DEUDA, PARA EL FINANCIAMIENTO DE OBRAS DE INFRAESTRUCTURA Y BIENES.",PODER EJECUTIVO PROVINCIAL-DESTINAR RECURSOS OBTENIDOS-INFRAESTRUCTURA Y BIENES-MINISTERIO DE ECONOMÍA.,www.saij.gob.ar/LPV0001731
Tierra del Fuego,Ley,1236,"Individual, Solo Modificatoria o Sin Eficacia",2018-08-23,2018-09-07,LEY 1.236,EDUCACIÓN: RÉGIMEN LABORAL DEL TRABAJADOR DOCENTE: MODIFICACIÓN.,SOLO MODIFICATORIA LEY 631 (B.O.P.:16/07/04.) RÉGIMEN LABORAL DEL TRABAJADOR DOCENTE.,www.saij.gob.ar/LPV0001732
Tierra del Fuego,Ley,1237,"Individual, Solo Modificatoria o Sin Eficacia",2018-08-23,2018-09-07,LEY 1.237,RÉGIMEN ÚNICO DE PENSIONES ESPECIALES (R.U.P.E.): MODIFICACIÓN.,SOLO MODIFICATORIA LEY 389 (B.O.P.: 06/01/98).RÉGIMEN ÚNICO DE PENSIONES ESPECIALES (RUPE).,www.saij.gob.ar/LPV0001733
Tierra del Fuego,Ley,1238,"Vigente, de alcance general",2018-08-23,2018-09-12,LEY 1.238,"Adhesión a la ley nacional Nº 27.447, sobre transplante de órganos, tejidos y células","ADHESIÓN LEY NACIONAL-TRASPLANTE DE ÓRGANOS, TEJIDOS Y CÉLULAS-CENTRO ÚNICO COORDINADOR DE ABLACIÓN E IMPLANTE TIERRA DEL FUEGO (CUCAI-TDF)-INSTITUTO NACIONAL CENTRAL ÚNICO COORDINADOR DE ABLACIÓN E IMPLANTE (INCUCAI)-MINISTERIO DE SALUD.",www.saij.gob.ar/LPV0001734
Tierra del Fuego,Ley,1239,"Vigente, de alcance general",2018-08-23,2018-09-12,LEY 1.239,EDUCACIÓN: OBLIGATORIEDAD DE UTILIZAR EN TODOS LOS NIVELES Y MODALIDADES DEL SISTEMA EDUCATIVO EL MAPA BICONTINENTAL DE LA REPÚBLICA ARGENTINA,EDUCACIÓN-'COMPROMISO CON EL AMBIENTE PARA LA PROTECCIÓN DEL PATRIMONIO NATURAL Y CULTURAL PROVINCIAL'-CONVENCIÓN DEL MAR (CONVEMAR)-COMISIÓN NACIONAL DE LÍMITE EXTERIOR DE LA PLATAFORMA CONTINENTAL (COPLA)-MINISTERIO DE EDUCACIÓN.,www.saij.gob.ar/LPV0001735
Tierra del Fuego,Ley,124,"Individual, Solo Modificatoria o Sin Eficacia",1979-03-27,1979-04-02,Ley 124.,n/d,OBJETO CUMPLIDO-PODER EJECUTIVO TERRITORIAL-ADMINISTRACION PUBLICA- PRESUPUESTO GENERAL-EJERCICIO 1979.,www.saij.gob.ar/LPV0000314
Tierra del Fuego,Ley,1240,"Vigente, de alcance general",2018-08-23,2018-09-12,LEY 1.240,"EDUCACIÓN: INSTITÚYESE LA CEREMONIA ESCOLAR 'COMPROMISO CON EL AMBIENTE PARA LA PROTECCIÓN DEL PATRIMONIO NATURAL Y CULTURAL DE LA PROVINCIA DE TIERRA DEL FUEGO, ANTÁRTIDA E ISLAS DEL ATLÁNTICO SUR', A REALIZARSE EL 5 DE JUNIO DE CADA AÑO.",EDUCACIÓN-COMPROMISO CON EL ÁMBIENTE PARA LA PROTECCIÓN DEL PATRIMONIO NATURAL Y CULTURAL-MINISTERIO DE EDUCACIÓN.,www.saij.gob.ar/LPV0001736
Tierra del Fuego,Ley,1241,"Vigente, de alcance general",2018-09-17,2018-10-05,LEY 1.241,Apruébase la determinación del área CA1 Tierra del Fuego fracción B incorporado al área Lobo,"PODER EJECUTIVO PROVINCIAL-APROBACIÓN-ÁREA LOBO-YPF SA-TIERRA DEL FUEGO, ANTÁRTIDA E ISLAS DEL ATLÁNTICO SUR.",www.saij.gob.ar/LPV0001737
Tierra del Fuego,Ley,1242,"Vigente, de alcance general",2018-09-20,2018-10-10,LEY 1.242,"CÓDIGO FISCAL: SUSPENSIÓN DEL IMPUESTO INMOBILIARIO, HASTA QUE LA CORTE SUPREMA DE JUSTICIA DE LA NACIÓN SE EXPIDA",CÓDIGO FISCAL-IMPUESTO INMOBILIARIO-CORTE SUPREMA DE JUSTICIA DE LA NACIÓN-SUPERIOR TRIBUNAL DE JUSTICIA DE LA PROVINCIA-AGENCIA DE RECAUDACIÓN FUEGUINA (AREF)-USHUAIA-TOLHUIN-RÍO GRANDE.,www.saij.gob.ar/LPV0001738
Tierra del Fuego,Ley,1243,"Vigente, de alcance general",2018-09-20,2018-10-10,LEY 1.243,"Dirección Provincial de Obras y Servicios Sanitarios-Dirección Provincial de Energía: prorrógase la excepción del pago de servicios, por el térmio de 24 meses, a la 'Cooperativa de Trabajo Limitada Renacer ex Aurora'",DIRECCIÓN PROVINCIAL DE OBRAS Y SERVICIOS SANITARIOS-DIRECCIÓN PROVINCIAL DE ENERGÍA-COOPERATIVA DE TRABAJO LIMITADA RENACER EX AURORA.,www.saij.gob.ar/LPV0001739
Tierra del Fuego,Ley,1244,"Vigente, de alcance general",2018-11-27,2018-12-13,LEY 1.244,Prórroga hasta el 30 de junio del 2019 del Régimen de retiro voluntario para el personal del Estado Provincial,PRÓRROGA DE RETIRO VOLUNTARIO-ESTADO PROVINCIAL.,www.saij.gob.ar/LPV0001740
Tierra del Fuego,Ley,1245,"Vigente, de alcance general",2018-11-27,2018-12-13,LEY 1.245,"Se establece tasa cero (0) para el pago de impuestos, tasas y o contribuciones a la Empresa Plásticos de la Isla Grande S.A.",PODER EJECUTIVO PROVINCIAL-ESTABLECER TASA CERO (0)-PAGO DE IMPUESTOS Y/O CONTRIBUCIONES-ISLA GRANDE S.A.-MINISTERIO DE INDUSTRIA-RÍO GRANDE.,www.saij.gob.ar/LPV0001741
Tierra del Fuego,Ley,1246,"Individual, Solo Modificatoria o Sin Eficacia",2018-11-27,2018-12-13,LEY 1.246,Ejercicio de las profesiones en Ciencias Económicas: modificación.,SOLO MODIFICATORIA LEY PROVINCIAL 191  (B.O.P. 12/12/94).EJERCICIO DE LAS PROFESIONES EN CIENCIAS ECONÓMICAS.,www.saij.gob.ar/LPV0001744
Tierra del Fuego,Ley,1247,"Individual, Solo Modificatoria o Sin Eficacia",2018-11-27,2018-12-13,LEY 1.247,EJERCICIO DE LA PROFESIÓN MÉDICO - VETERINARIA: MODIFICACIÓN.,SOLO MODIFICATORIA LEY 583 (B.O.P. 12/09/03).EJERCICIO DE LA PROFESIÓN MÉDICO - VETERINARIA.,www.saij.gob.ar/LPV0001745
Tierra del Fuego,Ley,1248,"Vigente, de alcance general",2018-11-27,2018-12-13,LEY 1.248,"Aprobación del Acuerdo de Financiamiento para la Producción referente a atender las necesidades dirigidas a las micro, pequeñas y medianas empresas radicadas en la provincia","PODER EJECUTIVO PROVINCIAL-APROBACIÓN DE ACUERDO-MICRO,PEQUEÑAS Y MEDIANAS EMPRESAS.",www.saij.gob.ar/LPV0001742
Tierra del Fuego,Ley,1249,"Vigente, de alcance general",2018-11-27,2018-12-13,LEY 1.249,Aprobación de la adjudicación a la empresa YPF SA y se otorga el permiso de exploración hidrocarburífera sobre el área CA-12 Bloque I,PODER EJECUTIVO PROVINCIAL-APROBACIÓN DE ADJUDICACIÓN-EMPRESA YPF S.A.-LICITACIÓN PÚBLICA NACIONAL-EXPLORACIÓN HIDROCARBURIFERA.,www.saij.gob.ar/LPV0001743
Tierra del Fuego,Ley,125,"Individual, Solo Modificatoria o Sin Eficacia",1979-03-28,1979-04-09,Ley 125.,n/d,DISPONE EXPROPIACION POR INTEVU DE INMUEBLES DE EDUARDO VAN AKEN SCA- GOBERNACION-INTEVU-CIUDAD-RIO GRANDE-INMUEBLES-EXPROPIACION-EDUARDO VAN AKEN SCA.,www.saij.gob.ar/LPV0000534
Tierra del Fuego,Ley,125,"Individual, Solo Modificatoria o Sin Eficacia",1993-12-14,1994-01-05,Ley 125,Presupuesto  General  de  Erogaciones  y  Cálculo  de Recursos de la Administración Pública. Ejercicio 1994.,PODER EJECUTIVO PROVINCIAL-ADMINISTRACION PUBLICA-CENTRAL- PRESUPUESTO GENERAL-PRESUPUESTO-ADMINISTRACION GENERAL-DIRECCION OBRAS Y SERVICIOS PUBLICOS-SEGURIDAD-SALUD-ENERGIA-BIENESTAR SOCIAL...,www.saij.gob.ar/LPV0000613
Tierra del Fuego,Ley,1250,"Individual, Solo Modificatoria o Sin Eficacia",2018-11-27,2018-12-19,LEY 1.250,"Bomberos voluntarios: modificación de la ley territorial Nº 414, y leyes provinciales Nº 345 Y 736","Bomberos voluntarios: modificación de la ley territorial Nº 414, y leyes provinciales Nº 345 Y 736",www.saij.gob.ar/LPV0001747
Tierra del Fuego,Ley,1251,"Vigente, de alcance general",2018-11-27,2018-12-19,LEY 1.251,Adhesión a la Ley Nacional Nº 26.862 sobre Reproducción Médicamente Asistida,PODER EJECUTIVO PROVINCIAL-ADHESIÓN A LA LEY NACIONAL Nº 26.862-REPRODUCCIÓN MÉDICAMENTE ASISTIDA-MINISTERIO DE SALUD-OBRA SOCIAL DE LA PROVINCIA DE TIERRA DEL FUEGO (OSPTF).,www.saij.gob.ar/LPV0001746
Tierra del Fuego,Ley,1252,"Individual, Solo Modificatoria o Sin Eficacia",2018-11-27,2018-12-19,LEY 1.252,Régimen para la detección y posterior tratamiento de patologías en el recién nacido. Modificación,SOLO MODIFICATORIA LEY PROVINCIAL 754 (B.O.P. 02/01/08.) SALÚD PÚBLICA- RÉGIMEN PARA LA DETECCIÓN Y POSTERIOR TRATAMIENTO DE PATOLOGÍAS EN EL RECIÉN NACIDO.,www.saij.gob.ar/LPV0001748
Tierra del Fuego,Ley,1253,"Vigente, de alcance general",2018-12-14,2018-12-19,LEY 1.253,"Educación: escuelas provinciales, municipales experimentales - Garantizando el adecuado cumplimiento y desarrollo de las particularidades que conlleva el proyecto educativo institucional",EDUCACIÓN-ESCUELAS PROVINCIALES-MUNICIPALES-EXPERIMENTALES.,www.saij.gob.ar/LPV0001749
Tierra del Fuego,Ley,1254,"Individual, Solo Modificatoria o Sin Eficacia",2018-11-27,2018-12-26,LEY 1.254,LEY ELECTORAL: MODIFICACIÓN,SOLO MODIFICATORIA LEY PROVINCIAL Nº 201 (B.O.P. 09/01/95.) LEY ELECTORAL.,www.saij.gob.ar/LPV0001767
Tierra del Fuego,Ley,1255,"Individual, Solo Modificatoria o Sin Eficacia",2018-12-14,2018-12-26,LEY 1.255,LEY IMPOSITIVA - EJERCICIO 1999: MODIFICACIÓN,SOLO MODIFICATORIA LEY PROVINCIAL Nº 440 (B.O.P.: 01/02/99.) Y LEY PROVINCIAL Nº 907 (B.O.P.: 26/12/12.) LEY IMPOSITIVA - EJERCICIO 1999.,www.saij.gob.ar/LPV0001768
Tierra del Fuego,Ley,1256,"Vigente, de alcance general",2018-12-14,2018-12-26,LEY 1.256,Creación del Círculo de Legisladores de Tierra del Fuego,PODER LEGISLATIVO-CREACIÓN DE CÍRCULO DE LEGISLADORES DE TIERRA DEL FUEGO.,www.saij.gob.ar/LPV0001750
Tierra del Fuego,Ley,1257,"Vigente, de alcance general",2018-12-14,2018-12-26,LEY 1.257,"PODER EJECUTIVO PROVINCIAL: AUTORIZANDO LA PERMUTA DE INMUEBLES PROPIEDAD DE LA PROVINCIA DE LA CIUDAD DE USHUAIA, POR OTRO DE LA CIUDAD DE RÍO GRANDE PROPIEDAD DE LA SOCIEDAD 'TREJO LOGISTIC S.A.'.",PERMUTA DE INMUEBLE-PROPIEDAD USHUAIA-PROPIEDAD RÍO GRANDE-'TREJO LOGISTIC S.A.'.,www.saij.gob.ar/LPV0001751
Tierra del Fuego,Ley,1258,"Vigente, de alcance general",2018-12-14,2018-12-26,LEY 1.258,"PODER EJECUTIVO PROVINCIAL: AUTORIZANDO EN LOS TÉRMINOS DE LA LEY Nº 1015 ARTÍCULO 65, SE PROCEDA A LA VENTA LIBRE DE OCUPANTES, DE BIENES INMUEBLES DE LA PROVINCIA",PODER EJECUTIVO PROVINCIAL-VENTA LIBRE DE OCUPANTES-INMUEBLES DE LA PROVINCIA.,www.saij.gob.ar/LPV0001752
Tierra del Fuego,Ley,1259,"Vigente, de alcance general",2018-12-14,2018-12-26,LEY 1.259,"PODER EJECUTIVO PROVINCIAL: CONVENIO CELEBRADO EL 25 DE JUNIO DE 2001, ENTRE LA PROVINCIA Y LA MISIÓN SALESIANA REGISTRADO BAJO Nº 5261, RATIFICADO POR DECRETO PROVINCIAL Nº 1118/01 Y ACTA ACUERDO COMPLEMENTARIA REGISTRADA BAJO Nº 5364",PODER EJECUTIVO PROVINCIAL-CELEBRANDO CONVENIO ENTRE LA PROVINCIA Y LA MISIÓN SALESIANA.,www.saij.gob.ar/LPV0001753
Tierra del Fuego,Ley,126,Derogada,1979-03-28,1979-04-09,Ley 126,Ley de sanidad canina.,SANIDAD ANIMAL-PERROS-CONTROL SANITARIO-INSCRIPCION REGISTRAL-VIA PUBLICA-INFRACCIONES-MULTAS-SUBSECRETARIA DE SALUD PUBLICA- AUTORIDAD DE APLICACION-TRANSITO DE ANIMALES,www.saij.gob.ar/LPV0000151
Tierra del Fuego,Ley,126,Derogada,1993-12-14,1994-01-07,*Ley 126,Ley de pesca deportiva.,PESCA-PESCA DEPORTIVA-INTERIOR-FLUVIAL-LACUSTRE-MARITIMA-REGLAMENTO AMBIENTE-RESERVA DE PASO-COTOS-CONCURSOS-PROHIBICIONES-INFRACCIONES SANCIONES-PROCEDIMIENTOS-DIRECCION GENERAL DE RECURSOS NATURALES- AUTORIDAD DE APLICACION-MISION Y FUNCIONES-,www.saij.gob.ar/LPV0000620
Tierra del Fuego,Ley,1260,"Vigente, de alcance general",2018-12-14,2018-12-26,LEY 1.260,"EDUCACIÓN: DECLARANDO DE INTERÉS PROVINCIAL LA IMPLEMENTACIÓN DE LA ENSEÑANZA DE AJEDREZ EN LAS ESCUELAS PÚBLICAS DE LA PROVINCIA, EN LOS NIVELES PRIMARIO Y SECUNDARIO",EDUCACIÓN-DECLARACIÓN DE INTERÉS PROVINCIAL-IMPLEMENTACIÓN DE ENSEÑANZA DE AJEDREZ-ESCUELAS PÚBLICAS-NIVELES PRIMARIOS Y SECUNDARIOS.,www.saij.gob.ar/LPV0001754
Tierra del Fuego,Ley,1261,"Vigente, de alcance general",2018-12-14,2018-12-26,LEY 1.261,"PODER EJECUTIVO PROVINCIAL: AUTORIZACIÓN A REALIZAR OPERACIONES DE CRÉDITO PÚBLICO, CUYO VENCIMIENTO EXCEDA EL EJERCICIO, POR HASTA UN MONTO DE DÓLARES ESTADOUNIDENSES DIEZ MILLONES (USD 10.000.000)",PODER EJECUTIVO PROVINCIAL-AUTORIZACIÓN-CRÉDITO PÚBLICO-ADQUISICIÓN-'CASINO USHUAIA'-MINISTERIO DE ECONOMÍA.,www.saij.gob.ar/LPV0001755
Tierra del Fuego,Ley,1262,Derogada,2018-12-14,2018-12-26,LEY 1.262,Modificación del Código Contravencional,DEROGADA POR ART. 2º LEY PROVINCIAL Nº 1309 (B.O.P.: 06/01/2020).SOLO MODIFICATORIA LEY PROVINCIAL Nº 1024 (B.O.P. 19/01/2015.) CÓDIGO CONTRAVENCIONAL.,www.saij.gob.ar/LPV0001769
Tierra del Fuego,Ley,1263,"Vigente, de alcance general",2018-12-14,2018-12-26,LEY 1.263,"PODER EJECUTIVO PROVINCIAL: TRANSFERIR SIN CARGO A LA 'INSTITUCIÓN SALESIANA - COLEGIO DON BOSCO' DE LA CIUDAD DE USHUAIA, EL INMUEBLE UBICADO EN LA CALLE JUAN MANUEL DE ROSAS Nº 54",PODER EJECUTIVO PROVINCIAL-TRANSFERENCIA-'INSTITUCIÓN SALESIANA-COLEGIO DON BOSCO'-INMUEBLE.,www.saij.gob.ar/LPV0001756
Tierra del Fuego,Ley,1264,"Individual, Solo Modificatoria o Sin Eficacia",2018-12-14,2019-01-02,LEY 1.264,BANCO DE TIERRA DEL FUEGO: FONDO RESIDUAL - RÉGIMEN DE LIQUIDACIÓN Y REGULARIZACIÓN DE DEUDAS: MODIFICACIÓN,SOLO MODIFICATORIA LEY PROVINCIAL Nº 783 (B.O.P. 18/09/09.) Y LEY PROVINCIAL Nº 486 (B.O.P. 01/09/00.) BANCO DE TIERRA DEL FUEGO-FONDO RESIDUAL.,www.saij.gob.ar/LPV0001770
Tierra del Fuego,Ley,1265,"Vigente, de alcance general",2018-12-14,2019-01-02,LEY 1.265,Implementación del Programa del Manejo Sustentable del Guanaco. Derogación de la ley provincial Nº 919,PODER EJECUTIVO PROVINCIAL-PROGRMA MANEJO SUSTENTABLE DEL GUANACO-DEROGACIÓN DE LA LEY.,www.saij.gob.ar/LPV0001757
Tierra del Fuego,Ley,1266,"Individual, Solo Modificatoria o Sin Eficacia",2018-12-14,2018-12-14,LEY 1.266,"PODER EJECUTIVO PROVINCIAL: DESTÍNASE RECURSOS DEL RESULTADO POR TENENCIA DE LA EMISIÓN DE TÍTULOS DE DEUDA, PARA EL FINANCIAMIENTO DE OBRAS DE INFRAESTRUCTURA Y BIENES. MODIFICACIÓN",SOLO MODIFICATORIA LEY PROVINCIAL Nº 1235 (B.O.P.: 30/08/18.) EMISIÓN DE TÍTULOS DE DEUDA-FINANCIAMIENTO DE OBRAS DE INFRAESTRUCTURAS Y BIENES.,www.saij.gob.ar/LPV0001771
Tierra del Fuego,Ley,1267,"Vigente, de alcance general",2018-12-14,2019-01-07,LEY 1.267,"PODER EJECUTIVO PROVINCIAL: DESAFECTANDO DE SU CONDICIÓN DE RESERVA FISCAL LOS INMUEBLES IDENTIFICADOS CATASTRALMENTE COMO SECCIÓN K, MACIZO 212 (ORIGEN PARTE REMANENTE 48 A - SECCIÓN RURAL) RÍO GRANDE PARCELA 5, A FAVOR DEL INSTITUTO PROVINCIAL DE VIVIENDA (I.P.V.)",PODER EJECUTIVO PROVINCIAL-DESAFECTACIÓN DE CONDICIÓN DE RESERVA FISCAL-INMUEBLES-CIUDAD DE RÍO GRANDE-INSTITUTO PROVINCIAL DE VIVIENDA (I.P.V.).,www.saij.gob.ar/LPV0001758
Tierra del Fuego,Ley,1268,"Individual, Solo Modificatoria o Sin Eficacia",2018-12-14,2019-01-07,LEY 1.268,SALUD: REGULACIÓN DE LA PRÁCTICA DEL ACOMPAÑANTE TERAPÉUTICO EN EL ÁMBITO DE LA PROVINCIA: MODIFICACIÓN,SOLO MODIFICATORIA LEY PROVINCIAL Nº 1036 (B.O.P.: 10/04/15.) PRÁCTICA DEL ACOMPAÑANTE TERAPÉUTICO-MINISTERIO DE SALUD.,www.saij.gob.ar/LPV0001772
Tierra del Fuego,Ley,1269,"Vigente, de alcance general",2018-12-14,2019-01-07,LEY 1.269,Programa asistencial medico de pensiones especiales,Programa Provincial de Financiameitno Medico Asistencial de Pensiones Especiales RUPE,www.saij.gob.ar/LPV0001269
Tierra del Fuego,Ley,127,"Individual, Solo Modificatoria o Sin Eficacia",1979-03-28,1979-04-09,Ley 127.,n/d,MODIFICATORIA DE LEY SIN EFICACIA-IMPUESTO-GRAVAMEN-TRIBUTO-LEY IMPOSITIVA-EJERCICIO 1979-MODIFICACION-IMPUESTO DE SELLOS.,www.saij.gob.ar/LPV0000313
Tierra del Fuego,Ley,127,"Individual, Solo Modificatoria o Sin Eficacia",1993-12-14,1994-01-07,LEY 127,n/d,PREVISION SOCIAL-PENSION-PENSION GRACIABLE-ETELVIRA-ORENA- HERNANDEZ.,www.saij.gob.ar/LPV0000622
Tierra del Fuego,Ley,1270,"Vigente, de alcance general",2018-12-14,2019-01-07,LEY 1.270,"EMERGENCIA DEL SISTEMA SANITARIO EN EL ÁMBITO DE LA PROVINCIA, POR EL TÉRMINO DE DOCE (12) MESES - DECLARACIÓN",SALUD-EMERGENCIA DEL SISTEMA SANITARIO EN EL ÁMBITO PROVINCIAL.,www.saij.gob.ar/LPV0001760
Tierra del Fuego,Ley,1271,"Vigente, de alcance general",2018-12-14,2019-01-07,LEY 1.271,"Ley de concientiación, Prevención e Erradicación del Grooming",Preveción y tratamiento del Groming,www.saij.gob.ar/LPV0001271
Tierra del Fuego,Ley,1272,"Vigente, de alcance general",2018-12-14,2019-01-07,LEY 1.272,Ley de Ejercicio Profesional de Kinesiología y Fisioterapia,EJERCICIO PROFESIONAL DE KINESIOLOGÍA Y FISIOTERAPIA.,www.saij.gob.ar/LPV0001762
Tierra del Fuego,Ley,1273,"Individual, Solo Modificatoria o Sin Eficacia",2018-12-14,2019-01-07,LEY 1.273,Modificación del Instituto Provincial de Vivienda,SOLO MODIFICATORIA LEY PROVINCIAL Nº 19 (B.O.P. 31/07/92.) INSTITUTO PROVINCIAL DE VIVIENDA.,www.saij.gob.ar/LPV0001773
Tierra del Fuego,Ley,1274,"Vigente, de alcance general",2018-12-14,2019-01-07,LEY 1.274,"Se establece el protocolo para el tratamiento en actos oficiales y privados de la Bandera de la provincia de Tierra del Fuego, Antártida e Islas del Atlántico","BANDERA DE LA PROVINCIA DE TIERRA DEL FUEGO, ANTÁRTIDA E ISLAS DEL ATLÁNTICO SUR.",www.saij.gob.ar/LPV0001763
Tierra del Fuego,Ley,1275,"Vigente, de alcance general",2018-12-14,2019-01-11,LEY 1.275,Adhesión a la Ley Nacional Nº 25.989 sobre Régimen Especial para la Donación de Alimentos y a la Ley Nacional Nº 27.454 de creación del Programa Nacional de Reducción de Pérdidas y Desperdicio de Alimentos,ADHESIÓN PROVINCIAL-LEY NACIONAL-RÉGIMEN ESPECIAL PARA LA DONACIÓN DE ALIMENTOS-PROGRAMA NACIONAL DE REDUCCIÓN DE PÉRDIDAS Y DESPERDICIOS DE ALIMENTOS -REGISTRO DE INSTITUCIONES DE BIEN PÚBLICO RECEPTORAS DE ALIMENTOS.,www.saij.gob.ar/LPV0001764
Tierra del Fuego,Ley,1276,"Vigente, de alcance general",2018-12-14,2019-01-11,LEY 1.276,Adhesión a la Ley Nacional Nº 27.424 sobre Régimen de Fomento a la Generación de Energía Renovable Integrada a la Red Eléctrica Pública,ADHESIÓN PROVINCIAL-LEY NACIONAL-RÉGIMEN DE FOMENTO A LA GENERACIÓN DISTRIBUIDA DE ENERGÍA RENOVABLE INTEGRADA A LA RED PÚBLICA.,www.saij.gob.ar/LPV0001765
Tierra del Fuego,Ley,1277,"Vigente, de alcance general",2018-12-14,2019-01-11,LEY 1.277,"PODER EJECUTIVO PROVINCIAL: ADHESIÓN A LA LEY NACIONAL Nº 27.350, SOBRE USO MEDICINAL DE LA PLANTA DE CANNABIS Y SUS DERIVADOS.",ADHESIÓN PROVINCIAL-LEY NACIONAL-USO MEDICINAL DE LA PLANTYA DE CANNABIS Y SUS DERIVADOS.,www.saij.gob.ar/LPV0001766
Tierra del Fuego,Ley,1278,Derogada,2019-05-21,2019-06-03,LEY 1.278,Código Fiscal: modificación,SOLO MODIFICATORIA LEY 1075 (Publicación: B.O.P.: 22/01/16).CÓDIGO FISCAL-MODIFICACIÓN.,www.saij.gob.ar/LPV0001774
Tierra del Fuego,Ley,1279,"Vigente, de alcance general",2019-05-21,2019-06-06,LEY 1.279,Adhesión de la provincia a la ley nacional 25.856 de de Producción de Software y a la ley 25.922,Se adhiere la provincia a la ley nacional 25.856 de de Producción de Software y a la ley 25.922.,www.saij.gob.ar/LPV0001279
Tierra del Fuego,Ley,128,"Vigente, de alcance general",1979-04-03,1979-04-09,Ley 128,Ratificación de carta orgánica del consejo interprovincial del ministerio de obras publicas,CONSEJO INTERPROVINCIAL DEL MINISTERIO DE OBRAS PUBLICAS-ESTATUTO ORGANICO-MISIONES Y FUNCIONES,www.saij.gob.ar/LPV0000150
Tierra del Fuego,Ley,128,"Vigente, de alcance general",1993-12-21,1994-01-07,Ley 128,No adhesión de la provincia de Tierra del Fuego al sistema integrado de jubilaciones y pensiones (ley Nacional 24241).,PREVISION SOCIAL-SISTEMA INTEGRADO DE JUBILACIONES Y PENSIONES- JUBILACIONES Y PENSIONES,www.saij.gob.ar/LPV0000621
Tierra del Fuego,Ley,1280,"Vigente, de alcance general",2019-05-21,2019-06-06,LEY 1.280,"Industrias creativas, desarollo, fomento, incentivo y protección. Creación de Fondo de Producción",DESARROLLO-FOMENTO-INCENTIVO-PROTECCIÓN-INDUST RIAS CREATIVAS-MINISTERIO DE INDUSTRIA DE LA PROVINCIA-AGENCIA DE RECAUDACIÓN FUEGUINA (AREF).,www.saij.gob.ar/LPV0001776
Tierra del Fuego,Ley,1281,"Vigente, de alcance general",2019-05-21,2019-06-07,LEY 1.281,Declarando emergencia comercial en el ámbito de la provincia,DECLARACIÓN DE EMERGENCIA COMERCIAL-AGENCIA DE RECAUDACIÓN FUEGUINA (AREF)-DIRECCÓN PROVINCIAL DE OBRAS Y SERVICIOS SANITARIOS (DPOSS)-DIRECCIÓN PROVINCIAL DE ENERGÍA (DPE)-COOPERATIVA ELÉCTRICA RÍO GRANDE.,www.saij.gob.ar/LPV0001777
Tierra del Fuego,Ley,1282,"Vigente, de alcance general",2019-05-21,2019-06-07,LEY 1.282,Institúyese en la provincia de Tierra del Fuego el día provincial de las Organizaciones No Gubernamentales  (ONG) el 12 de junio de cada año,INSTITÚYENDO EN EL ÁMBITO PROVINCIAL EL DÍA 12 DE JUNIO COMO DÍA PROVINCIAL DE LAS ORGANIZACIONES NO GUBERNAMENTALES (ONG).,www.saij.gob.ar/LPV0001778
Tierra del Fuego,Ley,1283,"Vigente, de alcance general",2019-08-29,2019-09-13,LEY 1.283,Adhesión a ley nacional Nº 27.351 sobre tarifa espeical para pacientes electrodependientes,PODER EJECUTIVO PROVINCIAL-ADHESIÓN PROVINICAL-LEY NACIONAL-TARIFA ESPECIAL PARA PACIENTES ELECTRODEPENDIENTES-MINISTERIO DE SALUD-MINISTERIO DE ECONOMÍA.,www.saij.gob.ar/LPV0001779
Tierra del Fuego,Ley,1284,"Individual, Solo Modificatoria o Sin Eficacia",2019-08-29,2019-09-20,LEY 1.284,Día provincial de los trabajadores de la sanidad: modificación,DÍA PROVINCIAL DE LOS TRABAJADORES DE LA SANIDAD.,www.saij.gob.ar/LPV0001780
Tierra del Fuego,Ley,1285,"Individual, Solo Modificatoria o Sin Eficacia",2019-08-29,2019-09-30,LEY 1.285,Régimen de jubilaciones y pensiones para el personal de los tres poderes del Estado provincial: modificación.,Régimen de jubilaciones para el personal de los tres poderes del Estado provincial,www.saij.gob.ar/LPV0001782
Tierra del Fuego,Ley,1286,Derogada,2019-08-29,2019-09-30,LEY 1.286,"EDUCACIÓN: DOCENTES CON ENCARGUE DE BIBLIOTECARIO, TUTOR, ASESOR PEDAGÓGICO, EQUIPOS INTERDISCIPLINARIOS DEL GABINETE DE PSICOPEDAGOGÍA Y ASISTENCIA AL ESCOLAR Y DEPARTAMENTO DE ORIENTACIÓN, SERÁN CONSIDERADOS DOCENTE FRENTE EFECTIVO Y DIRECTO DE GRADO.",LEY PROVINCIAL DE EDUCACIÓN.,www.saij.gob.ar/LPV0001781
Tierra del Fuego,Ley,1287,"Vigente, de alcance general",2019-11-29,2019-12-09,LEY 1.287,Expropiación inmuebles en la localidad de Río Grande: declaración de utilidad pública para el desarrollo de un polo productivo,EXPROPIACIÓN INMUEBLES-CIUDAD DE RÍO GRANDE-POLO PRODUCTIVO-INSTITUTO PROVINCIAL DE VIVIENDA (IPV)-INSTITUTO NACIONAL DE TECNOLOGÍA AGROPECUARIA (INTA)-SERVICIO NACIONAL DE SANIDAD Y CALIDAD AGROPECUARIA (SENASA)-MINISTERIO DE ECONOMÍA.,www.saij.gob.ar/LPV0001783
Tierra del Fuego,Ley,1288,"Vigente, de alcance general",2019-11-29,2019-12-09,LEY 1.288,"Salud: publicidad del Estado provincial, sobre la difusión de la inconveniencia de la automedicación en la salud de las personas",SALUD-DIFUSIÓN-AUTOMEDICACIÓN-MINISTERIO DE SALUD-MINISTERIO DE EDUCACIÓN.,www.saij.gob.ar/LPV0001784
Tierra del Fuego,Ley,1289,"Vigente, de alcance general",2019-11-29,2019-12-09,LEY 1.289,"Salud: provisión gratuita de suplementos de ácido fólico a personas que deseen gestar, en edad de procrear",SALUD-ÁCIDO FÓLICO-OBRA SOCIAL DE LA PROVINCIA DE TIERRA DEL FUEGO- MINISTERIO DE SALUD.,www.saij.gob.ar/LPV0001785
Tierra del Fuego,Ley,129,"Individual, Solo Modificatoria o Sin Eficacia",1979-05-11,1979-05-28,Ley 129.,n/d,SUSTITUYE ARTICULOS 2 Y 6 DE LA LEY TERRITORIAL NRO. 118 SOBRE VALUACION INMOBILIARIA.- INMUEBLES-VALUACION INMOBILIARIA-GRAVAMEN-IMPUESTO-TIERRAS FISCALES PLANTA URBANA-PLANTA RURAL-AMBITO DE APLICACION-CONTENIDO- DETERMINACION DEL...,www.saij.gob.ar/LPV0000455
Tierra del Fuego,Ley,129,"Individual, Solo Modificatoria o Sin Eficacia",1994-03-04,1994-03-11,LEY 129,n/d,DEROGA LA LEY P. 52 SOBRE FONDO DE INVERSIONES PARA LA NUEVA PROVINCIA.- IMPUESTO-GRAVAMEN-TRIBUTO-CONTRIBUCION ESPECIAL-FONDO DE INVERSIONES PARA LA NUEVA PROVINCIA-DIRECCION GENERAL DE RENTAS.,www.saij.gob.ar/LPV0000625
Tierra del Fuego,Ley,1290,"Individual, Solo Modificatoria o Sin Eficacia",2019-11-29,2019-12-09,LEY 1.290,Salud pública - Régimen Provincial de Salud Sexual y Reproductiva: Creación: modificacion,SOLO MODIFICATORIA LEY PROVINCIAL 509 (B.O.P.: 01/02/01).SALUD-RÉGIMEN PROVINCIAL DE SALUD SEXUAL Y REPRODUCTIVA-OBRA SOCIAL DE LA PROVINCIA DE TIERRA DEL FUEGO.,www.saij.gob.ar/LPV0001793
Tierra del Fuego,Ley,1291,"Vigente, de alcance general",2019-11-29,2019-12-09,LEY 1.291,"Poder Ejecutivo Provincial: adhesión de la provincia a la Resolución 28/2017 (C.P.), emitida por la Comisión Plenaria del Convenio Multilateral de fecha 09 de noviembre de 2017",PODER EJECUTIVO PROVINCIAL-ADHESIÓN PROVINCIAL A LA RESOLUCIÓN Nº 28/2017 (CP).,www.saij.gob.ar/LPV0001786
Tierra del Fuego,Ley,1292,"Vigente, de alcance general",2019-11-29,2019-12-09,LEY 1.292,"Poder Ejecutivo Provincial: aprobación del Acuerdo de Compromiso Nº 19.523 y el Convenio Bilateral de Financiamiento  Nº 19.524, en relación a la ley nacional Nº 27.260 - Programa Nacional de Reparación Histórica",PODER EJECUTIVO PROVICIAL-APROBACIÓN ACUERDO COPROMISO-Nº 19.523-CONVENIO BILATERAL DE FINANCIAMIENTO-Nº 19.524-LEY NACIONAL Nº 27.260-PROGRAMA NACIONAL DE REPARACIÓN HISTÓRICA.,www.saij.gob.ar/LPV0001787
Tierra del Fuego,Ley,1293,"Vigente, de alcance general",2019-11-29,2019-12-09,LEY 1.293,"Ley Micaela de capacitación obligatoria en género para todas las personas que integran los tres poderes del Estado, adhesión de la provincia a la Ley Nacional Nº 27.499",LEY MICAELA-CAPACITACIÓN OBLIGATORIA-ADHESIÓN PROVINCIAL- LEY NACIONAL Nº 27.499.,www.saij.gob.ar/LPV0001788
Tierra del Fuego,Ley,1294,"Vigente, de alcance general",2019-11-29,2019-12-09,LEY 1.294,Poder Ejecutivo Provincial: Presupuesto de Gastos y Recursos de la Administración Nacional 2019 - Capítulo X ' de las relaciones con las provincias'. Adhesión de la provincia a la ley nacional Nº 27.467 en sus arts. 67 a 69,PODER EJECUTIVO PROVINCIAL-ADHESIÓN PROVINCIAL-LEY NACIONAL Nº 27.467-PRESUPUESTO DE GASTOS Y RECURSOS DE LA ADMINISTRACIÓN NACIONAL.,www.saij.gob.ar/LPV0001789
Tierra del Fuego,Ley,1295,"Individual, Solo Modificatoria o Sin Eficacia",2019-11-29,2019-12-09,LEY 1.295,Banco de Tierra del Fuego: transformación en sociedad anónima. Estatuto. Modificación de la ley provincial Nº 478: sustitución de la denominación por 'Banco Tierra del Fuego',SOLO MODIFICATORIA LEY PROVINCIAL 478 (B.O.P.: 12/05/00).BANCO DE TIERRA DEL FUEGO-MODIFICACIÓN.Sustitúyase la denominación 'Banco Tierra del Fuego Sociedad Anónima'  por 'Banco Tierra del Fuego'. - Art.2º de la Ley Provincial Nº 1295. (B.O.P.:...,www.saij.gob.ar/LPV0001794
Tierra del Fuego,Ley,1296,"Vigente, de alcance general",2019-11-29,2019-12-09,LEY 1.296,"Salud: Programa de Información, Difusión y Promoción de la maniobra de Heimlich","SALUD-MINISTERIO DE SALUD-PROGRAMA DE INFORMACIÓN, DIFUSIÓN Y PROMOCIÓN DE LA MANIOBRA DE HEIMLICH.",www.saij.gob.ar/LPV0001790
Tierra del Fuego,Ley,1297,"Vigente, de alcance general",2019-11-29,2019-12-09,LEY 1.297,EDUCACIÓN: LEY DE BECAS ACADÉMICAS.,EDUCACIÓN-MINISTERIO DE EDUCACIÓN-LEY DE BECAS ACADÉMICAS.,www.saij.gob.ar/LPV0001791
Tierra del Fuego,Ley,1298,"Vigente, de alcance general",2019-11-29,2019-12-09,LEY 1.298,Poder Ejecutivo Provincial: control de admisión y permanencia del público en eventos y espectáculos públicos. Adhesión de la provincia a la Ley Nacional Nº 26.370,PODER EJECUTIVO PROVINCIAL-ADHESIÓN PROVINCIAL-LEY NACIONAL N° 26.370-EVENTOS Y ESPECTÁCULOS PÚBLICOS.,www.saij.gob.ar/LPV0001792
Tierra del Fuego,Ley,1299,"Vigente, de alcance general",2019-11-29,2019-12-12,LEY 1.299,Estableciendo que las obras efectuadas con recursos del fideicomiso Austral en inmuebles de propiedad municipal quedarán como parte del patrimonio de los estados municipales,OBRAS- FIDEICOMISO AUSTRAL-PROPIEDAD MUNICIPAL-ESTADOS MUNICIPALES.,www.saij.gob.ar/LPV0001795
Tierra del Fuego,Ley,13,"Individual, Solo Modificatoria o Sin Eficacia",1971-12-31,1972-02-28,Ley 13.,n/d,AMBITO TEMPORAL CUMPLIDO-ADMINISTRACION PUBLICA-AUTORIDADES SUPERIORES-REMUNERACIONES-ASIGNACIONES.,www.saij.gob.ar/LPV0000373
Tierra del Fuego,Ley,13,"Individual, Solo Modificatoria o Sin Eficacia",1992-05-14,1992-06-10,Ley 13,n/d,DEROGA LEY TERRITORIAL NRO. 496 SOBRE MODIFICACION CODIGO FISCAL.- IMPUESTO-GRAVAMEN-TRIBUTO-IMPUESTO A LOS INGRESOS BRUTOS-CODIGO FISCAL-MODIFICACION-ACTIVIDADES IMPONIBLES.,www.saij.gob.ar/LPV0000384
Tierra del Fuego,Ley,130,"Individual, Solo Modificatoria o Sin Eficacia",1979-06-18,1979-06-25,Ley 130.,n/d,DISPONE EXPROPIACION DE UN INMUEBLE EN LA CIUDAD DE USHUAIA.- GOBERNACION-CIUDAD-USHUAIA-INMUEBLE-EXPROPIACION-BARRIO INDUSTRIAL.,www.saij.gob.ar/LPV0000533
Tierra del Fuego,Ley,130,"Individual, Solo Modificatoria o Sin Eficacia",1994-03-11,1994-03-14,Ley 130,n/d,MODIFICA LEY TERRITORIAL NRO. 445 SOBRE CARRERA SANITARIA.- CARRERA SANITARIA-AGRUPAMIENTOS-NIVELES-ENCUADRAMIENTOS-REGIMEN- ESCALAFONARIO-PREESCALAFONARIO-INGRESO-CONCURSO-COMISION PERMANENTE DE CARRERA-TRIBUNAL DE TACHAS-GUARDIA...,www.saij.gob.ar/LPV0000626
Tierra del Fuego,Ley,1300,"Individual, Solo Modificatoria o Sin Eficacia",2019-11-29,2019-12-12,LEY 1.300,Municipio de Tolhuin: transformación: modificación,SOLO MODIFICATORIA LEY PROVINCIAL 892Ñt (B.O.P.: 09/10/2012).MUNICIPIO DE TOLHUIN-TRANSFORMACIÓN-MODIFICACIÓN.,www.saij.gob.ar/LPV0001796
Tierra del Fuego,Ley,1301,"Vigente, de alcance general",2019-12-17,2019-12-17,LEY 1.301,LEY DE MINISTERIOS.,"LEY DE MINISTERIOS-MINISTERIO JEFATURA DE GABINETE-MINISTERIO DE GOBIERNO, JUSTICIA Y DERECHOS HUMANOS-MINISTERIO DE FINANZAS PÚBLICAS-MINISTERIO DE OBRAS Y SERVICIOS PÚBLICOS-MINISTERIO DE PRODUCCIÓN Y AMBIENTE-MINISTERIO DE SALUD-MINISTERIO DE...",www.saij.gob.ar/LPV0001797
Tierra del Fuego,Ley,1302,"Vigente, de alcance general",2019-12-27,2020-01-06,LEY 1.302,LEY DE SUSTENTABILIDAD Y FORTALECIMIENTO DEL SISTEMA DE LA PREVISIÓN SOCIAL DE LA PROVINCIA.,CAJA DE LA PREVISIÓN SOCIAL DE LA PROVINCIA DE TIERA DEL FUEGO-AGENCIA DE RECAUDACIÓN FUEGUINA (AREF)-BANCO PROVINCIA DE TIERRA DEL FUEGO.,www.saij.gob.ar/LPV0001798
Tierra del Fuego,Ley,1303,"Vigente, de alcance general",2019-12-27,2020-01-06,LEY 1.303,Declara la emergencia del Sistema Sanitario en todo el ámbito de la provincia,DECLARA EMERGENCIA DEL SISTEMA SANITARIO EN LA PROVINCIA-MINISTERIO DE SALUD.,www.saij.gob.ar/LPV0001799
Tierra del Fuego,Ley,1304,"Vigente, de alcance general",2019-12-27,2020-01-06,LEY 1.304,"Declara la emergencia de la infraestructura educativa en los establecimientos de gestión estatal, en todos sus modalidades y niveles dependientes del Ministerio de Educación Cultura, Ciencia y Tecnología","SOLO MODIFICATORIA LEY PROVINCIAL 69 (B.O.P.: 19/04/93).DECLARA EMERGENCIA DE INFRAESTRUCTURA EDUCATIVA EN LOS ESTABLECIMIENTOS DE GENTION ESTATAL-MINISTERIO DE EDUCACION CULTURA, CIENCIA Y TECNOLOGIA.",www.saij.gob.ar/LPV0001800
Tierra del Fuego,Ley,1305,"Vigente, de alcance general",2019-12-27,2020-01-06,LEY 1.305,Ley de Emergencia de Infraestructura y Equipamiento Portuario en el ámbito de la Dirección Provincial de Puertos,LEY DE EMERGENCIA DE INFRAESTRUCTURA Y EQUIPAMIENTO PORTUARIO-DIRECCIÓN PROVINCIAL DE PUERTOS.,www.saij.gob.ar/LPV0001801
Tierra del Fuego,Ley,1306,"Individual, Solo Modificatoria o Sin Eficacia",2019-12-27,2020-01-06,LEY 1.306,Ley de ampliación de destino de los fondos producto de la emisión de títulos de deuda,SOLO MODIFICATORIA LEY PROVINCIAL 1142 ( B.O.P.: 06/01/17). Y LEY PROVINCIAL 1235 (B.O.P.:30/08/18).LEY DE AMPLIACIÓN DE DESTINO DE LOS FONDOS  PRODUCTO DE LA EMISIÓN DE TÍTULOS DE DEUDA.,www.saij.gob.ar/LPV0001803
Tierra del Fuego,Ley,1307,"Individual, Solo Modificatoria o Sin Eficacia",2019-12-27,2020-01-06,LEY 1.307,"Modificación de la ley provincial 69, Dirección Provincial de Puertos","MODIFICACIÓN DE LA LEY PROVINCIAL 69, DIRECCIÓN PROVINCIAL DE PUERTOS. CREACIÓN.",www.saij.gob.ar/LPV0001804
Tierra del Fuego,Ley,1308,"Individual, Solo Modificatoria o Sin Eficacia",2019-12-27,2020-01-06,LEY 1.308,Régimen Turístico Provincial-Instituto Fueguino de Turismo: modificación,SOLO MODIFICATORIA LEY PROVINCIAL 65 (B.O.P.: . 08/01/93).REGIMEN TURISTICO PROVINCIAL-INSTITUTO FUEGUINO DE TURISMO.,www.saij.gob.ar/LPV0001805
Tierra del Fuego,Ley,1309,"Individual, Solo Modificatoria o Sin Eficacia",2019-12-27,2020-01-06,LEY 1.309,Código Contravencional: modificación,SOLO MODIFICATORIA LEY PROVINCIAL 1024 (B.O.P: 19/01/2015).CODIGO CONTRAVENCIONAL.,www.saij.gob.ar/LPV0001806
Tierra del Fuego,Ley,131,"Vigente, de alcance general",1994-03-11,1994-03-14,Ley 131.,Facultad del Poder Ejecutivo Provincial para disponer de los bonos de consolidación.,PODER EJECUTIVO PROVINCIAL-BONOS DE CONSOLIDACION-LEY 23982- FACULTAD-DISTRIBUCION-MUNICIPALIDADES-PATRIMONIO-ACTIVO FINANCIERO- TITULO PUBLICO NACIONAL-AGENTE.,www.saij.gob.ar/LPV0000627
Tierra del Fuego,Ley,131,"Individual, Solo Modificatoria o Sin Eficacia",1979-07-11,1979-07-11,Ley 131.,n/d,SUSTITUYE EL LIBRO PRIMERO PARTE GENERAL Y TITULOS PRIMERO Y SEGUNDO LIBRO SEGUNDO PARTE ESPECIAL DEL CODIGO FISCAL LEY TERRITORIAL NRO. 011.- CODIGO FISCAL-LEY FISCAL-OBLIGACION FISCAL-DIRECCION GENERAL DE...,www.saij.gob.ar/LPV0000454
Tierra del Fuego,Ley,1310,"Vigente, de alcance general",2019-12-27,2020-01-06,LEY 1.310,Régimen Especial de presentación espontánea y regularización de deudas,RÉGIMEN ESPECIAL DE PRESENTACIÓN ESPONTANEA Y REGULARIZACIÓN DE DEUDAS-AGENCIA DE RECAUDACIÓN FUEGUINA (AREF).,www.saij.gob.ar/LPV0001802
Tierra del Fuego,Ley,1311,"Individual, Solo Modificatoria o Sin Eficacia",2019-12-27,2020-01-06,LEY 1.311,"Poder Ejecutivo Provincial: Adhesión a la ley nacional  Nº 26.928, creación del Sistema de Protección Integral para personas trasplantadas: modificación",SOLO MODIFICATORIA LEY PROVINCIAL 1205 (B.O.P.: 11/01/18).CREACIÓN DEL SISTEMA DE PROTECCIÓN INTEGRAL PARA PERSONAS TRASPLANTADAS.,www.saij.gob.ar/LPV0001807
Tierra del Fuego,Ley,1312,"Vigente, de alcance general",2020-05-28,2020-06-02,LEY 1.312,"Declaración de Emergencia Económica, Fiscal, Financiera y Social hasta el 31/12/2020 prorrogable por un año por el Poder Legislativo a solicitud del Poder Ejecutivo","Declaración de Emergencia Económica, Fiscal, Financiera y Social hasta el 31/12/2020 prorrogable por un año por el Poder Legislativo a solicitud del Poder Ejecutivo.",www.saij.gob.ar/LPV0001312
Tierra del Fuego,Ley,1313,"Vigente, de alcance general",2020-05-28,2020-06-08,LEY 1.313,Código Procesal Penal. Prisión domiciliaria. Derecho de la víctima. Modificación de la ley provincial 168,Código Procesal Penal. Prisión domiciliaria. Derecho de la víctima. Modificación de la ley provincial 168.,www.saij.gob.ar/LPV0001313
Tierra del Fuego,Ley,1314,"Vigente, de alcance general",2020-05-28,2020-06-08,LEY 1.314,Aprobación del Acuerdo Consenso Fiscal 2019,Aprobación del Acuerdo Consenso Fiscal 2019.,www.saij.gob.ar/LPV0001314
Tierra del Fuego,Ley,1315,"Vigente, de alcance general",2020-07-03,2020-07-31,LEY 1.315,"Se instituye en la Provincia de Tierra del Fuego, Antártida e Islas del Atlántico Sur, el 21 de marzo de cada año, la celebración anual del «Día Mundial del Síndrome de Down»","en la Provincia de Tierra del Fuego, Antártida e Islas del Atlántico Sur, el 21 de marzo de cada año, la celebración anual del «Día Mundial del Síndrome de Down».",www.saij.gob.ar/LPV0001315
Tierra del Fuego,Ley,1316,"Vigente, de alcance general",2020-07-03,2020-07-31,LEY 1.316,"Se instituye que cada 18 de febrero se promueva la concientización de todas las medidas de inclusión, tolerancia y respeto a las personas con Síndrome de Asperger en correspondencia con la Ley nacional 27.517","que cada 18 de febrero se promueva la concientización de todas las medidas de inclusión, tolerancia y respeto a las personas con Síndrome de Asperger en correspondencia con la Ley nacional 27.517.",www.saij.gob.ar/LPV0001316
Tierra del Fuego,Ley,1317,"Vigente, de alcance general",2020-07-03,2020-07-31,LEY 1.317,"Se denomina con el nombre de «Mujeres Veteranas de la Guerra de Malvinas» a la Escuela Provincial N° 48, ubicada en el barrio Alakalufes II de la ciudad de Ushuaia","Se denomina con el nombre de «Mujeres Veteranas de la Guerra de Malvinas» a la Escuela Provincial N° 48, ubicada en el barrio Alakalufes II de la ciudad de Ushuaia.",www.saij.gob.ar/LPV0001317
Tierra del Fuego,Ley,1318,"Vigente, de alcance general",2020-07-03,2020-07-31,LEY 1.318,Código Procesal Penal. Modificación de la ley provincial 168,Código Procesal Penal. Modificación de la ley provincial 168.,www.saij.gob.ar/LPV0001318
Tierra del Fuego,Ley,1319,"Vigente, de alcance general",2020-09-25,2020-09-30,LEY 1.319,Fondo de Asistencia del Financiamiento para el Sistema Previsional y Fondo de Asistencia Económica COVID - 19. Modificación del art. 17 de la ley provincial 1312,Fondo de Asistencia del Financiamiento para el Sistema Previsional y Fondo de Asistencia Económica COVID - 19. Modificación del art. 17 de la ley provincial 1312.,www.saij.gob.ar/LPV0001319
Tierra del Fuego,Ley,132,"Vigente, de alcance general",1979-07-31,1979-08-13,Ley 132,Adhesión a modificaciones del régimen de coparticipación federal,COPARTICIPACION FEDERAL-CONVENIOS CON LA NACION-CONVENIOS DE ADHESION- MODIFICA LEYES 21.955 Y 20.006,www.saij.gob.ar/LPV0000149
Tierra del Fuego,Ley,132,"Vigente, de alcance general",1993-12-06,1994-04-18,Ley 132,Manual de prevención del sida.,SALUD PUBLICA-SINDROME DE INMUDEFICIENCIA ADQUIRIDA-SIDA-PREVENCION SANITARIA-MANUALES INFORMATIVOS-FUNDACION RECURSOS ESTUDIOS Y DESARROLLO-FRED.,www.saij.gob.ar/LPV0000614
Tierra del Fuego,Ley,1320,"Vigente, de alcance general",2020-09-25,2020-09-30,LEY 1.320,"Aprobación del Convenio de Asistencia Financiera y sus anexos celebrado entre la Provincia de Tierra del Fuego, Antártida e Islas del Atlántico Sur, el Ministerio de Economía de la Nación y el Fondo Fiduciario para el Desarrollo Provincial","Aprobación del Convenio de Asistencia Financiera y sus anexos celebrado entre la Provincia de Tierra del Fuego, Antártida e Islas del Atlántico Sur, el Ministerio de Economía de la Nación y el Fondo Fiduciario para el Desarrollo Provincial.",www.saij.gob.ar/LPV0001320
Tierra del Fuego,Ley,1321,"Vigente, de alcance general",2020-09-25,2020-09-30,LEY 1.321,Ley Orgánica del Poder Judicial. Modificación de la ley provincial 110,Ley Orgánica del Poder Judicial. Modificación de la ley provincial 110.,www.saij.gob.ar/LPV0001321
Tierra del Fuego,Ley,1322,"Vigente, de alcance general",2020-09-25,2020-09-30,LEY 1.322,Adhesión de la provincia a la ley nacional 27.553 de Recetas Electrónicas,Adhesión de la provincia a la ley nacional 27.553 de Recetas Electrónicas.,www.saij.gob.ar/LPV0001322
Tierra del Fuego,Ley,1323,"Vigente, de alcance general",2020-09-25,2020-09-30,LEY 1.323,Creación del 'Protocolo de Asistencia Humanizada' para personas afectadas por patologías terminales,Creación del 'Protocolo de Asistencia Humanizada' para personas afectadas por patologías terminales.,www.saij.gob.ar/LPV0001323
Tierra del Fuego,Ley,1324,"Vigente, de alcance general",2020-09-25,2020-09-30,LEY 1.324,"Régimen Tarifario Específico de servicios públicos para entidades deportivas sin fines de lucro cuyo objeto social sea específicamente deportivo en el ámbito de la provincia de Tierra del Fuego, Antártida e Islas del Atlántico Sur","Régimen Tarifario Específico de servicios públicos para entidades deportivas sin fines de lucro cuyo objeto social sea específicamente deportivo en el ámbito de la provincia de Tierra del Fuego, Antártida e Islas del Atlántico Sur.",www.saij.gob.ar/LPV0001324
Tierra del Fuego,Ley,1325,"Vigente, de alcance general",2020-09-25,2020-09-30,LEY 1.325,Adhesión de la provincia a la Ley nacional 27.554 'Campaña Nacional para la Donación de Plasma Sanguíneo de Pacientes Recuperados de COVID-19. ',Adhesión de la provincia a la Ley nacional 27.554 'Campaña Nacional para la Donación de Plasma Sanguíneo de Pacientes Recuperados de COVID-19. '.,www.saij.gob.ar/LPV0001325
Tierra del Fuego,Ley,1326,"Vigente, de alcance general",2020-09-25,2020-09-30,LEY 1.326,Adhesión de la provincia a la Ley Nacional 27.552 sobre 'Lucha contra la enfermedad de Fibrosis Quística de Páncreas o Mucoviscidosis',Adhesión de la provincia a la Ley Nacional 27.552 sobre 'Lucha contra la enfermedad de Fibrosis Quística de Páncreas o Mucoviscidosis'.,www.saij.gob.ar/LPV0001326
Tierra del Fuego,Ley,1327,"Vigente, de alcance general",2020-09-25,2020-09-30,LEY 1.327,"Implementación de una campaña de información que se desarrollará durante todo el mes de marzo de cada año, sobre concientización, difusión, capacitación, detección precoz y tratamiento sobre la enfermedad denominada Endometriosis","Implementación de una campaña de información que se desarrollará durante todo el mes de marzo de cada año, sobre concientización, difusión, capacitación, detección precoz y tratamiento sobre la enfermedad denominada Endometriosis.",www.saij.gob.ar/LPV0001327
Tierra del Fuego,Ley,1328,Derogada,2020-09-25,2020-10-15,LEY 1.328,Creación del Consejo de Actuación lnterdisciplinaria de Emergencia COVID-19 (CAIE),Creación del Consejo de Actuación lnterdisciplinaria de Emergencia COVID-19 (CAIE).,www.saij.gob.ar/LPV0001328
Tierra del Fuego,Ley,1329,"Vigente, de alcance general",2020-09-25,2020-10-15,LEY 1.329,"Régimen aplicable a la actividad de encargo, confección y uso de sellos aclaratorios de actividades profesionales y del ejercicio de funciones públicas","Régimen aplicable a la actividad de encargo, confección y uso de sellos aclaratorios de actividades profesionales y del ejercicio de funciones públicas.",www.saij.gob.ar/LPV0001329
Tierra del Fuego,Ley,133,"Vigente, de alcance general",1979-08-24,1979-09-03,Ley 133,"Aprobación de modificaciones al convenio multilateral sobre doble imposición (salta, 1977)",DOBLE IMPOSICION-CONVENIO MULTILATERAL-ACTIVIDADES INTERJURISDICCIONALES-BASE IMPONIBLE-CONTRIBUYENTE-RESPONSABLE INSCRIPTO-LIQUIDACION DEL IMPUESTO-INGRESOS BRUTOS,www.saij.gob.ar/LPV0000148
Tierra del Fuego,Ley,1331,"Vigente, de alcance general",2020-09-25,2020-10-20,LEY 1.331,"Creación de la figura del 'Abogados del niño', quien actuará representando legalmente los intereses personales e individuales de las niñas, niños y adolescentes","Creación de la figura del 'Abogados del niño', quien actuará representando legalmente los intereses personales e individuales de las niñas, niños y adolescentes.",www.saij.gob.ar/LPV0001331
Tierra del Fuego,Ley,1332,"Vigente, de alcance general",2020-11-25,2020-12-16,LEY 1.332,Administración Financiera y Sistema de Control Público Provincial. Modificación de la ley provincial 495,Administración Financiera y Sistema de Control Público Provincial. Modificación de la ley provincial 495.,www.saij.gob.ar/LPV0001332
Tierra del Fuego,Ley,1333,"Vigente, de alcance general",2020-12-29,2021-01-05,LEY 1.333,Presupuesto General de Gastos y Recursos de la Administración Pública Provincial - Ejercicio 2021,Presupuesto General de Gastos y Recursos de la Administración Pública Provincial - Ejercicio 2021.,www.saij.gob.ar/LPV0001828
Tierra del Fuego,Ley,1334,"Vigente, de alcance general",2020-12-29,2021-01-05,LEY 1.334,"Prórroga de la Emergencia Económica, Fiscal, Financiera y Social, declarada mediante la Ley provincial 1312, hasta el 31 de diciembre de 2021","Prórroga de la Emergencia Económica, Fiscal, Financiera y Social, declarada mediante la Ley provincial 1312, hasta el 31 de diciembre de 2021.",www.saij.gob.ar/LPV0001334
Tierra del Fuego,Ley,1335,"Vigente, de alcance general",2020-12-29,2021-01-05,LEY 1.335,Código Contravencional. Modificación de la ley 1024,Código Contravencional. Modificación de la ley 1024.,www.saij.gob.ar/LPV0001335
Tierra del Fuego,Ley,1336,"Vigente, de alcance general",2020-12-29,2021-01-05,LEY 1.336,"Prórroga de la Emergencia del Sistema Sanitario, declarada mediante la Ley provincial 1303, hasta el 31 de diciembre de 2021","Prórroga de la Emergencia del Sistema Sanitario, declarada mediante la Ley provincial 1303, hasta el 31 de diciembre de 2021.",www.saij.gob.ar/LPV0001336
Tierra del Fuego,Ley,1337,"Vigente, de alcance general",2020-12-29,2021-01-14,LEY 1.337,Adhesión a la ley nacional 27.575 por la cual se declara el 29 de agosto de cada año el Día de la Persona Donante de Órganos,Adhesión a la ley nacional 27.575 por la cual se declara el 29 de agosto de cada año el Día de la Persona Donante de Órganos.,www.saij.gob.ar/LPV0001337
Tierra del Fuego,Ley,1338,"Vigente, de alcance general",2020-12-29,2021-01-14,LEY 1.338,Se establece el día 6 de noviembre de cada año como Día Provincial de Rememoración del Primer Izamiento de la Bandera Argentina en las Islas Malvinas,Se establece el día 6 de noviembre de cada año como Día Provincial de Rememoración del Primer Izamiento de la Bandera Argentina en las Islas Malvinas.,www.saij.gob.ar/LPV0001338
Tierra del Fuego,Ley,1339,"Vigente, de alcance general",2020-12-29,2021-01-14,LEY 1.339,Aprobación del Convenio de cooperación y asistencia a efectos de fortalecer los sistemas productivos de los agricultures familiares,Aprobación del Convenio de cooperación y asistencia a efectos de fortalecer los sistemas productivos de los agricultures familiares.,www.saij.gob.ar/LPV0001339
Tierra del Fuego,Ley,134,Derogada,1979-10-11,1979-10-22,Ley 134,n/d,DEROGADA PORLEY 148 (B.O. 21-07-80) SOBRE APLICACION DE LEYES NACIONALES EN EL TERRITORIO.- PODER LEGISLATIVO NACIONAL-PODER EJECUTIVO-LEYES-DECRETOS-NORMA JURIDICA-ORDEN JURIDICO-APLICACION EN EL TERRITORIO-APLICACION LEYES NACIONALES.,www.saij.gob.ar/LPV0000225
Tierra del Fuego,Ley,134,"Individual, Solo Modificatoria o Sin Eficacia",1994-03-25,1994-04-22,Ley 134,n/d,MODIFICA LA LEY PROVINCIAL NRO. 50 SOBRE TRIBUNAL DE CUENTAS.- ADMINISTRACION PUBLICA-FONDOS PUBLICOS-TRIBUNAL DE CUENTAS- FUNCIONES-ATRIBUCIONES-MIEMBROS DEL TRIBUNAL-PRESIDENCIA-ESTRUCTURA ACUERDOS PLENARIOS-CONTROL-RENDICION DE...,www.saij.gob.ar/LPV0000629
Tierra del Fuego,Ley,1340,"Vigente, de alcance general",2020-12-29,2021-01-14,LEY 1.340,Código Fiscal. Modificación de la ley 1075,Código Fiscal. Modificación de la ley 1075.,www.saij.gob.ar/LPV0001340
Tierra del Fuego,Ley,1341,"Vigente, de alcance general",2020-12-29,2021-01-19,LEY 1.341,Aprobación del Convenio y su anexo referente a la refinanciación de los créditos otorgados por la Nación a la Provincia a través del Fondo de Garantía de Sustentabilidad,"PODER EJECUTIVO PROVINCIAL: APROBACIÓN DEL CONVENIO Y SU ANEXO, REGISTRADO BAJO Nº 20.373, REFERENTE A LA REFINANCIACIÓN DE LA SUMA ESTABLECIDA POR LA LEY NACIONAL Nº 27.260 Y EL DECRETO NACIONAL Nº 894/16, ENTRE LA PROVINCIA Y LA ADMINISTRACIÓN...",www.saij.gob.ar/LPV0001832
Tierra del Fuego,Ley,1342,"Vigente, de alcance general",2020-12-29,2021-01-19,LEY 1.342,Bibliotecas populares. Modificación de la ley provincial 643,Bibliotecas populares. Modificación de la ley provincial 643.,www.saij.gob.ar/LPV0001342
Tierra del Fuego,Ley,1343,"Vigente, de alcance general",2020-12-29,2021-01-19,LEY 1.343,Declaración al año 2021 como Año del Trigésimo Aniversario de la Constitución Provincial,Declaración al año 2021 como Año del Trigésimo Aniversario de la Constitución Provincial.,www.saij.gob.ar/LPV0001343
Tierra del Fuego,Ley,1344,"Vigente, de alcance general",2020-12-29,2021-01-19,LEY 1.344,Designación con el nombre de Carlos 'Tano' HERNANDEZ al Microestadio de la ciudad de Río Grande,DESIGNACIÓN AL MICROESTADIO DE LA CIUDAD DE RÍO GRANDE CON EL NOMBRE DE CARLOS 'TANO' HERNÁNDEZ.,www.saij.gob.ar/LPV0001834
Tierra del Fuego,Ley,1346,"Vigente, de alcance general",2020-12-29,2021-01-19,LEY 1.346,Declaración a la nutria nativa conocida cómo Huillín como Patrimonio Natural de la Provincia,Declaración a la nutria nativa conocida cómo Huillín como Patrimonio Natural de la Provincia.,www.saij.gob.ar/LPV0001346
Tierra del Fuego,Ley,1347,"Vigente, de alcance general",2020-12-29,2021-01-19,LEY 1.347,Excepción del pago de los servicios brindados por la Dirección Provincial de Obras y Servicios Sanitarios y por la Dirección Provincial de Energía al inmueble propiedad del Centro de Ex-combatientes de Malvinas en Ushuaia,DIRECCIÓN PROVINCIAL DE OBRAS Y SERVICIOS SANITARIOS - DIRECCIÓN PROVINCIAL DE ENERGÍA: EXCEPTUANDO DEL PAGO DE SERVICIOS BRINDADOS AL INMUEBLE PROPIEDAD DEL CENTRO DE EX - COMBATIENTES DE MALVINAS EN LA CIUDAD DE USHAIA DE AVENIDA LEANDRO ALEM Nº...,www.saij.gob.ar/LPV0001837
Tierra del Fuego,Ley,1348,"Vigente, de alcance general",2020-12-29,2021-01-19,LEY 1.348,Régimen de Retiro Anticipado para el personal de la Administración Pública Provincial. Dergoación de la ley provincial 1200,Régimen de Retiro Anticipado para el personal de la Administración Pública Provincial. Dergoación de la ley provincial 1200.,www.saij.gob.ar/LPV0001348
Tierra del Fuego,Ley,1349,"Vigente, de alcance general",2020-12-29,2021-01-20,LEY 1.349,Régimen de jubilaciones y pensiones para el personal dependiente del Estado provincial. Modificación de la ley provincial 561,Régimen de jubilaciones y pensiones para el personal dependiente del Estado provincial. Modificación de la ley provincial 561.,www.saij.gob.ar/LPV0001349
Tierra del Fuego,Ley,135,Derogada,1979-10-11,1979-10-22,Ley 135,n/d,DEROGADA POR LEY 148 (B.O. 21-07-80) SOBRE CONVENIO ENTRE NACION Y PROVINCIA DE BUENOS AIRES RATIFICADO POR LEY 22.055.- PODER EJECUTIVO-PROVINCIA BUENOS AIRES-CONVENIO-PROCESOS PENALES- PRUEBA-REMISION-EFECTOS-RATIFICACION-LEY 22.055.,www.saij.gob.ar/LPV0000209
Tierra del Fuego,Ley,135,"Vigente, de alcance general",1994-04-22,1994-05-04,Ley 135,Modificación de la ley orgánica del Poder Judicial.,PODER JUDICIAL-SUPERIOR TRIBUNAL DE JUSTICIA-JUZGADOS.- MODIFICA LEY P. 110.,www.saij.gob.ar/LPV0000630
Tierra del Fuego,Ley,1350,"Vigente, de alcance general",2021-03-25,2021-03-31,LEY 1.350,Aprobación en todos sus términos del Acuerdo al Consenso Fiscal 2020,Aprobación en todos sus términos del Acuerdo al Consenso Fiscal 2020.,www.saij.gob.ar/LPV0001350
Tierra del Fuego,Ley,1351,"Vigente, de alcance general",2021-03-25,2021-03-31,LEY 1.351,Institución del 8 de noviembre de cada año como 'Día Provincial de Homenaje a los Tripulantes del Submarino ARA SAN JUAN',Institución del 8 de noviembre de cada año como 'Día Provincial de Homenaje a los Tripulantes del Submarino ARA SAN JUAN',www.saij.gob.ar/LPV0001351
Tierra del Fuego,Ley,1352,"Vigente, de alcance general",2021-03-25,2021-03-31,LEY 1.352,Tasas judiciales. Modificación de la ley 162,Tasas judiciales. Modificación de la ley 162.,www.saij.gob.ar/LPV0001352
Tierra del Fuego,Ley,1353,"Vigente, de alcance general",2021-03-25,2021-04-07,LEY 1.353,Incremento de los gastos corrientes y gastos de capital del Presupuesto General de la Administación Central,Incremento de los gastos corrientes y gastos de capital del Presupuesto General de la Administación Central.,www.saij.gob.ar/LPV0001353
Tierra del Fuego,Ley,1354,"Vigente, de alcance general",2021-03-25,2021-05-11,LEY 1.354,Creación del Programa Góndola Saludable,Creación del Programa Góndola Saludable.,www.saij.gob.ar/LPV0001354
Tierra del Fuego,Ley,1355,"Vigente, de alcance general",2021-06-30,2021-07-22,LEY 1.355,Prohibición de Cultivo y Producción de Salmónidos,Prohibición de Cultivo y Producción de Salmónidos,www.saij.gob.ar/LPV0001851
Tierra del Fuego,Ley,1356,"Vigente, de alcance general",2021-06-30,2021-07-22,LEY 1.356,Ejercicio de la Profesión de Nutricionistas y Licenciados en Nutrición de la Provincia,Ejercicio de la Profesión de Nutricionistas y Licenciados en Nutrición de la Provincia.,www.saij.gob.ar/LPV0001356
Tierra del Fuego,Ley,1357,"Vigente, de alcance general",2021-06-30,2021-07-22,LEY 1.357,Programa Provincial de Becas Deportivas,PROGRAMA PROVINCIAL DE BECAS DEPORTIVAS,www.saij.gob.ar/LPV0001853
Tierra del Fuego,Ley,1358,"Vigente, de alcance general",2021-06-30,2021-07-22,LEY 1.358,Prórroga del Régimen Tarifario Específico de Servicios Públicos para Entidades Deportivas sin Fines de Lucro,Prórroga del Régimen Tarifario Específico de Servicios Públicos para Entidades Deportivas sin Fines de Lucro.,www.saij.gob.ar/LPV0001358
Tierra del Fuego,Ley,1359,"Vigente, de alcance general",2021-06-30,2021-07-22,LEY 1.359,Se establece que los alumnos de 4° grado de los establecimientos escolares al tomar la promesa de lealtad a la Bandera sea tomado por un Ex Combatiente de Malvinas,Se establece que los alumnos de 4° grado de los establecimientos escolares al tomar la promesa de lealtad a la Bandera sea tomado por un Ex Combatiente de Malvinas,www.saij.gob.ar/LPV0001359
Tierra del Fuego,Ley,136,"Individual, Solo Modificatoria o Sin Eficacia",1979-10-11,1979-10-29,Ley 136.,n/d,MODIFICATORIA DE LEY SIN EFICACIA-PODER EJECUTIVO TERRITORIAL- ADMINISTRACION PUBLICA-PRESUPUESTO GENERAL-EJERCICIO 1979- MODIFICACION-MINISTERIO DE BIENESTAR SOCIAL.,www.saij.gob.ar/LPV0000312
Tierra del Fuego,Ley,136,"Individual, Solo Modificatoria o Sin Eficacia",1994-04-22,1994-05-04,Ley 136,n/d,DEROGA LA LEY PROVINCIAL Nro. 93 SOBRE PROHIBICION DE CONTRATACION DE PERSONAL QUE NO ACREDITE RADICACION MINIMA DE DOS AÑOS EN LA PROVINCIA - TRABAJO-CONTRATACION DE PERSONAL-PROHIBICION-REQUISITO-RADICACION- PODER...,www.saij.gob.ar/LPV0000631
Tierra del Fuego,Ley,1360,"Vigente, de alcance general",2021-06-30,2021-07-22,LEY 1.360,Creación de la Biblioteca Digital de la Provincia,Creación de la Biblioteca Digital de la Provincia.,www.saij.gob.ar/LPV0001360
Tierra del Fuego,Ley,1361,"Vigente, de alcance general",2021-06-30,2021-07-22,LEY 1.361,Adhesión a la Ley Nacional 27.505 Ceremonia escolar de Promesa de Lealtad a la Constitución Nacional,Adhesión a la Ley Nacional 27.505 Ceremonia escolar de Promesa de Lealtad a la Constitución Nacional.,www.saij.gob.ar/LPV0001361
Tierra del Fuego,Ley,1362,"Vigente, de alcance general",2021-06-30,2021-07-22,LEY 1.362,"Reconocimiento a las Escuelas Provincial N° 8 General José de San Martín, Escuela Provincial N° 32 Iyu, y Escuela provincial N° 38 Presidente Raúl Ricardo Alfonsín como Escuelas Embajadoras de la Paz","Reconocimiento a las Escuelas Provincial N° 8 General José de San Martín, Escuela Provincial N° 32 Iyu, y Escuela provincial N° 38 Presidente Raúl Ricardo Alfonsín como Escuelas Embajadoras de la Paz.",www.saij.gob.ar/LPV0001362
Tierra del Fuego,Ley,1363,"Vigente, de alcance general",2021-06-30,2021-07-22,LEY 1.363,Declaración de interés cultural la creación y funcionamiento de conjunto y/o entidades corales sin fines de lucro,Declaración de interés cultural la creación y funcionamiento de conjunto y/o entidades corales sin fines de lucro.,www.saij.gob.ar/LPV0001363
Tierra del Fuego,Ley,1364,"Vigente, de alcance general",2021-06-30,2021-07-22,LEY 1.364,Regulación de los Servicios de Seguridad Privada,Regulación de los Servicios de Seguridad Privada.,www.saij.gob.ar/LPV0001364
Tierra del Fuego,Ley,1366,Derogada,2021-06-30,2021-07-22,LEY 1.366,"Incorporación con carácter obligatorio, como practica rutinaria de control, de Ecografías Fetales con evaluación cardíaca",SALUD-IMPLEMENTAR CON OBLIGATORIEDAD COMO PRÁCTICA RUTINARIA DE CONTROL LA REALIZACIÓN DE 'ECOGRAFÍAS FETALES CON EVALUACIÓN CARDÍACA' A TODAS LAS EMBARAZADAS-MINISTERIO DE SALUD PROVINCIAL.DEROGADA POR ART. 8º LEY PROVINCIAL Nº 1590 (B.O.P....,www.saij.gob.ar/LPV0001861
Tierra del Fuego,Ley,1366,"Vigente, de alcance general",2021-06-30,2021-07-22,LEY 1.366,"Incorporación con carácter obligatorio, como practica rutinaria de control, de Ecografías Fetales con evaluación cardíaca","Incorporación con carácter obligatorio, como practica rutinaria de control, de Ecografías Fetales con evaluación cardíaca.",www.saij.gob.ar/LPV0001366
Tierra del Fuego,Ley,1367,"Vigente, de alcance general",2021-06-30,2021-07-22,LEY 1.367,Modificación de la ley 1277 de adhesión a la Ley nacional 27.350 sobre Uso Medicinal de la Planta Cannabis,Modificación de la ley 1277 de adhesión a la Ley nacional 27.350 sobre Uso Medicinal de la Planta Cannabis.,www.saij.gob.ar/LPV0001367
Tierra del Fuego,Ley,1368,"Vigente, de alcance general",2021-06-30,2021-07-28,LEY 1.368,Modificación de la Ley provincial 48 que establece el régimen de equiparación de oportunidades para personas con discapacidad,Modificación de la Ley provincial 48 que establece el régimen de equiparación de oportunidades para personas con discapacidad.,www.saij.gob.ar/LPV0001368
Tierra del Fuego,Ley,1369,"Vigente, de alcance general",2021-06-30,2021-07-28,LEY 1.369,Fijación del horario de atención al público para las entidades financieras que operan en la provincia,Fijación del horario de atención al público para las entidades financieras que operan en la provincia.,www.saij.gob.ar/LPV0001369
Tierra del Fuego,Ley,137,Derogada,1994-04-15,1994-05-09,Ley 137,"Prohibición de caza, comercialización e industrialización del lobito de rio y la nutria de mar.",FAUNA-LOBITO DE RIO-NUTRIA DE MAR-PROTECCION-PROHIBICION-CAZA- COMERCIALIZACION-INDUSTRIALIZACION-AUTORIDAD DE APLICACION-REGIMEN DE CONTRAVENCIONES-SECRETARIA DE PLANEAMIENTO CIENCIA Y TECNOLOGIA.,www.saij.gob.ar/LPV0000633
Tierra del Fuego,Ley,137,"Individual, Solo Modificatoria o Sin Eficacia",1979-10-23,1979-11-05,Ley 137.,n/d,RATIFICACION DECRETO TERRITORIAL 793/75 SOBRE DESAFECTACION DEL USO PUBLICO DE CALLES EN RIO GRANDE.- URBANISMO-CIUDAD-RIO GRANDE-DESAFECTACION-CALLES-RATIFICACION- DECRETO 793/75.,www.saij.gob.ar/LPV0000532
Tierra del Fuego,Ley,1370,"Vigente, de alcance general",2021-06-30,2021-07-28,LEY 1.370,Modificación de la Ley provincial 470 que establece el régimen provincial de los partidos políticos,Modificación de la Ley provincial 470 que establece el régimen provincial de los partidos políticos.,www.saij.gob.ar/LPV0001370
Tierra del Fuego,Ley,1371,"Vigente, de alcance general",2021-06-30,2021-08-27,LEY 1.371,Creación del Archivo Audiovisual y Oral de las Memorias de Malvinas denominado BANCO DE MEMORIAS MALVINAS,Creación del Archivo Audiovisual y Oral de las Memorias de Malvinas denominado BANCO DE MEMORIAS MALVINAS,www.saij.gob.ar/LPV0001371
Tierra del Fuego,Ley,1372,"Vigente, de alcance general",2021-06-30,2021-08-27,LEY 1.372,Modificación del art. 6 de la Ley 162 de Tasas Judiciales,Modificación del art. 6 de la Ley 162 de Tasas Judiciales.,www.saij.gob.ar/LPV0001372
Tierra del Fuego,Ley,1373,"Vigente, de alcance general",2021-06-30,2021-09-10,LEY 1.373,"Se garantiza el acceso y comunicación de las personas sordas o hipoacúsicas a través de la lectura facial, gestual y de labios del interlocutor","Se garantiza el acceso y comunicación de las personas sordas o hipoacúsicas a través de la lectura facial, gestual y de labios del interlocutor.",www.saij.gob.ar/LPV0001373
Tierra del Fuego,Ley,1374,"Vigente, de alcance general",2021-09-02,2021-09-16,LEY 1.374,Modificación de la Ley 1371 de creación del Archivo Audiovisual y Oral de las Memorias de Malvinas,Modificación de la Ley 1371 de creación del Archivo Audiovisual y Oral de las Memorias de Malvinas.,www.saij.gob.ar/LPV0001374
Tierra del Fuego,Ley,1375,"Vigente, de alcance general",2021-09-02,2021-09-16,LEY 1.375,"Régimen de Licencia Especial para el cuidado de hijos, hermanos, padres, cónyuges, concubinos o convivientes, pupilos, incapaces o familiares a cargo que padezcan enfermedades crónicas o prolongadas graves","Régimen de Licencia Especial para el cuidado de hijos, hermanos, padres, cónyuges, concubinos o convivientes, pupilos, incapaces o familiares a cargo que padezcan enfermedades crónicas o prolongadas graves.",www.saij.gob.ar/LPV0001375
Tierra del Fuego,Ley,1376,"Vigente, de alcance general",2021-09-30,2021-10-13,LEY 1.376,Modificación de la Ley 440 tasas retributivas de servicios especiales,Modificación de la Ley 440 tasas retributivas de servicios especiales,www.saij.gob.ar/LPV0001376
Tierra del Fuego,Ley,1377,"Vigente, de alcance general",2021-09-30,2021-10-20,LEY 1.377,Adhesión a la Ley Nacional 27.592 Ley Yolanda,Adhesión a la Ley Nacional 27.592 Ley Yolanda.,www.saij.gob.ar/LPV0001377
Tierra del Fuego,Ley,1378,"Vigente, de alcance general",2021-09-30,2021-10-20,LEY 1.378,Modificación de la Ley 913 Día Provincial del Agua,Modificación de la Ley 913 Día Provincial del Agua.,www.saij.gob.ar/LPV0001378
Tierra del Fuego,Ley,1379,"Vigente, de alcance general",2021-09-30,2021-10-25,LEY 1.379,"Ley de Orden de Precedencia en Actos, Recepciones y Ceremonias de carácter público y oficial","LEY DE ORDEN DE PRECEDENCIA PROTOCOLAR EN ACTOS, RECEPCIONES Y CEREMONIAS DE CARÁCTER PÚBLICO Y OFICIAL.",www.saij.gob.ar/LPV0001875
Tierra del Fuego,Ley,138,Derogada,1994-04-29,1994-05-11,Ley 138,"Régimen  de  exenciones  tributarias  mientras esté vigente el pacto federal para el empleo, la producción y el crecimiento.",IMPUESTO-GRAVAMEN-TRIBUTO-REGIMEN TRIBUTARIO-EXENCIONES-PACTO FEDERAL PARA EL EMPLEO LA PRODUCCION Y EL CRECIMIENTO-VIGENCIA- IMPUESTO DE SELLOS-IMPUESTO SOBRE LOS INGRESOS BRUTOS.,www.saij.gob.ar/LPV0000634
Tierra del Fuego,Ley,138,"Individual, Solo Modificatoria o Sin Eficacia",1979-11-06,1979-11-12,Ley 138.,n/d,MODIFICA LIBRO PRIMERO PARTE GENERAL Y TITULO SEGUNDO-IMPUESTO SOBRE LOS INGRESOS BRUTOS DEL LIBRO SEGUNDO DE LA LEY TERRITORIAL NRO. 131 MODIFICATORIA DEL CODIGO FISCAL-MODIFICA LEY TERRITORIAL NRO. 095 DE IMPUESTO DE SELLOS E INCORPORA LA LEY...,www.saij.gob.ar/LPV0000453
Tierra del Fuego,Ley,1380,"Vigente, de alcance general",2021-09-30,2021-10-25,LEY 1.380,Adhesión a la Ley Nacional 26.481 de Promesa a la Bandera Nacional,"PODER EJECUTIVO PROVICIAL: ADHESIÓN A LA LEY NACIONAL Nº 26.481, PROMESA A LA BANDERA NACIONAL.",www.saij.gob.ar/LPV0001876
Tierra del Fuego,Ley,1381,"Vigente, de alcance general",2021-09-30,2021-10-25,LEY 1.381,Sistema Provincial de Pasantías Educativas y de Prácticas Profesionales,SISTEMA PROVINCIAL DE PASANTÍAS EDUCATIVAS Y DE PRÁCTICAS PROFESIONALIZANTES DE LAS PASANTÍAS EDUCATIVAS,www.saij.gob.ar/LPV0001877
Tierra del Fuego,Ley,1382,"Individual, Solo Modificatoria o Sin Eficacia",2021-09-30,2021-10-25,LEY 1.382,Modificación de la Ley 110 Orgánica del Poder Judicial,SOLO MODIFICATORIA LEY PROVINCIAL Nº 110 (B.O.P.: 24/11/93.).LEY ORGANICA DEL PODER JUDICIAL.,www.saij.gob.ar/LPV0001880
Tierra del Fuego,Ley,1383,"Individual, Solo Modificatoria o Sin Eficacia",2021-09-30,2021-10-25,LEY 1.383,Modificación de la Ley 1022 de protección judicial para la víctima de violencia familiar,SOLO MODIFICATORIA LEY PROVINCIAL Nº 1022 (B.O.P.: 16/01/2015.).PROCEDIMIENTO DE PROTECCIÓN JUDICIAL PARA LA VÍCTIMA DE VIOLENCIA FAMILIAR Y LAS SANCIONES PARA QUIEN LA EJERZA: MODIFICACIÓN.,www.saij.gob.ar/LPV0001881
Tierra del Fuego,Ley,1384,"Vigente, de alcance general",2021-09-30,2021-10-25,LEY 1.384,LEY DE HONORARIOS EN EL EJERCICIO DE LA ABOGACIA.,LEY DE HONORARIOS EN EL EJERCICIO DE LA ABOGACIA.,www.saij.gob.ar/LPV0001878
Tierra del Fuego,Ley,1385,"Vigente, de alcance general",2021-09-30,2021-11-02,LEY 1.385,"Leyenda que deberá llevar toda la documentación oficial de los tres poderes del Estado, Administración Centralizada y Descentralizada durante el año 2022","Leyenda que deberá llevar toda la documentación oficial de los tres poderes del Estado, Administración Centralizada y Descentralizada durante el año 2022.",www.saij.gob.ar/LPV0001385
Tierra del Fuego,Ley,1386,"Vigente, de alcance general",2021-09-30,2021-11-02,LEY 1.386,Reconocimiento provincial a cada veterano de guerra mediante el otorgamiento de Medalla y Diploma por la conmemoración del 40º Aniversario de la GESTA HEROICA DE MALVINAS,Reconocimiento provincial a cada veterano de guerra mediante el otorgamiento de Medalla y Diploma por la conmemoración del 40º Aniversario de la GESTA HEROICA DE MALVINAS.,www.saij.gob.ar/LPV0001386
Tierra del Fuego,Ley,1387,"Vigente, de alcance general",2021-10-21,2021-11-02,LEY 1.387,"Modificación de las Leyes 1312 y 1334 de Declaración de Emergencia Económica, Fiscal, Financiera y Social","Modificación de las Leyes 1312 y 1334 de Declaración de Emergencia Económica, Fiscal, Financiera y Social.",www.saij.gob.ar/LPV0001387
Tierra del Fuego,Ley,1387,"Individual, Solo Modificatoria o Sin Eficacia",2021-10-21,2021-11-02,LEY 1.387,"Modificación de las Leyes 1312 y 1334 de Declaración de Emergencia Económica, Fiscal, Financiera y Social","SOLO MODIFICATORIA LEY PROVINCIAL Nº 1334 (B.O.P.: 05/01/21.).SOLO MODIFICATORIA LEY PROVINCIAL Nº 1312 (02/06/20.).DECLARANDO LA EMERGENCIA ECONÓMICA, FISCAL, FINANCIERA Y SOCIAL EN EL ÁMBITO DE LA PROVINCIA.",www.saij.gob.ar/LPV0001883
Tierra del Fuego,Ley,1388,"Vigente, de alcance general",2021-10-21,2021-11-10,LEY 1.388,Creación del Equipo de abogadas y abogados para víctimas de violencias por motivos de géneros,Creación del Equipo de abogadas y abogados para víctimas de violencias por motivos de géneros.,www.saij.gob.ar/LPV0001388
Tierra del Fuego,Ley,1389,"Individual, Solo Modificatoria o Sin Eficacia",2021-11-18,2021-11-26,LEY 1.389,Modificación de la Ley 29 que instituye como Día del Genocidio SELK´NAM el 25 de Noviembre de cada año en todo el territorio de la provincia,SOLO MODIFICATORIA LEY PROVINCIAL Nº 29 (28/09/92.).DÍA DEL INDÍGENA FUEGUINO-MODIFICACIÓN DE LA LEY.,www.saij.gob.ar/LPV0001885
Tierra del Fuego,Ley,139,"Vigente, de alcance general",1994-04-29,1994-05-16,Ley 139,Obligatoriedad de implementar el uso de la bandera Nacional en el frente de edificios públicos.,SIMBOLOS PATRIOS-BANDERA NACIONAL-USO-OBLIGATORIEDAD-FRENTE- EDIFICIOS PUBLICOS.,www.saij.gob.ar/LPV0000635
Tierra del Fuego,Ley,139,"Individual, Solo Modificatoria o Sin Eficacia",1979-12-07,1979-12-07,Ley 139.,n/d,MODIFICATORIA DE LEY SIN EFICACIA-PODER EJECUTIVO TERRITORIAL- ADMINISTRACION PUBLICA-PRESUPUESTO GENERAL-EJERCICIO 1979- MODIFICACION.,www.saij.gob.ar/LPV0000311
Tierra del Fuego,Ley,1390,"Vigente, de alcance general",2021-11-18,2021-12-10,LEY 1.390,"Uso obligatorio del logo de las Islas Malvinas en las camisetas y uniformes deportivos de las selecciones, combinados y deporte individual de todas aquellas disciplinas que representen a la Provincia","Uso obligatorio del logo de las Islas Malvinas en las camisetas y uniformes deportivos de las selecciones, combinados y deporte individual de todas aquellas disciplinas que representen a la Provincia.",www.saij.gob.ar/LPV0001390
Tierra del Fuego,Ley,1391,"Vigente, de alcance general",2021-11-18,2021-12-09,LEY 1.391,Incorporación en el ámbito de los tres Poderes del Estado Provincial la definición de antisemitismo aprobada por la Alianza Internacional para el Recuerdo del Holocausto el 26 de mayo de 2016,Incorporación en el ámbito de los tres Poderes del Estado Provincial la definición de antisemitismo aprobada por la Alianza Internacional para el Recuerdo del Holocausto el 26 de mayo de 2016.,www.saij.gob.ar/LPV0001391
Tierra del Fuego,Ley,1392,"Vigente, de alcance general",2021-11-18,2021-12-09,LEY,"Uso obligatorio de la imagen de las Islas Malvinas en guardapolvos y uniformes de la Educación Inicial, Educación Primaria y Educación Secundaria de la Provincia de Tierra del Fuego Antártida e Islas del Atlántico Sur","Uso obligatorio de la imagen de las Islas Malvinas en guardapolvos y uniformes de la Educación Inicial, Educación Primaria y Educación Secundaria de la Provincia de Tierra del Fuego Antártida e Islas del Atlántico Sur.",www.saij.gob.ar/LPV0001392
Tierra del Fuego,Ley,1393,"Vigente, de alcance general",2021-11-18,2021-12-09,LEY 1.393,"Institución como Día en Recuerdo a las Víctimas de Tránsito el tercer domingo de noviembre de cada año, en homenaje a las víctimas y sus familias","Institución como Día en Recuerdo a las Víctimas de Tránsito el tercer domingo de noviembre de cada año, en homenaje a las víctimas y sus familias.",www.saij.gob.ar/LPV0001393
Tierra del Fuego,Ley,1394,"Individual, Solo Modificatoria o Sin Eficacia",2021-12-20,2021-12-30,LEY 1.394,CÓDIGO FISCAL: MODIFICACIÓN.,Modificación de las leyes provinciales 1075 y 440 CÓDIGO FISCAL-LEY IMPOSITIVA.,www.saij.gob.ar/LPV0001907
Tierra del Fuego,Ley,1395,"Individual, Solo Modificatoria o Sin Eficacia",2021-12-20,2021-12-30,LEY 1.395,Modificación del Código Fiscal,SOLO MODIFICATORIA LEY PROVINCIAL Nº 1075 (B.O.P.:22/01/16).CÓFIGO FISCAL-MODIFICACIÓN.,www.saij.gob.ar/LPV0001908
Tierra del Fuego,Ley,1396,"Vigente, de alcance general",2021-12-20,2021-12-30,LEY 1.396,Régimen Especial de Presentación Espontánea y Regularización de Deudas,RÉGIMEN ESPECIAL DE PRESENTACIÓN ESPONTÁNEA Y REGULARIZACIÓN DE DEUDAS,www.saij.gob.ar/LPV0001900
Tierra del Fuego,Ley,1397,"Vigente, de alcance general",2021-12-20,2022-01-04,LEY 1.397,Aprobación del Acta Acuerdo y sus Anexos referente a la promoción de la inversión y el desarrollo de la Provincia mediante el mecanismo financiero denominado Fideicomiso para el Desarrollo Austral (FIDA),"APROBACIÓN DEL ACTA ACUERDO REGISTRADO BAJO Nº 21.617, REFERENTE A LA PROMOCIÓN DE LA INVERSIÓN Y EL DESARROLLO DE LA PROVINCIA, MEDIANTE EL MECANISMO FINANCIERO DENOMINADO 'FIDEICOMISO PARA EL DESARROLLO AUSTRAL (FIDA)'.",www.saij.gob.ar/LPV0001901
Tierra del Fuego,Ley,1398,"Vigente, de alcance general",2021-12-20,2022-01-04,LEY 1.398,Programa Alcohol Cero al Volante,Programa Alcohol Cero al Volante.,www.saij.gob.ar/LPV0001398
Tierra del Fuego,Ley,1399,"Vigente, de alcance general",2021-12-20,2022-01-04,LEY 1.399,Presupuesto General de Erogaciones y Cálculo de Recursos de la Administración Pública-Ejercicio 2022,TÍTULO I y II PRESUPUESTO DE RECURSOS Y GASTOS DE LA ADMINISTRACIÓN CENTRAL Y ORGANISMOS DESCENTRALIZADOS,www.saij.gob.ar/LPV0001902
Tierra del Fuego,Ley,14,Derogada,1972-02-10,1972-02-21,Ley 14,Dirección de estadística y censos.,DIRECCION DE ESTADISTICA Y CENSOS-CREACION DE ORGANISMOS-MISION Y FUNCIONES-SISTEMA ESTADISTICO TERRITORIAL-CENSOS ESTADISTICAS-DEBER DE INFORMACION-SECRETO ESTADISTICO-INFRACCIONES-SANCIONES-CARGA PUBLICA,www.saij.gob.ar/LPV0000184
Tierra del Fuego,Ley,14,"Individual, Solo Modificatoria o Sin Eficacia",1992-05-14,1992-06-10,LEY 14,n/d,AMBITO TEMPORAL CUMPLIDO-LEY IMPOSITIVA EJERCICIO 1992.- IMPUESTO-GRAVAMEN-TRIBUTO-TASA-LEY IMPOSITIVA-EJERCICIO 1992- DERECHO-CONTRIBUCION-DIRECCION GENERAL DE CATASTRO-CERTIFICADO CATASTRAL-PLANOS DE SUBDIVISION-PLANOS DE MENSURA-DIRECCION DE...,www.saij.gob.ar/LPV0000160
Tierra del Fuego,Ley,140,"Individual, Solo Modificatoria o Sin Eficacia",1979-12-07,1979-12-24,Ley 140.,n/d,DESAFECTACION DEL USO PUBLICO DE CALLES DE LA CIUDAD DE RIO GRANDE.- URBANISMO-CIUDAD-RIO GRANDE-CALLES-DESAFECTACION-RIVADAVIA-COMODORO LUIS PY-SEBASTIAN EL CANO-MANZANA 93-MANZANA 94-MANZANA 95-MANZANA 96.,www.saij.gob.ar/LPV0000531
Tierra del Fuego,Ley,140,"Individual, Solo Modificatoria o Sin Eficacia",1994-04-29,1994-05-16,Ley 140,n/d,"MODIFICA LEY TERRITORIAL NRO. 244 SOBRE REGIMEN DE JUBILACIONES PENSIONES Y RETIROS PARA EL PERSONAL DE LA GOBERNACION,ENTES DESCENTRALIZADOS,MUNICIPALIDADES Y PODER LEGISLATIVO.- PREVISION SOCIAL-JUBILACION-PENSION-RETIRO-PENSION FUEGUINA DE...",www.saij.gob.ar/LPV0000632
Tierra del Fuego,Ley,1400,"Individual, Solo Modificatoria o Sin Eficacia",2021-12-20,2022-01-07,LEY 1.400,Modificación de la Ley de Ministerios,SOLO MODIFICATORIA LEY PROVINCIAL Nº 1301 (B.O.P:  17/12/19.).LEY DE MINISTERIOS-MODIFICACIÓN.,www.saij.gob.ar/LPV0001910
Tierra del Fuego,Ley,1401,"Individual, Solo Modificatoria o Sin Eficacia",2021-12-20,2022-01-07,LEY 1.401,Modificación de la ley provincial 1279 Régimen Provincial de Promoción de la Economía del Conocimiento,Modificación de la ley provincial 1279 Régimen Provincial de Promoción de la Economía del Conocimiento.,www.saij.gob.ar/LPV0001911
Tierra del Fuego,Ley,1402,"Vigente, de alcance general",2021-12-20,2022-01-07,LEY 1.402,Extensión del plazo establecido en el art. 34 de la ley provincial 421 de expropiación pública,LEY DE EXPROPIACIÓN PÚBLICA: EXTENSIÓN DEL PLAZO ESTABLECIDO EN EL ARTÍCULO 34 DE LA LEY PROVINCIAL Nº 421.,www.saij.gob.ar/LPV0001903
Tierra del Fuego,Ley,1403,"Vigente, de alcance general",2021-12-20,2022-01-12,LEY 1.403,Prórroga de la ley 1302 sobre Sustentabilidad y Fortalecimiento del Sistema de la Previsión Social de la Provincia,LEY DE SUSTENTABILIDAD Y FORTALECIMIENTO DEL SISTEMA DE LA PREVISIÓN SOCIAL DE LA PROVINCIA: PRÓRROGA DE LO ESTABLECIDO POR LEY 1302.,www.saij.gob.ar/LPV0001904
Tierra del Fuego,Ley,1404,"Individual, Solo Modificatoria o Sin Eficacia",2021-12-20,2022-01-12,LEY 1.404,Modificación de la ley 911 de Régimen de Licencia prenatal y por maternidad,"SOLO MODIFICATORIA LEY PROVINCIAL Nº 911 (B.O.P.: 18/01/2013.).RÉGIMEN DE LICENCIA PRENATAL Y POR MATERNIDAD, PATERNIDAD, NACIMIENTO, LACTANCIA Y ADOPCIÓN PARA AGENTES DEL ESTADO PROVINCIAL.",www.saij.gob.ar/LPV0001912
Tierra del Fuego,Ley,1405,"Individual, Solo Modificatoria o Sin Eficacia",2021-12-20,2022-01-12,LEY 1.405,Modificación de la ley 1272 del Ejercicio Profesional de Kinesiología y Fisioterapia,SOLO MODIFICATORIA LEY PROVINCIAL Nº 1272 (B.O.P.: 07/01/19.).EJERCICIO PROFESIONAL DE KINESIOLOGÍA Y FISIOTERAPIA-MODIFICACIÓN.,www.saij.gob.ar/LPV0001913
Tierra del Fuego,Ley,1406,"Individual, Solo Modificatoria o Sin Eficacia",2021-12-20,2022-01-12,LEY 1.406,EXCOMBATIENTES - REGISTRO PROVINCIAL DE VETERANOS DE GUERRA: MODIFICACIÓN  - DETERMINACIÓN DEL CÁLCULO DE LA PREVISIÓN.,SOLO MODIFICATORIA LEY PROVINCIAL Nº 407 (B.O.P.:  24/07/98.).EX-COMBATIENTES: BENEFICIOS - REGISTRO PROVINCIAL DE VETERANOS DE GUERRA: CREACION-MODIFICACIÓN.,www.saij.gob.ar/LPV0001914
Tierra del Fuego,Ley,1407,"Vigente, de alcance general",2021-12-20,2022-01-18,LEY 1.407,Creación del Servicio Solidario de Sepelios,SERVICIO SOLIDARIO DE SEPELIOS: CREACIÓN EN EL ÁMBITO DE LA PROVINCIA.,www.saij.gob.ar/LPV0001905
Tierra del Fuego,Ley,1407,"Vigente, de alcance general",2022-01-13,2022-01-18,LEY 1.407,Creación del Servicio Solidario de Sepelios,Creación del Servicio Solidario de Sepelios.,www.saij.gob.ar/LPV0001407
Tierra del Fuego,Ley,1408,"Vigente, de alcance general",2022-01-13,2022-01-18,LEY 1.408,"Adhesión a la Ley Nacional 27.397 Determinaciones de Precios en los Contratos de Obra Pública, Destinados a Viviendas financiados por el Estado nacional","Adhesión a la Ley Nacional 27.397 Determinaciones de Precios en los Contratos de Obra Pública, Destinados a Viviendas financiados por el Estado nacional.",www.saij.gob.ar/LPV0001408
Tierra del Fuego,Ley,1409,"Vigente, de alcance general",2022-03-07,2022-03-08,LEY 1.409,"PODER EJECUTIVO PROVINCIAL: REESTRUCTURACIÓN DE PRÉSTAMOS CONTRAIDOS ENTRE NACIÓN Y PROVINCIA, PLASMADOS EN LOS CONVENIOS REGISTRADOS BAJO Nº 17.565 Y 20.373.","PODER EJECUTIVO PROVINCIAL: REESTRUCTURACIÓN DE PRÉSTAMOS CONTRAIDOS ENTRE NACIÓN Y PROVINCIA, PLASMADOS EN LOS CONVENIOS REGISTRADOS BAJO Nº 17.565 Y 20.373.",www.saij.gob.ar/LPV0001915
Tierra del Fuego,Ley,141,"Vigente, de alcance general",1979-12-21,1979-12-31,Ley 141,"Aprobación de modificaciones a convenio multilateral sobre doble imposición (salta, 1977)",DOBLE IMPOSICION-CONVENIO MULTILATERAL-ACTIVIDADES INTERJURISDICCIONALES-ENTIDADES FINANCIERAS-COMPAÑIAS DE SEGUROS- DISTRIBUCION DEL IMPUESTO,www.saij.gob.ar/LPV0000147
Tierra del Fuego,Ley,141,"Vigente, de alcance general",1994-04-29,1994-05-16,Ley 141,Ley de procedimiento administrativo.,ADMINISTRACION PUBLICA-PROCEDIMIENTO ADMINISTRATIVO-AMBITO DE APLICACION-COMPETENCIA DEL ORGANO-PARTICIPACION EN LAS ACTUACIONES- INTERESADOS-REPRESENTANTES-TERCEROS-CARACTERISTICAS DEL PROCEDIMIENTO-DE LOS EXPEDIENTES-DE LA TRAMITACION-FORMALIDADES...,www.saij.gob.ar/LPV0000636
Tierra del Fuego,Ley,1410,"Vigente, de alcance general",2022-03-07,2022-03-08,LEY 1.410,"PODER EJECUTIVO PROVINCIAL: APROBACIÓN ACUERDO AL CONSENSO FISCAL 2021, ENTRE EL ESTADO NACIONAL Y LA PROVINCIA, REGISTRADO BAJO Nº 21.693.","PODER EJECUTIVO PROVINCIAL: APROBACIÓN ACUERDO AL CONSENSO FISCAL 2021, ENTRE EL ESTADO NACIONAL Y LA PROVINCIA, REGISTRADO BAJO Nº 21.693.",www.saij.gob.ar/LPV0001916
Tierra del Fuego,Ley,1411,"Vigente, de alcance general",2022-03-30,2022-04-01,LEY 1.411,Modificacióin de la ley de Presupuesto General de Erogaciones y Cálculo de Recursos de la Administración Pública Ejercicio 2022,Modificacióin de la ley de Presupuesto General de Erogaciones y Cálculo de Recursos de la Administración Pública Ejercicio 2022.,www.saij.gob.ar/LPV0001411
Tierra del Fuego,Ley,1412,"Vigente, de alcance general",2022-03-30,2022-04-18,LEY 1.412,Modificacion de la ley 1406 que determina la base de cálculo de la pensión prevista por el artículo 5º de la Ley provincial 407,Modificacion de la ley 1406 que determina la base de cálculo de la pensión prevista por el artículo 5º de la Ley provincial 407.,www.saij.gob.ar/LPV0001412
Tierra del Fuego,Ley,1413,"Vigente, de alcance general",2022-03-30,2022-04-28,LEY 1.413,"Reconocimiento como Héroe Provincial a Juan Carlos Ampuero Yañez por el patriotismo y valor demostrado en la recuperación de las Islas Malvinas, Georgias del Sur y Sándwich del Sur","Reconocimiento como Héroe Provincial a Juan Carlos Ampuero Yañez por el patriotismo y valor demostrado en la recuperación de las Islas Malvinas, Georgias del Sur y Sándwich del Sur.",www.saij.gob.ar/LPV1001413
Tierra del Fuego,Ley,1414,"Vigente, de alcance general",2022-03-30,2022-04-28,LEY 1.414,Modificación de la ley provincial 1239 de objetivos permanentes e irrenunciables de la Provincia de Tierra del Fuego,Modificación de la ley provincial 1239 de objetivos permanentes e irrenunciables de la Provincia de Tierra del Fuego.,www.saij.gob.ar/LPV1001414
Tierra del Fuego,Ley,1415,"Vigente, de alcance general",2022-03-30,2022-04-28,LEY 1.415,Incorporación de nombres a diferentes rutas provinciales,Incorporación de nombres a diferentes rutas provinciales.,www.saij.gob.ar/LPV1001415
Tierra del Fuego,Ley,1415,"Vigente, de alcance general",2022-03-30,2022-04-28,LEY 1.415,Incorporación de nombres a diferentes rutas provinciales,LEY DENOMINANDO LAS RUTAS PROVINCIALES.,www.saij.gob.ar/LPV0001920
Tierra del Fuego,Ley,1416,"Vigente, de alcance general",2022-06-16,2022-07-06,LEY 1.416,Modificación de la ley provincial 160 Escribanía General de Gobierno,Modificación de la ley provincial 160 Escribanía General de Gobierno.,www.saij.gob.ar/LPV0001416
Tierra del Fuego,Ley,1417,"Vigente, de alcance general",2022-06-16,2022-07-06,LEY 1.417,Modificación de la ley provincial 1074 Agencia de Recaudación Fueguina,Modificación de la ley provincial 1074 Agencia de Recaudación Fueguina.,www.saij.gob.ar/LPV0001417
Tierra del Fuego,Ley,1418,"Vigente, de alcance general",2022-06-16,2022-07-07,LEY 1.418,Declaración el 15 de mayo de cada año como Día de duelo provincial en conmemoración de los caídos en el accidente de Lear Jet el 15 de mayo de 1984,Declaración el 15 de mayo de cada año como Día de duelo provincial en conmemoración de los caídos en el accidente de Lear Jet el 15 de mayo de 1984.,www.saij.gob.ar/LPV0001418
Tierra del Fuego,Ley,1419,"Vigente, de alcance general",2022-06-16,2022-07-07,LEY 1.419,"PODER EJECUTIVO PROVINCIAL: APROBACIÓN CONVENIO POR MAYOR FINANCIAMIENTO Y SU ANEXO, REGISTRADO BAJO Nº 21.745, REFERENTE A LA AMPLIACIÓN FINANCIERA PARA LA EJECUCIÓN DE LA OBRA 'NUEVA PLANTA DE TRATAMIENTO DE EFLUENTES CLOACALES ARROYO GRANDE' DE LA CIUDAD DE USHUAIA.",Aprobación del Convenio por Mayor Financiamiento y su Anexo referente a la ampliación financiera para la ejecución de la obra denominada 'Nueva Planta de Tratamiento de Efluentes Cloacales Arroyo Grande',www.saij.gob.ar/LPV0001923
Tierra del Fuego,Ley,142,Derogada,1994-05-12,1994-07-13,LEY 142,n/d,NORMA DEROGADA POR ART. 9 LEY 790 (B.O.P. 28/09/09).MODIFICA LEY TERRITORIAL NRO. 369 SOBRE PLAZO PARA REMITIR INFORMES EMANADOS DE LA LEGISLATURA- PODER EJECUTIVO-PODER LEGISLATIVO-FACULTADES COLEGISFERANTES- RESOLUCION DE CAMARA-REMISION DE...,www.saij.gob.ar/LPV0000637
Tierra del Fuego,Ley,142,"Individual, Solo Modificatoria o Sin Eficacia",1980-01-09,1980-01-28,Ley 142.,n/d,OBJETO CUMPLIDO-PODER EJECUTIVO TERRITORIAL-ADMINISTRACION PUBLICA- PRESUPUESTO GENERAL-EJERCICIO 1980.,www.saij.gob.ar/LPV0000310
Tierra del Fuego,Ley,1420,"Vigente, de alcance general",2022-06-16,2022-07-07,LEY 1.420,Modificación de la ley provincial 440 Ley Impositiva,Modificación de la ley provincial 440 Ley Impositiva.,www.saij.gob.ar/LPV0001420
Tierra del Fuego,Ley,1421,"Vigente, de alcance general",2022-06-16,2022-07-07,LEY 1.421,Modificación de la ley provincial 1071 Obra Social de la Provincia de Tierra del Fuego,Modificación de la ley provincial 1071 Obra Social de la Provincia de Tierra del Fuego.,www.saij.gob.ar/LPV0001421
Tierra del Fuego,Ley,1422,"Individual, Solo Modificatoria o Sin Eficacia",2022-06-16,2022-07-07,LEY 1.422,Modificación del Presupuesto de Erogaciones y Cálculo de Recursos de la Administración Pública Ejercicio 2022,SOLO MODIFICATORIA LEY PROVINCIAL Nº 1399 (B.O.P.: 04/01/22.).PRESUPUESTO GENERAL DE EROGACIONES Y CÁLCULO DE RECURSOS DE LA ADMINISTRACIÓN PÚBLICA - EJERCICIO 2022-MODIFICACIÓN.,www.saij.gob.ar/LPV0001929
Tierra del Fuego,Ley,1423,"Vigente, de alcance general",2022-06-16,2022-07-07,LEY 1.423,Creación de Terra Ignis Energía S.A.,Creación de Terra Ignis Energía S.A.,www.saij.gob.ar/LPV0001423
Tierra del Fuego,Ley,1424,"Vigente, de alcance general",2022-06-16,2022-07-12,LEY 1.424,Modificación de la ley provincial 440 Ley Impositiva,Modificación de la ley provincial 440 Ley Impositiva.,www.saij.gob.ar/LPV0001424
Tierra del Fuego,Ley,1425,"Vigente, de alcance general",2022-09-08,2022-09-22,LEY 1.425,Regulación del Ejercicio Profesional de Técnicos Superiores y Operadores de la Psicología Social,LEY REGULANDO EL EJERCICIO PROFESIONAL DE TÉCNICOS SUPERIORES Y OPERADORES DE LA PSICOLOGÍA SOCIAL.,www.saij.gob.ar/LPV0001931
Tierra del Fuego,Ley,1426,"Vigente, de alcance general",2022-09-08,2022-09-22,LEY 1.426,Declaración del día 28 de Julio de cada año como 'Día Provincial de la Integridad Territorial Argentina',DECLARACIÓN DEL DÍA 28 DE JULIO DE CADA AÑO COMO 'DÍA PROVINCIAL DE LA INTEGRIDAD TERRITORIAL ARGENTINA'.,www.saij.gob.ar/LPV0001932
Tierra del Fuego,Ley,1427,"Vigente, de alcance general",2022-09-08,2022-09-22,LEY 1.427,Equiparación de la remuneración de autoridades de los Entes Descentralizados y/o Autárquicos de la provincia al rango ministerial,"EQUIPARACIÓN DE LA REMUNERACIÓN DE AUTORIDADES DE LOS ENTES DESCENTRALIZADOS Y/O AUTÁRQUICOS DE LA PROVINCIA, AL RANGO MINISTERIAL.",www.saij.gob.ar/LPV0001933
Tierra del Fuego,Ley,1428,"Individual, Solo Modificatoria o Sin Eficacia",2022-09-08,2022-09-22,LEY 1.428,AGENCIA DE RECAUDACIÓN FUEGUINA (AREF): CREACIÓN: MODIFICACIÓN.,SOLO MODIFICATORIA LEY PROVINCIAL Nº 1074 ( B.O.P.: 13/01/16).,www.saij.gob.ar/LPV0001947
Tierra del Fuego,Ley,1429,"Vigente, de alcance general",2022-09-08,2022-09-22,LEY 1.429,COLEGIO DE INSTRUMENTADORES QUIRÚRGICOS DE LA PROVINCIA: CREACIÓN.,"Creación del Colegio de Instrumentadores Quirúrgicos de la provincia de Tierra del Fuego, Antártida e Islas del Atlántico Sur",www.saij.gob.ar/LPV0001934
Tierra del Fuego,Ley,143,Derogada,1994-07-01,1994-07-13,Ley 143,n/d,DEROGADA POR LEY 199 (B.O. 6.1.95) SOBRE LEY IMPOSITIVA EJERCICIO 1995.- IMPUESTO-GRAVAMEN-TRIBUTO-REGIMEN TRIBUTARIO-EXENCIONES-PACTO FEDERAL PARA EL EMPLEO LA PRODUCCION Y EL CRECIMIENTO-VIGENCIA- IMPUESTO DE SELLOS-IMPUESTO SOBRE LOS INGRESOS...,www.saij.gob.ar/LPV0000640
Tierra del Fuego,Ley,143,"Individual, Solo Modificatoria o Sin Eficacia",1980-01-29,1980-01-29,LEY 143.,n/d,OBJETO CUMPLIDO-IMPUESTO-GRAVAMEN-TRIBUTO-LEY IMPOSITIVA-EJERCICIO 1980-DE SELLOS-ACTOS-CONTRATOS-OPERACIONES-TASAS RETRIBUTIVAS- SERVICIOS ESPECIALES-MARCAS-SEÑALES-AUTOMOTOR-INGRESOS BRUTOS- INMOBILIARIO.,www.saij.gob.ar/LPV0000309
Tierra del Fuego,Ley,1430,"Vigente, de alcance general",2022-09-08,2022-09-22,LEY 1.430,Regulación del ejercicio profesional de los Técnicos en Emergencias de Salud,MARCO DE REGULACIÓN PARA EL EJERCICIO PROFESIONAL DE LOS TÉCNICOS EN EMERGENCIAS DE SALUD.,www.saij.gob.ar/LPV0001935
Tierra del Fuego,Ley,1431,"Vigente, de alcance general",2022-09-08,2022-09-22,LEY 1.431,Creación del Programa de Fortalecimiento en Infraestructura Educativa,"CREASE EL PROGRAMA DE FORTALECIMIENTO EN INFRAESTRUCTURA EDUCATIVA EN LOS ESTABLECIMIENTOS DE GESTIÓN ESTATAL, EN TODAS SUS MODALIDADES Y NIVELES DEPENDIENTES DEL MINISTERIO DE EDUCACIÓN CULTURA, CIENCIA Y TECNOLOGÍA DE LA PROVINCIA.",www.saij.gob.ar/LPV0001936
Tierra del Fuego,Ley,1432,"Vigente, de alcance general",2022-09-08,2022-09-22,LEY 1.432,Aprobación del Convenio de Fideicomiso de Administración para el Desarrollo Austral (FIDA) y sus Anexos,"PODER EJECUTIVO PROVINCIAL: APROBACIÓN DEL CONVENIO DE FIDEICOMISO DE ADMINISTRACIÓN PARA EL DESARROLLO AUSTRAL (FIDA) Y SUS ANEXOS, REGISTRADO BAJO Nº 22.630, ENTRE LA PROVINCIA Y EL ESTADO NACIONAL Y BICE FIDEICOMISOS S.A.",www.saij.gob.ar/LPV0001937
Tierra del Fuego,Ley,1433,"Vigente, de alcance general",2022-09-08,2022-09-22,LEY 1.433,Aprobación del Convenio de Redeterminación de Precios y su Anexo,"PODER EJECUTIVO PROVINCIAL: APROBACIÓN DEL CONVENIO DE REDETERMINACIÓN DE PRECIOS Y SU ANEXO, REGISTRADO BAJO Nº 22.662, ENTRE LA PROVINCIA Y LA SECRETARÍA DE INFRAESTRUCTURA Y POLÍTICA HÍDRICA DEL MINISTERIO DE OBRAS PÚBLICAS DE LA NACIÓN.",www.saij.gob.ar/LPV0001938
Tierra del Fuego,Ley,1434,"Individual, Solo Modificatoria o Sin Eficacia",2022-09-08,2022-09-22,LEY 1.434,Modificación de la Ley de Ministerios,SOLO MODIFICATORIA LEY PROVINCIAL Nº 1301 (B.O.P.: 17/12/19.),www.saij.gob.ar/LPV0001948
Tierra del Fuego,Ley,1435,"Individual, Solo Modificatoria o Sin Eficacia",2022-09-08,2022-09-22,LEY 1.435,Modificación de la Ley Impositiva-Ejercicio 1999,SOLO MODIFICATORIA LEY PROVINCIAL Nº 440 (B.O.P.: 01/02/99.).,www.saij.gob.ar/LPV0001949
Tierra del Fuego,Ley,1436,"Vigente, de alcance general",2022-09-08,2022-09-22,LEY 1.436,Institución del día 20 de noviembre de cada año como el 'Día de las Infancias en la Antártida',"INSTITÚYESE EL 'DÍA DE LAS INFANCIAS EN LA ANTÁRTIDA' EL DÍA 20 DE NOVIEMBRE DE CADA AÑO, EN HOMENAJE A LAS INFANCIAS QUE DESDE 1978 ACOMPAÑAN A SUS PADRES Y MADRES EN LA ANTÁRTIDA ARGENTINA.",www.saij.gob.ar/LPV0001939
Tierra del Fuego,Ley,1437,"Vigente, de alcance general",2022-09-08,2022-09-22,LEY 1.437,Autorización al Poder Ejecutivo a transferir sin cargo un inmueble a la Prefectura Ushuaia e Islas del Atlántico Sur,"AUTORIZA A TRANSFERIR A FAVOR DE LA PREFECTURA USHUAIA, EL INMUEBLE IDENTIFICADO CATASTRALMENTE COMO PARCELA 356, SECCIÓN RURAL, MATRÍCULA II-B-12, Y LA PARCELA 356 DE LA SECCIÓN RURAL, MATRÍCULA II-B-125.",www.saij.gob.ar/LPV0001940
Tierra del Fuego,Ley,1438,"Vigente, de alcance general",2022-09-08,2022-09-22,LEY 1.438,Programa de Protección Integral a pacientes oncológicos infanto-juveniles,ADHESIÓN LEY NACIONAL 27.674. PROGRAMA DE PROTECCIÓN INTEGRAL A PACIENTES ONCOLÓGICOS INFANTO-JUVENILES.,www.saij.gob.ar/LPV0001941
Tierra del Fuego,Ley,1439,"Vigente, de alcance general",2022-09-08,2022-09-22,LEY 1.439,"Creación de la Red Provincial (ACV) prevención, diagnóstico y tratamiento del accidente cerebrovascular","CREACIÓN DE LA RED PROVINCIAL (ACV), PREVENCIÓN, DIAGNÓSTICO Y TRATAMIENTO DEL ACCIDENTE CEREBROVASCULAR.",www.saij.gob.ar/LPV0001942
Tierra del Fuego,Ley,144,"Vigente, de alcance general",1994-06-06,1994-07-13,Ley 144,Día de la Patagonia,CONMEMORACION-DIA DE LA PATAGONIA-11 DE OCTUBRE.,www.saij.gob.ar/LPV0000645
Tierra del Fuego,Ley,144,"Individual, Solo Modificatoria o Sin Eficacia",1980-02-29,1980-03-03,Ley 144.,n/d,MODIFICATORIA DE LEY SIN EFICACIA-IMPUESTO-GRAVAMEN-TRIBUTO-LEY IMPOSITIVA-EJERCICIO 1980-MODIFICACION.,www.saij.gob.ar/LPV0000308
Tierra del Fuego,Ley,1440,"Vigente, de alcance general",2022-09-08,2022-09-22,LEY 1.440,Eximición del pago de impuestos al Fideicomiso de Administración para el Desarrollo Austral(FIDA),"FIDEICOMISO DE ADMINISTRACIÓN PARA EL DESARROLLO AUSTRAL (FIDA), EXÍMESE DEL PAGO DE IMPUESTOS PREVISTOS EN EL CÓDIGO FISCAL - LEY PROVINCIAL Nº 1075.",www.saij.gob.ar/LPV0001943
Tierra del Fuego,Ley,1441,"Vigente, de alcance general",2022-09-08,2022-09-22,LEY 1.441,Se dispone que en el año 2023 la papelería oficial deberá llevar la leyenda 40 Aniversario de la Restauración de la Democracia,"PAPELERÍA DE USO OFICIAL DE LOS TRES PODERES DEL ESTADO, DEBERÁN LLEVAR LA LEYENDA '2023 - 40º ANIVERSARIO DE LA RESTAURACIÓN DE LA DEMOCRACIA'.",www.saij.gob.ar/LPV0001944
Tierra del Fuego,Ley,1442,"Vigente, de alcance general",2022-09-08,2022-09-22,LEY 1.442,"PODER EJECUTIVO PROVINCIAL: AUTORÍZASE A REALIZAR OPERACIONES DE CRÉDITO PÚBLICO, POR EL MONTO DE PESOS CIENTO VEINTISIETE MILLONES CON 00/100 ($127.000.000,00).","AUTORÍZASE A REALIZAR OPERACIONES DE CRÉDITO PÚBLICO, POR EL MONTO DE PESOS CIENTO VEINTISIETE MILLONES CON 00/100 ($127.000.000,00).",www.saij.gob.ar/LPV0001945
Tierra del Fuego,Ley,1443,"Vigente, de alcance general",2022-09-08,2022-09-22,LEY 1.443,Declaración del 1º de septiembre de cada año como el 'Día de la Poesía Fueguina' en homenaje al escritor Julio José Leite,DECLÁRASE EN EL ÁMBITO DE LA PROVINCIA EL 1º DE SEPTIEMBRE DE CADA AÑO COMO 'DÍA DE LA POESÍA FUEGUINA'.,www.saij.gob.ar/LPV0001946
Tierra del Fuego,Ley,1444,"Individual, Solo Modificatoria o Sin Eficacia",2022-10-31,2022-11-09,LEY 1.444,Modificación del Presupuesto de Erogaciones y Cálculo de Recursos de la Administración Pública Ejercicio 2022,SOLO MODIFICATORIA LEY PROVINCIAL Nº 1422 ( B.O.P. 07/07/22.) PRESUPUESTO GENERAL DE EROGACIONES Y CÁLCULO DE RECURSOS DE LA ADMINISTRACIÓN PÚBLICA - EJERCICIO 2022.,www.saij.gob.ar/LPV0001894
Tierra del Fuego,Ley,1445,"Vigente, de alcance general",2022-10-31,2022-11-10,LEY 1.445,Desafectación del uso público de Reserva Fiscal a un inmueble ubicado en la ciudad de Río Grande,Desafectación del uso público de Reserva Fiscal a un inmueble ubicado en la ciudad de Río Grande.,www.saij.gob.ar/LPV0001445
Tierra del Fuego,Ley,1446,"Vigente, de alcance general",2022-10-31,2022-10-31,LEY 1.446,Bonificación especial sobre los Ingresos Brutos para nuevos contribuyentes que inicien actividad en el régimen local o en el Monotributo Unificado,"ESTABLECE UNA BONIFICACIÓN ESPECIAL, SOBRE LOS INGRESOS BRUTOS, ESTABLECIDO EN LA LEY PROVINCIAL 1075, PARA NUEVOS CONTRIBUYENTES QUE INICIEN ACTIVIDAD EN EL RÉGIMEN LOCAL O EL MONOTRIBUTO UNIFICADO.",www.saij.gob.ar/LPV0001891
Tierra del Fuego,Ley,1447,"Individual, Solo Modificatoria o Sin Eficacia",2022-10-31,2022-11-15,LEY 1.447,Modificación de la ley provincial 162 de Tasas Judiciales,SOLO MODIFICATORIA LEY PROVINCIAL Nº 162 (B.O.P. 19/08/94.).TASAS JUDICIALES.,www.saij.gob.ar/LPV0001895
Tierra del Fuego,Ley,1448,"Vigente, de alcance general",2022-10-31,2022-11-18,LEY 1.448,Aprobación del decreto provincial 2737/22 que adjudica la titularidad de los Bonos Garantizados a la Caja de Previsión Social de la provincia,PODER EJECUTIVO PROVINCIAL: APROBACIÓN EN TODOS SUS TÉRMINOS DEL  DECRETO PROVINCIAL Nº 2737/22 QUE ADJUDICA LA TITULARIDAD DE LOS BONOS GARANTIZADOS A LA CAJA DE PREVISIÓN SOCIAL DE LA PROVINCIA.,www.saij.gob.ar/LPV0001892
Tierra del Fuego,Ley,1449,"Vigente, de alcance general",2022-10-31,2022-11-18,LEY 1.449,Adhesión a la Ley Nacional 27.642 de Promoción de la Alimentación Saludable,"ADHESIÓN A LA LEY NACIONAL Nº 27.642, PROMOCIÓN DE LA ALIMENTACIÓN SALUDABLE.",www.saij.gob.ar/LPV0001893
Tierra del Fuego,Ley,145,"Vigente, de alcance general",1980-03-17,1980-03-17,Ley 145,Promoción del desarrollo económico,PROMOCION INDUSTRIAL-PROMOCION AL TURISMO-RADICACION DE INDUSTRIAS -INDUSTRIA DE LA CONSTRUCCION-SERVICIOS TURISTICOS-BENEFICIOS TRIBUTARIOS-CREDITOS-CREDITOS PARA VIVIENDA-IMPORTACIONES- ASISTENCIA FINANCIERA-CREDITO FISCAL-OBLIGACIONES...,www.saij.gob.ar/LPV0000146
Tierra del Fuego,Ley,145,"Vigente, de alcance general",1994-07-01,1994-07-15,Ley 145,Ley forestal,ECOLOGIA-RECURSOS NATURALES-LEY FORESTAL-MINISTERIO DE ECONOMIA- DIRECCION DE BOSQUES-AUTORIDAD DE APLICACION-RECURSO FORESTAL-  PRODUCTOS FORESTALES-RIQUEZA FORESTAL-DEFENSA-CLASIFICACION DE LOS  BOSQUES-REGIMEN DE PRODUCCION-REGIMEN FORESTAL...,www.saij.gob.ar/LPV0000639
Tierra del Fuego,Ley,1450,"Individual, Solo Modificatoria o Sin Eficacia",2022-10-31,2022-11-18,LEY 1.450,Modificación del Presupuesto de Erogaciones y Cálculo de Recursos de la Administración Pública Ejercicio 2022,SOLO MODIFICATORIA LEY PROVINCIAL Nº 1422 (B.O.P. 07/07/22.) PRESUPUESTO GENERAL DE EROGACIONES Y CÁLCULO DE RECURSOS DE LA ADMINISTRACIÓN PÚBLICA - EJERCICIO 2022: MODIFICACIÓN.,www.saij.gob.ar/LPV0001896
Tierra del Fuego,Ley,1451,"Vigente, de alcance general",2022-10-31,2022-11-22,LEY 1.451,Reestructuración de préstamos contraídos en le Acuerdo Nación Provincias plasmado a través del Convenio Registrado bajo el Nº 17.565,Reestructuración de préstamos contraídos en le Acuerdo Nación Provincias plasmado a través del Convenio Registrado bajo el Nº 17.565,www.saij.gob.ar/LPV0001897
Tierra del Fuego,Ley,1452,"Vigente, de alcance general",2022-10-31,2022-11-22,LEY 1.452,Designación con el nombre de Doctor Ernesto Julio LÖFFLER al edificio del Hospital Regional Río Grande,DESIGNACIÓN DEL EDIFICIO DEL HOSPITAL REGIONAL RÍO GRANDE CON EL NOMBRE DEL DOCTOR ERNESTO JULIO LÖFFLER.,www.saij.gob.ar/LPV0001898
Tierra del Fuego,Ley,1453,"Vigente, de alcance general",2022-10-31,2022-11-22,LEY 1.453,Aprobación del Convenio de Colaboración y sus Anexos referente a la cesión de un inmueble fiscal en el Departamento Río Grande,Aprobación del Convenio de Colaboración y sus Anexos referente a la cesión del inmueble fiscal en el Departamento Río Grande.,www.saij.gob.ar/LPV0001899
Tierra del Fuego,Ley,1454,"Individual, Solo Modificatoria o Sin Eficacia",2022-10-31,2022-11-22,LEY 1.454,"Modificación de la Ley Orgánica del Poder Judicial, del Código Procesal Penal y del Código Contravencional",SOLO MODIFICATORIA LEY PROVINCIAL Nº 110 (B.O.P. 24/11/93.).LEY ORGÁNICA DEL PODER JUDICIAL-MODIFICACIÓN.,www.saij.gob.ar/LPV0001950
Tierra del Fuego,Ley,1455,"Individual, Solo Modificatoria o Sin Eficacia",2022-10-31,2022-11-29,LEY 1.455,Modificación del Presupuesto de Erogaciones y Cálculo de Recursos de la Administración Pública Ejercicio 2022,SOLO MODIFICATORIA LEY PROVINCIAL Nº 1422 (B.O.P.:07/07/22).  PRESUPUESTO GENERAL DE EROGACIONES Y CÁLCULO DE RECURSOS DE LA ADMINISTRACIÓN PÚBLICA - EJERCICIO 2022: MODIFICACIÓN.,www.saij.gob.ar/LPV0001951
Tierra del Fuego,Ley,1456,"Individual, Solo Modificatoria o Sin Eficacia",2022-10-31,2022-12-07,LEY 1.456,Modificación de la ley provincial 561 Régimen de Jubilaciones y Pensiones para el personal del Estado Provincial,SOLO MODIFICATORIA LEY PROVINCIAL Nº 561 (B.O.P.: 27/11/02.).RÉGIMEN DE JUBILACIONES Y PENSIONES PARA EL PERSONAL DE LOS TRES PODERES DE LA ADMINISTRACIÓN PÚBLICA.,www.saij.gob.ar/LPV0001974
Tierra del Fuego,Ley,1457,"Vigente, de alcance general",2022-12-07,2022-12-07,LEY 1.457,Declaración de Emergencia ambiental por incendios forestales,DECLARACIÓN-EMERGENCIA AMBIENTAL-INCENDIOS FORESTALES-MINISTERIO DE ECONOMÍA.,www.saij.gob.ar/LPV0001952
Tierra del Fuego,Ley,1458,"Individual, Solo Modificatoria o Sin Eficacia",2022-12-07,2022-12-12,LEY 1.458,Modificación de la leyes provinciales 561 y 1456 Régimen de Jubilaciones y Pensiones para el personal del Estado Provincial,SOLO MODIFICATORIA LEY PROVICNIAL Nº561 (B.O.P.:  27/11/02.). Y LEY PROVINCIAL Nº 1456 (B.O.P.:07/12/22.).RÉGIMEN DE JUBILACIONES Y PENSIONES PARA EL PERSONAL DE LOS TRES PODERES DEL ESTADO PROVINCIAL.,www.saij.gob.ar/LPV0001975
Tierra del Fuego,Ley,1459,"Vigente, de alcance general",2022-12-07,2022-12-07,LEY 1.459,Institución de la Fiesta Provincial del Invierno que se celebra durante el mes de julio de cada año,"Institución de la Fiesta Provincial del Invierno que se celebra durante el mes de julio de cada año,",www.saij.gob.ar/LPV0001953
Tierra del Fuego,Ley,146,"Vigente, de alcance general",1980-04-02,1980-04-28,Ley 146,Catastro territorial,CATASTROS-CATASTRO TERRITORIAL-AUTORIDAD DE APLICACION-DIRECCION GENERAL DE CATASTRO-ESTADO PARCELARIO-PARCELAS-INSCRIPCION REGISTRAL-TRANSMISIONES DE DOMINIO-AGRIMENSURA-MATRICULACION:REQUISITOS-REGISTROS DE MENSURAS-LEVANTAMIENTO PARCELARIO-...,www.saij.gob.ar/LPV0000145
Tierra del Fuego,Ley,146,"Individual, Solo Modificatoria o Sin Eficacia",1994-06-24,1994-07-22,Ley 146,n/d,OTORGA PENSION GRACIABLE- PREVISION SOCIAL-PENSION-PENSION GRACIABLE-DANIEL ENRIQUE LLANQUIN TORRES.,www.saij.gob.ar/LPV0000648
Tierra del Fuego,Ley,1460,"Vigente, de alcance general",2022-12-07,2022-12-21,LEY 1.460,"Obligatoriedad de uso en la papelería de uso oficial el texto Las Islas Malvinas, Georgias del Sur, Sándwich del Sur y los espacios marítimos e insulares correspondientes son argentinos","Obligatoriedad de uso en la papelería de uso oficial el texto Las Islas Malvinas, Georgias del Sur, Sándwich del Sur y los espacios marítimos e insulares correspondientes son argentinos.",www.saij.gob.ar/LPV0001954
Tierra del Fuego,Ley,1461,"Vigente, de alcance general",2022-12-07,2022-12-21,LEY 1.461,Creación del Área Natural Protegida Península Mitre,CREACIÓN DEL ÁREA NATURAL PROTEGIDA PENÍNSULA MITRE.,www.saij.gob.ar/LPV0001955
Tierra del Fuego,Ley,1462,"Vigente, de alcance general",2022-12-07,2022-12-27,LEY 1.462,Adhesión a la Ley Nacional 27.023 que dispone la obligatoriedad en los medios de transporte de pasajeros de exhibir la leyenda Las Islas Malvinas son Argentinas,Adhesión a la Ley Nacional 27.023 que dispone la obligatoriedad en los medios de transporte de pasajeros de exhibir la leyenda Las Islas Malvinas son Argentinas,www.saij.gob.ar/LPV0001956
Tierra del Fuego,Ley,1463,"Vigente, de alcance general",2022-12-07,2022-12-27,LEY 1.463,Prórroga del plazo establecido en el art. 6 de la ley 1268 que regula la práctica de acompañante terapéutico,SALUD-REGULACIÓN DE LA PRÁCTICA DEL ACOMPAÑANTE TERAPÉUTICO EN EL ÁMBITO DE LA PROVINCIA.,www.saij.gob.ar/LPV0001957
Tierra del Fuego,Ley,1464,"Vigente, de alcance general",2022-12-07,2022-12-27,LEY 1.464,Fiesta Provincial del Gaucho Fueguino,FIESTA PROVINCIAL DEL GAUCHO FUEGUINO.,www.saij.gob.ar/LPV0001958
Tierra del Fuego,Ley,1465,"Vigente, de alcance general",2022-12-07,2022-12-27,LEY 1.465,PRESUPUESTO GENERAL DE EROGACIONES Y CÁLCULO DE RECURSOS DE LA ADMINISTRACIÓN PÚBLICA - EJERCICIO 2023.,PRESUPUESTO GENERAL DE EROGACIONES Y CÁLCULO DE RECURSOS DE LA ADMINISTRACIÓN PÚBLICA - EJERCICIO 2023.,www.saij.gob.ar/LPV0001959
Tierra del Fuego,Ley,1466,"Vigente, de alcance general",2022-12-07,2022-12-29,LEY 1.466,"DEFENSORÍA PROVINCIAL DE LOS DERECHOS DE ÑINAS, NIÑOS Y ADOLESCENTES: CREACIÓN.","DEFENSORÍA PROVINCIAL DE LOS DERECHOS DE ÑINAS, NIÑOS Y ADOLESCENTES: CREACIÓN.",www.saij.gob.ar/LPV0001960
Tierra del Fuego,Ley,1467,"Individual, Solo Modificatoria o Sin Eficacia",2022-12-21,2022-12-29,LEY 1.467,Modificación de la ley 1357 Programa Provincial de Becas Deportivas,SOLO MODIFICATORIA LEY PROVINCIAL Nº 1357 (B.O.P.: 29/12/22.).PROGRAMA PROVINCIAL DE BECAS DEPORTIVAS.,www.saij.gob.ar/LPV0001976
Tierra del Fuego,Ley,1468,"Vigente, de alcance general",2022-12-21,2022-12-29,LEY 1.468,Convenio de Comodato celebrado entre la Dirección Provincial de Puertos y la Asociación Civil de Recuperación de Adicciones Santa Mónica de la ciudad de Río Grande,Convenio de Comodato celebrado entre la Dirección Provincial de Puertos y la Asociación Civil de Recuperación de Adicciones Santa Mónica de la ciudad de Río Grande.,www.saij.gob.ar/LPV0001961
Tierra del Fuego,Ley,1469,"Individual, Solo Modificatoria o Sin Eficacia",2022-12-21,2022-12-29,LEY 1.469,Modificación del Código Contravencional,SOLO MODIFICATORIA LEY PROVINCIAL Nº 1024 (B.O.P.: 19/01/2015.).CÓDIGO CONTRAVENCIONAL.,www.saij.gob.ar/LPV0001977
Tierra del Fuego,Ley,147,Derogada,1980-04-17,1980-05-05,Ley 147,Adhesión a la Ley Nacional 22.172 que aprueba el Convenio sobre comunicaciones entre tribunales de distinta jurisdicción territorial celebrado entre la Nación y la provincia de Santa Fe,Adhesión a la Ley Nacional 22.172 que aprueba el Convenio sobre comunicaciones entre tribunales de distinta jurisdicción territorial celebrado entre la Nación y la provincia de Santa Fe.,www.saij.gob.ar/LPV0000208
Tierra del Fuego,Ley,1470,"Vigente, de alcance general",2022-12-21,2023-01-02,LEY 1.470,Ley de Gestión Integral para la Adaptación y Mitigación del Cambio Climático en la provincia,Ley de Gestión Integral para la Adaptación y Mitigación del Cambio Climático en la provincia,www.saij.gob.ar/LPV0001962
Tierra del Fuego,Ley,1471,"Vigente, de alcance general",2022-12-21,2023-01-06,LEY 1.471,Autorización a contraer deuda pública para la ejecución del Programa de Apoyo a la Transición Energética de Tierra del Fuego Antártida e Islas del Atlántico,AUTORIZACIÓN A CONTRAER DEUDA PÚBLICA PARA LA EJECUCIÓN DEL PROGRAMA DE APOYO PARA LA TRANSICIÓN ENERGÉTICA DE TIERRA DEL FUEGO ANTÁRTIDA E ISLAS DEL ATLÁNTICO SUR.,www.saij.gob.ar/LPV0001963
Tierra del Fuego,Ley,1472,"Vigente, de alcance general",2022-12-21,2023-01-06,LEY 1.472,Creación del Programa Provincial Conozcamos la Antártida Argentina,Programa Provincial: 'Conozcamos la Antártida Argentina',www.saij.gob.ar/LPV0001964
Tierra del Fuego,Ley,1473,"Vigente, de alcance general",2022-12-21,2023-01-06,LEY 1.473,"Creación del Banco de Instrumentos Musicales de la Provincia de Tierra del Fuego, Antártida e Islas del Atlántico Sur",BANCO DE INSTRUMENTOS MUSICALES DE LA PROVINCIA-SECRETARÍA DE CULTURA.,www.saij.gob.ar/LPV0001965
Tierra del Fuego,Ley,1474,"Individual, Solo Modificatoria o Sin Eficacia",2022-12-21,2023-01-03,LEY 1.474,Modificación de la ley provincial 1215 que instituye la Fiesta Provincial de la Lenga Fueguina,Modificación de la ley provincial 1215 que instituye la Fiesta Provincial de la Lenga Fueguina.,www.saij.gob.ar/LPV0001978
Tierra del Fuego,Ley,1475,"Vigente, de alcance general",2022-12-21,2023-01-06,LEY 1.475,Creación de la Galería Digital del Arte,GALERÍA DIGITAL DEL ARTE-SECRETARÍA DE CULTURA.,www.saij.gob.ar/LPV0001966
Tierra del Fuego,Ley,1476,"Vigente, de alcance general",2022-12-21,2023-01-06,LEY 1.476,Adhesión a la Ley Nacional 27.628 que establece el día 17 de mayo como Día del Electrodependiente por Cuestiones de Salud,Adhesión a la Ley Nacional 27.628 que establece el día 17 de mayo como Día del Electrodependiente por Cuestiones de Salud.,www.saij.gob.ar/LPV1001476
Tierra del Fuego,Ley,1477,"Vigente, de alcance general",2022-12-21,2023-01-06,LEY 1.477,Capacitación obligatoria en Objetivos de Desarrollo Sostenible (ODS),FORMACIÓN INTEGRAL EN LA AGENDA 2030 Y CON ESPECIAL ÉNFASIS EN LOS OBJETIVOS DE DESARROLLO SOSTENIBLE (ODS) PARA LAS PERSONAS QUE SE DESEMPEÑEN EN LA FUNCIÓN PÚBLICA.,www.saij.gob.ar/LPV0001968
Tierra del Fuego,Ley,1478,"Vigente, de alcance general",2022-12-21,2023-01-06,LEY 1.478,Adhesión a la Ley Nacional 27.218 Disposiciones Generales del Régimen Tarifario Específico de servicios públicos para Entidades de Bien Público,Adhesión a la Ley Nacional 27.218 Disposiciones Generales del Régimen Tarifario Específico de servicios públicos para Entidades de Bien Público.,www.saij.gob.ar/LPV1001478
Tierra del Fuego,Ley,1479,"Vigente, de alcance general",2022-12-21,2023-01-06,LEY 1.479,Creación del Muro de Homenaje Eterno a nuestros Veteranos y Veteranas de Malvinas,MURO DEL 'HOMENAJE ETERNO A NUESTROS VETERANOS Y VETERANAS DE MALVINAS'.,www.saij.gob.ar/LPV0001970
Tierra del Fuego,Ley,148,"Individual, Solo Modificatoria o Sin Eficacia",1980-07-11,1980-07-21,Ley 148.,n/d,DEROGA LEY TERRITORIAL NRO. 115 SOBRE RATIFICACION MARCAS Y SEÑALES LEY TERRITORIAL NRO. 134 SOBRE APLICACION DE LEYES NACIONALES EN EL TERRITORIO-LEY TERRITORIAL NRO. 135 SOBRE CONVENIO ENTRE NACION Y PROVINCIA DE BUENOS AIRES RATIFICADO POR LEY...,www.saij.gob.ar/LPV0000452
Tierra del Fuego,Ley,148,"Individual, Solo Modificatoria o Sin Eficacia",1994-07-01,1994-07-27,Ley 148,n/d,OTORGA PENSION GRACIABLE.- PREVISION SOCIAL-PENSION-PENSION GRACIABLE-JORGE ANTONIO FOLTZ.,www.saij.gob.ar/LPV0000649
Tierra del Fuego,Ley,1480,"Vigente, de alcance general",2022-12-21,2023-01-06,LEY 1.480,Adhesión a la Ley Nacional 27.306 que declara de interés nacional el abordaje integral e interdisciplinario de los sujetos que presentan Dificultades Específicas del Aprendizaje,Adhesión a la Ley Nacional 27.306 que declara de interés nacional el abordaje integral e interdisciplinario de los sujetos que presentan Dificultades Específicas del Aprendizaje.,www.saij.gob.ar/LPV1001480
Tierra del Fuego,Ley,1481,"Vigente, de alcance general",2022-12-21,2023-01-06,LEY 1.481,"Prohibición a los proveedores de servicios o comercios adheridos al sistema de pago a través de tarjetas de débito, crédito, compra y prepago a requerir documentación sobre la identidad del usuario","Prohibición a los proveedores de servicios o comercios adheridos al sistema de pago a través de tarjetas de débito, crédito, compra y prepago a requerir documentación sobre la identidad del usuario.",www.saij.gob.ar/LPV0001972
Tierra del Fuego,Ley,1482,"Vigente, de alcance general",2022-12-21,2023-01-06,LEY 1.482,Creación del Digesto Jurídico de la Provincia,DIGESTO JURÍDICO DE LA PROVINCIA-TIERRA DEL FUEGO.,www.saij.gob.ar/LPV0001973
Tierra del Fuego,Ley,1483,"Individual, Solo Modificatoria o Sin Eficacia",2022-12-21,2023-01-06,LEY 1.483,Derogación de la ley provincial 1328 de creación del Consejo de Actuación Interdisciplinaria de Emergencia Covid 19,Derogación de la ley provincial 1328 de creación del Consejo de Actuación Interdisciplinaria de Emergencia Covid 19.,www.saij.gob.ar/LPV0001979
Tierra del Fuego,Ley,1484,"Individual, Solo Modificatoria o Sin Eficacia",2022-12-21,2023-01-06,LEY 1.484,"Modificación del Código Procesal Civil, Comercial, Laboral, Rural y Minero","Modificación del Código Procesal Civil, Comercial, Laboral, Rural y Minero.",www.saij.gob.ar/LPV0001980
Tierra del Fuego,Ley,1485,"Vigente, de alcance general",2023-06-08,2023-06-14,LEY 1.485,Modificación de las leyes 1465 y 1062 de Presupuesto General de la Administración Pública y Complementaria Permanente de Presupuesto,Modificación de las leyes 1465 y 1062 de Presupuesto General de la Administración Pública y Complementaria Permanente de Presupuesto.,www.saij.gob.ar/LPV0001485
Tierra del Fuego,Ley,1486,"Vigente, de alcance general",2023-06-08,2023-06-16,LEY 1.486,Régimen de Regularización de Deudas de Obras Sociales y Empresas de Medicina Prepaga,Se establece a partir del 1 ° de Enero de 2023 y hasta el 30 de Abril de 2023 un Régimen de Regularización de Deudas de Obras Sociales y Empresas de Medicina Prepaga.,www.saij.gob.ar/LPV0001486
Tierra del Fuego,Ley,1487,"Vigente, de alcance general",2023-06-08,2023-06-16,LEY 1.487,Modificación de la ley 1461 de creación del Área Natural Protegida Península Mitre,Se sustituye el inc. e) del art. 22 de la ley 1461 de creación del Área Natural Protegida Península Mitre.,www.saij.gob.ar/LPV0001487
Tierra del Fuego,Ley,1488,"Vigente, de alcance general",2023-06-08,2023-06-29,LEY 1.488,Adhesión de la provincia a la Ley nacional 27.711 Certificado Único de Discapacidad (CUD),Adhesión de la provincia a la Ley nacional 27.711 Certificado Único de Discapacidad (CUD).,www.saij.gob.ar/LPV0001488
Tierra del Fuego,Ley,1489,"Vigente, de alcance general",2023-06-08,2023-07-05,LEY 1.489,"Modificación de la ley 1466 que crea la Defensoría Provincial de Derechos de Niñas, Niños y Adolescentes","Se modifica la ley 1466 que crea la Defensoría Provincial de Derechos de Niñas, Niños y Adolescentes.",www.saij.gob.ar/LPV0001489
Tierra del Fuego,Ley,149,"Individual, Solo Modificatoria o Sin Eficacia",1980-07-29,1980-08-25,Ley 149.,n/d,MODIFICATORIA DE LEY SIN EFICACIA-PODER EJECUTIVO TERRITORIAL- ADMINISTRACION PUBLICA-PRESUPUESTO GENERAL-EJERCICIO 1980- MODIFICACION-MINISTERIO DE BIENESTAR SOCIAL.,www.saij.gob.ar/LPV0000307
Tierra del Fuego,Ley,149,"Individual, Solo Modificatoria o Sin Eficacia",1994-07-01,1994-07-27,Ley 149,n/d,OTORGA PENSION GRACIABLE.- PREVISION SOCIAL-PENSION-PENSION GRACIABLE-MIGUEL HERIBERTO SALAZAR.,www.saij.gob.ar/LPV0000650
Tierra del Fuego,Ley,1490,"Vigente, de alcance general",2023-07-12,2023-07-17,LEY 1.490,"Convenio de Adhesión Financiera suscripto entre la Provincia, el Ministerio de Educación de la Nación y el Fondo Fiduciario para el Desarrollo Provincial","CONVENIO DE ASISTENCIA FINANCIERA-SUSCRIPTO ENTRE LA PROVINCIA, EL EL MINISTERIO DE ECONOMIA DE LA NACION Y EL FONDO FIDUCIARIO PARA EL DESARROLLO PROVINCIAL.",www.saij.gob.ar/LPV0001986
Tierra del Fuego,Ley,1491,"Vigente, de alcance general",2023-07-12,2023-07-26,LEY 1.491,Adhesión de la provincia a la Ley Nacional 27.535 Derecho a recibir educación sobre folclore,"Adhesión de la provincia de Tierra del Fuego, Antártida e Islas del Atlántico Sur a la Ley nacional 27.535 Derecho a recibir educación sobre folclore.",www.saij.gob.ar/LPV0001491
Tierra del Fuego,Ley,1492,"Vigente, de alcance general",2023-07-12,2023-07-26,LEY 1.492,Suspensión de la aplicación del Impuesto Inmobiliario establecido en el Código Fiscal desde el 22 de junio de 2023 hasta el 31 de diciembre de 2023,"SUSPENSION DEL 'IMPUESTO INMOBILIARIO' DESDE EL 22 DE JUNIO DE 2023 HASTA EL 31 DE DICIEMBRE DE 2023-TIERRA DEL FUEGO, ANTARTIDA E ISLAS DEL ATLANTICO SUR.",www.saij.gob.ar/LPV0001988
Tierra del Fuego,Ley,1493,"Vigente, de alcance general",2023-07-12,2023-07-26,LEY 1.493,Suspensión de las ejecuciones hipotecarias sobre mutuos otorgados con cláusula de ajuste por Unidad de Valor Adquisitivo (UVA) que tengan por objeto la vivienda única familiar y de ocupación permanente hasta el 31 de diciembre de 2023,Suspensión de las ejecuciones hipotecarias sobre mutuos otorgados con cláusula de ajuste por Unidad de Valor Adquisitivo (UVA) que tengan por objeto la vivienda única familiar y de ocupación permanente hasta el 31 de diciembre de 2023.,www.saij.gob.ar/LPV0001493
Tierra del Fuego,Ley,1494,"Individual, Solo Modificatoria o Sin Eficacia",2023-07-12,2023-07-26,LEY 1.494,Modificación de la ley provincial 352 régimen de declaraciones juradas patrimoniales y requerimientos de justificación de incrementos patrimoniales,SOLO MODIFICATORIA LEY PROVINCIAL Nº 352 (B.O.P: 20/01/97.). REGIMEN DE DECLARACIONES JURADAS PATRIMONIALES Y REQUERIMIENTOS DE JUSTIFICACION PATRIMONIALES.,www.saij.gob.ar/LPV0001992
Tierra del Fuego,Ley,1495,"Vigente, de alcance general",2023-07-12,2023-07-26,LEY 1.495,"Adhesión a la ley 27.709 que crea el Plan Federal de Capacitación sobre Derechos de Niñas, Niños y Adolescentes","CREACION DEL PLAN FEDERAL DE CAPACITACION SOBRE DERECHOS DE NIÑAS, NIÑOS Y ADOLESCENTES-ADHESION LEY NACIONAL Nº 27.709.",www.saij.gob.ar/LPV0001990
Tierra del Fuego,Ley,1496,"Vigente, de alcance general",2023-06-08,2023-07-27,LEY 1.496,"Protección eficaz de los derechos, garantías y libertades reconocidos en la Constitución Nacional, Tratados Internacionales de Derechos Humanos, Constitución Provincial y las leyes que los reglamenten","Protección eficaz de los derechos, garantías y libertades reconocidos en la Constitución Nacional, Tratados Internacionales de Derechos Humanos, Constitución Provincial y las leyes que los reglamenten.",www.saij.gob.ar/LPV0001496
Tierra del Fuego,Ley,1497,"Individual, Solo Modificatoria o Sin Eficacia",2023-09-29,2023-09-30,LEY 1.497,Modificación del Código Fiscal,SOLO MODIFICATORIA LEY PROVINCIAL Nº 1075 (B.O.P.: 22/01/2016.).CÓDIGO FISCAL-MODIFICACIÓN.,www.saij.gob.ar/LPV0001994
Tierra del Fuego,Ley,1498,"Individual, Solo Modificatoria o Sin Eficacia",2023-09-29,2023-09-30,LEY 1.498,Modificación de la Ley Impositiva-Ejercicio 1999,SOLO MODIFICATORIA LEY PROVINCIAL Nº 440 (B.O.P: 01/02/1999).LEY IMPOSITIVA - EJERCICIO 1999 - MODIFICACIÓN.,www.saij.gob.ar/LPV0001995
Tierra del Fuego,Ley,1499,"Vigente, de alcance general",2023-09-29,2023-09-30,LEY 1.499,Suspensión de la aplicación del Impuesto Inmobiliario hasta el 31 de diciembre de 2024,CÓDIGO FISCAL: SUSPENSIÓN DE LA APLICACIÓN DEL IMPUESTO INMOBILIARIO HASTA EL 31 DE DICIEMBRE DE 2024.,www.saij.gob.ar/LPV0001993
Tierra del Fuego,Ley,15,"Vigente, de alcance general",1992-06-04,1992-06-12,Ley 15,Adhesión de la provincia al régimen establecido por la ley Nacional 23966.,IMPUESTO A LOS COMBUSTIBLES LIQUIDOS Y GAS NATURAL-CONVENIOS DE ADHESION,www.saij.gob.ar/LPV0000188
Tierra del Fuego,Ley,15,"Individual, Solo Modificatoria o Sin Eficacia",1972-02-10,1972-02-28,Ley 15.,n/d,OBJETO CUMPLIDO-PODER EJECUTIVO TERRITORIAL-ADMINISTRACION PUBLICA- PRESUPUESTO GENERAL-EJERCICIO 1972.,www.saij.gob.ar/LPV0000372
Tierra del Fuego,Ley,150,"Individual, Solo Modificatoria o Sin Eficacia",1980-08-27,1980-09-08,Ley 150.,n/d,"MODIFICA LEYES TERRITORIALES NROS. 11,95,97,131 Y 138 SOBRE CODIGO FISCAL.- CODIGO FISCAL-LEY FISCAL-OBLIGACION FISCAL-DIRECCION GENERAL DE RENTAS-FUNCIONES-FACULTADES-IMPUESTOS-GRAVAMENES-TASAS- CONTRIBUCIONES-DOMICILIO...",www.saij.gob.ar/LPV0000451
Tierra del Fuego,Ley,150,"Individual, Solo Modificatoria o Sin Eficacia",1994-07-01,1994-07-27,Ley 150,n/d,OTORGA PENSION GRACIABLE.- PREVISION SOCIAL-PENSION-PENSION GRACIABLE-RICARDO OSCAR PEREZ.,www.saij.gob.ar/LPV0000651
Tierra del Fuego,Ley,1500,"Vigente, de alcance general",2023-09-29,2023-10-09,LEY 1.500,Aprobación del Modelo de Contrato de Préstamo aprobado por Decreto provincial 2297/23,PODER EJECUTIVO PROVINCIAL: APROBACIÓN MODELO DE CONTARTO DE PRÉSTAMO APROBADO POR DECRETO PROVINCIAL Nº 2297/23.,www.saij.gob.ar/LPV0001996
Tierra del Fuego,Ley,1501,"Vigente, de alcance general",2023-09-29,2023-10-09,LEY 1.501,Programa de Fortalecimiento en Infraestructura Educativa en los Establecimientos de Gestión Estatal en todas sus modalidades y niveles,EDUCACIÓN- PROGRAMA DE FORTALECIMIENTO DE INFRAESTRUCTURA EDUCATIVA EN LOS ESTABLECIMIENTOS DE GESTIÓN ESTATAL.,www.saij.gob.ar/LPV0001997
Tierra del Fuego,Ley,1502,"Vigente, de alcance general",2023-09-29,2023-10-09,LEY 1.502,"Programa de Fortalecimiento en Infraestructura Sanitaria, en Seguridad Alimentaria-Nutricional y en Seguridad Pública","CRÉASE EL PROGRAMA DE FORTALECIMIENTO EN INFRAESTRUCTURA SANITARIA, EN SEGURIDAD ALIMENTARIA-NUTRICIONAL Y EN SEGURIDAD PÚBLICA.",www.saij.gob.ar/LPV0001998
Tierra del Fuego,Ley,1503,"Individual, Solo Modificatoria o Sin Eficacia",2023-09-29,2023-10-09,LEY 1.503,Modificación de la ley 313 de Tierras Fiscales Provinciales,SOLO MODIFICATORIA LEY PROVINCIAL Nº 313 (B.O.P:11/09/96).LEY DE TIERRAS FISCALES PROVINCIALES.,www.saij.gob.ar/LPV0001999
Tierra del Fuego,Ley,1504,"Individual, Solo Modificatoria o Sin Eficacia",2023-09-29,2023-10-09,LEY 1.504,Modificación de la ley 561 del régimen de jubilaciones y pensiones para el personal de los tres poderes del Estado Provincial,SOLO MODIFICATORIA LEY PROVINCIAL Nº 561 (B.O.P: 27/11/02).RÉGIMEN DE JUBILACIONES Y PENSIONES PARA EL PERSONAL DE LOS TRES PODERES DEL ESTADO PROVINCIAL.,www.saij.gob.ar/LPV0002000
Tierra del Fuego,Ley,1505,"Vigente, de alcance general",2023-09-29,2023-10-18,LEY 1.505,Extensión del plazo establecido por la ley provincial 421 para la expropiación de inmuebles en la localidad de Río Grande,EXPROPIACIÓN INMUEBLES EN LA LOCALIDAD DE RÍO GRANDE-DECLARACIÓN DE UTILIDAD PÚBLICA PARA EL DESARROLLO DE UN POLO PRODUCTIVO-EXTENSIÓN DEL PLAZO ESTABLECIDO POR LEY PROVINCIAL Nº 421.,www.saij.gob.ar/LPV0002001
Tierra del Fuego,Ley,1506,"Individual, Solo Modificatoria o Sin Eficacia",2023-09-29,2023-10-18,LEY 1.506,Modificación del Presupuesto General de Erogaciones y Cálculo de Recursos de la Administración Pública - Ejercicio 2023,SOLO MODIFICATORIA LEY PROVINCIAL Nº 1465 (B.O.P: 27/12/22). PRESUPUESTO GENERAL DE EROGACIONES Y CÁLCULO DE RECURSOS DE LA ADMINISTRACIÓN PÚBLICA - EJERCICIO 2023.,www.saij.gob.ar/LPV0002004
Tierra del Fuego,Ley,1507,"Vigente, de alcance general",2023-09-29,2023-10-18,LEY 1.507,Creación del Programa de Arraigo para Profesionales de la Salud Pública,PROGRAMA PARA EL ARRAIGO DE PROFESIONALES DE LA SALUD PÚBLICA DEPENDIENTES DEL ESTADO PROVINCIAL Y EL SOSTENIMIENTO DE LAS GUARDIAS MÉDICAS.,www.saij.gob.ar/LPV0002002
Tierra del Fuego,Ley,1508,"Vigente, de alcance general",2023-09-29,2023-10-18,LEY 1.508,Institución del 28 de octubre de cada año como 'Día provincial del Inmigrante Italiano',"INSTITÚYESE, EL DÍA 28 DE OCTUBRE DE CADA AÑO COMO 'DÍA PROVINCIAL DEL INMIGRANTE ITALIANO' EN EL ÁMBITO DE LA PROVINCIA.",www.saij.gob.ar/LPV0002003
Tierra del Fuego,Ley,1509,"Vigente, de alcance general",2023-09-29,2023-10-24,LEY 1.509,"Utilización durante la campaña electoral de materiales biodegradables, reciclables o reutilizables que no contengan sustancias tóxicas o nocivas para la salud y el ambiente","Utilización durante la campaña electoral de materiales biodegradables, reciclables o reutilizables que no contengan sustancias tóxicas o nocivas para la salud y el ambiente.",www.saij.gob.ar/LPV1001509
Tierra del Fuego,Ley,151,Derogada,1980-11-18,1980-11-24,Ley 151,n/d,DEROGADA POR LEY 176 (B.O. 20-11-81) SOBRE VENTA VIVIENDAS PROPIEDAD DE LA GOBERNACION.- PODER EJECUTIVO-ADMINISTRACION PUBLICA-GOBERNACION-ENTES AUTARQUICOS-MUNICIPALIDADES-EMPLEADOS-VIVIENDAS-VENTA-PRECIO-...,www.saij.gob.ar/LPV0000224
Tierra del Fuego,Ley,151,"Individual, Solo Modificatoria o Sin Eficacia",1994-07-01,1994-07-27,Ley 151,n/d,OTORGA PENSION GRACIABLE- PREVISION SOCIAL-PENSION-PENSION GRACIABLE-ANTONIO TOMAS SILIONE.,www.saij.gob.ar/LPV0000652
Tierra del Fuego,Ley,1510,"Vigente, de alcance general",2023-09-29,2023-10-24,LEY 1.510,Adhesión de la provincia a la Ley Nacional 27.621 de Implementación de la Educación Ambiental Integral en la República Argentina,Adhesión de la provincia a la Ley Nacional 27.621 de Implementación de la Educación Ambiental Integral en la República Argentina.,www.saij.gob.ar/LPV1001510
Tierra del Fuego,Ley,1511,"Vigente, de alcance general",2023-12-13,2023-12-14,LEY 1.511,Ley de Ministerios,LEY DE MINISTERIOS.,www.saij.gob.ar/LPV0002007
Tierra del Fuego,Ley,1512,"Vigente, de alcance general",2023-12-13,2023-12-14,LEY 1.512,"Creación de la Agencia de Innovación de la provincia de Tierra del Fuego, Antártida e Islas del Atlántico Sur","AGENCIA DE INNOVACIÓN DE LA PROVINCIA DE TIERRA DEL FUEGO, ANTÁRTIDA E ISLAS DEL ATLÁNTICO SUR (AITF): CREACIÓN.",www.saij.gob.ar/LPV0002008
Tierra del Fuego,Ley,1513,"Individual, Solo Modificatoria o Sin Eficacia",2023-12-13,n/d,LEY 1.513,Modificación de la Ley Impositiva-Ejercicio 1999,SOLO MODIFICATORIA LEY PROVINCIAL Nº 440 (B.O.P: 01/02/1999). LEY IMPOSITIVA - EJERCICIO 1999.,www.saij.gob.ar/LPV0002009
Tierra del Fuego,Ley,1514,"Vigente, de alcance general",2023-12-13,2023-12-21,LEY 1.514,PRÓRROGA DE LA LEY DE SUSTENTABILIDAD Y FORTALECIMIENTO DEL SISTEMA DE LA PREVISIÓN SOCIAL DE LA PROVINCIA POR EL LAPSO DE DOS (2) AÑOS.,Prórroga de la Ley de Sustentabilidad y Fortalecimiento del Sistema de la Previsión Social de la provincia por el lapso de dos (2) años,www.saij.gob.ar/LPV0002010
Tierra del Fuego,Ley,1515,"Individual, Solo Modificatoria o Sin Eficacia",2023-12-13,2023-12-21,LEY 1.515,Modificación del Presupuesto General de Erogaciones y Cálculo de Recursos de la Administración Pública,SOLO MODIFICATORIA LEY PROVINCIAL Nº 1465 (B.O.P: 27/12/22.).PRESUPUESTO GENERAL DE EROGACIONES Y CÁLCULO DE RECURSOS DE LA ADMINISTRACIÓN PÚBLICA - EJERCICIO 2023-MODIFICACIÓN.,www.saij.gob.ar/LPV0002016
Tierra del Fuego,Ley,1516,"Vigente, de alcance general",2023-12-13,2023-12-21,LEY 1.516,Prórroga de la ley provincial 1486 Régimen de Regularización de Deudas de Obras Sociales y Empresas de Medicina Prepaga por el lapso de un (1) año,"RÉGIMEN DE REGULARIZACIÓN DE DEUDAS DE OBRAS SOCIALES Y EMPRESAS DE MEDICINA PREPAGA, PRÓRROGA DE LA LEY PROVINCIAL Nº 1486 POR EL LAPSO DE UN (1) AÑO.",www.saij.gob.ar/LPV0002011
Tierra del Fuego,Ley,1517,"Vigente, de alcance general",2023-12-13,2023-12-21,LEY 1.517,Prórroga de la ley provincial 1493 de ejecuciones hipotecarias otorgadas con ajuste por Unidad de Valor Adquisitivo(UVA) hasta el 331 de diciembre de 2024,"EJECUCIONES HIPOTECARIAS OTORGADAS CON AJUSTE POR UNIDAD DE VALOR ADQUISITIVO (UVA), PRÓRROGA DE LA LEY PROVINCIAL Nº 1493 HASTA EL 31 DE DICIEMBRE DE 2024.",www.saij.gob.ar/LPV0002012
Tierra del Fuego,Ley,1518,"Vigente, de alcance general",2023-12-13,2023-12-21,LEY 1.518,"Aprobación del Convenio de Refinanciación de Deuda suscripto entre la provincia de Tierra del Fuego, Antártida e Islas del Atlántico Sur, el Ministerio de Economía de la Nación y el Fondo Fiduciario para el Desarrollo Provincial","APRUÉBASE EN TODOS SUS TÉRMINOS EL CONVENIO DE REFINANCIACIÓN DE DEUDA, REGISTRADO BAJO EL Nº 24.608, REFERENTE A MODIFICAR LAS CONDICIONES FINANCIERAS DE LA DEUDA QUE MANTIENE LA PROVINCIA CON EL ESTADO NACIONAL.",www.saij.gob.ar/LPV0002013
Tierra del Fuego,Ley,1519,"Vigente, de alcance general",2023-12-13,2023-12-21,LEY 1.519,"PODER EJECUTIVO PROVINCIAL: APRÚEBASE EN TODOS SUS TÉRMINOS EL MODELO DE CONTRATO DEL PRÉSTAMO Y EL MODELO DE CONTRAGARANTÍA, APROBADOS MEDIANTE DECRETO PROVINCIAL 3037/23, REFERENTE A LA FINANCIACIÓN DE OBRAS, CONTRATACIONES Y ADQUISICIONES NECESARIAS PARA LA EJECUCIÓN DEL PROGRAMA DE APOYO PARA LA TRANSICIÓN ENERGÉTICA EN LA PROVINCIA.","Aprobación del Modelo de Contrato y el modelo de Contragarantía referente a la financiación de obras, contrataciones y adquisiciones necesarias para la ejecución del Programa de Apoyo para la Transición Energética de Tierra del Fuego, Antártida e...",www.saij.gob.ar/LPV0002014
Tierra del Fuego,Ley,152,"Individual, Solo Modificatoria o Sin Eficacia",1980-12-11,1980-12-22,Ley 152.,n/d,DISPONE EXPROPIACION DE UN INMUEBLE EN LA CIUDAD DE USHUAIA- GOBERNACION-CIUDAD-USHUAIA-INMUEBLE-EXPROPIACION-CALLES-MAIPU-RIVA DAVIA-ANTARTIDA ARGENTINA.,www.saij.gob.ar/LPV0000530
Tierra del Fuego,Ley,152,"Individual, Solo Modificatoria o Sin Eficacia",1994-07-01,1994-07-27,Ley 152,n/d,OTORGA PENSION GRACIABLE.- PREVISION SOCIAL-PENSION-PENSION GRACIABLE-CARLOS ADOLFO OBISPO.,www.saij.gob.ar/LPV0000653
Tierra del Fuego,Ley,1520,"Vigente, de alcance general",2023-12-13,n/d,LEY 1.520,"ADMINISTRACIÓN FINANCIERA Y SISTEMAS DE CONTROL DEL SECTOR PÚBLICO PROVINCIAL, MODIFICACIÓN DEL ARTÍCULO 4º LEY PROVINCIAL Nº 1235.",Modificación del art. 4° de la ley provincial 1235 de Administración Financiera y Sistemas de Control del Sector Público Provincial,www.saij.gob.ar/LPV0002015
Tierra del Fuego,Ley,1521,"Vigente, de alcance general",2023-12-13,2023-12-29,LEY 1.521,Programa de Capacitación en Prevención sobre Abuso Sexual en la Infancia y Adolescencia,PROGRAMA DE CAPACITACIÓN EN PREVENCIÓN SOBRE ABUSO SEXUAL EN LA INFANCIA Y ADOLESCENCIA (ASI)-TIERRA DEL FUEGO.,www.saij.gob.ar/LPV0002017
Tierra del Fuego,Ley,1522,"Vigente, de alcance general",2023-12-13,n/d,LEY 1.522,"Adhesión a la Ley Nacional Nº 27.671 sobre Capacitación Obligatoria, Periódica y Permanente en la Cuestión de las Islas Malvinas.","ADHESIÓN A LA LEY NACIONAL Nº 27.671, SOBRE CAPACITACIÓN OBLIGATORIA, PERIÓDICA Y PERMANENTE EN LA CUESTIÓN DE LAS ISLAS MALVINAS.",www.saij.gob.ar/LPV0002018
Tierra del Fuego,Ley,1523,"Vigente, de alcance general",2023-12-13,2023-12-29,LEY 1.523,"Ley de Protección Integral a Niños, Niñas y Adolescentes Víctimas de Violencia Sexual.","PROTECCIÓN INTEGRAL A NIÑOS, NIÑAS Y ADOLESCENTES VÍCTIMAS DE VIOLENCIA SEXUAL-TIERRA DEL FUEGO, ANTÁRTIDA E ISLAS DEL ATLÁNTICO SUR.",www.saij.gob.ar/LPV0002019
Tierra del Fuego,Ley,1524,"Individual, Solo Modificatoria o Sin Eficacia",2023-12-13,2023-12-29,LEY 1.524,Modificación de la ley provincial 162 de Tasas Judiciales,SOLO MODIFICATORIA LEY PROVINCIAL Nº 162 (B.O.P:19/08/94).TASAS JUDICIALES.,www.saij.gob.ar/LPV0002029
Tierra del Fuego,Ley,1525,"Individual, Solo Modificatoria o Sin Eficacia",2023-12-13,2023-12-29,LEY 1.525,Modificación de la ley provincial 735 para el personal de la Policía Provincial,SOLO MODIFICATORIA LEY PROVINCIAL Nº 735 (B.O.P: 08/01/07).LEY PARA EL PERSONAL DE LA POLICÍA PROVINCIAL.,www.saij.gob.ar/LPV0002030
Tierra del Fuego,Ley,1526,"Vigente, de alcance general",2023-12-13,2023-12-29,LEY 1.526,Ley de Entornos Saludables,"LEY DE ENTORNOS SALUDABLES EN EL ÁMBITO DE LA PROVINCIA DE TIERRA DEL FUEGO, ANTÁRTIDA E ISLAS DEL ATLÁNTICO SUR.",www.saij.gob.ar/LPV0002020
Tierra del Fuego,Ley,1527,"Vigente, de alcance general",2023-12-13,2023-12-29,LEY 1.527,Programa de Abordaje Integral para Varones que ejercen Violencia por Motivos de Géneros,PROGRAMA DE ABORDAJE INTEGRAL PARA VARONES QUE EJERCEN VIOLENCIAS POR MOTIVOS DE GÉNEROS.,www.saij.gob.ar/LPV0002021
Tierra del Fuego,Ley,1528,"Vigente, de alcance general",2023-12-13,2023-12-29,LEY 1.528,Creación del área natural protegida 'Vinciguerra y Valle del Arroyo Chico' bajo la categoría de Reserva Hídrica Provincial,Reserva Hídrica Provincial Vinciguerra y Valle del Arroyo Chico.,www.saij.gob.ar/LPV0002022
Tierra del Fuego,Ley,1529,Derogada,2023-12-13,2023-12-29,LEY 1.529,"Se declara necesaria la reforma parcial de la Constitución Provincial de Tierra del Fuego, Antártida e Islas del Atlántico Sur",DECLARACION DE NECESIDAD DE REFORMA CONSTITUCIONAL.,www.saij.gob.ar/LPV0002023
Tierra del Fuego,Ley,153,"Individual, Solo Modificatoria o Sin Eficacia",1980-12-30,1980-12-30,Ley 153.,n/d,MODIFICATORIA DE LEY SIN EFICACIA-PODER EJECUTIVO TERRITORIAL- ADMINISTRACION PUBLICA-PRESUPUESTO GENERAL-EJERCICIO 1980- MODIFICACION.,www.saij.gob.ar/LPV0000306
Tierra del Fuego,Ley,153,"Individual, Solo Modificatoria o Sin Eficacia",1994-07-01,1994-07-27,Ley 153,n/d,OTORGA PENSION GRACIABLE.- PREVISION SOCIAL-PENSION-PENSION GRACIABLE-OMAR ELADIO GAVILAN RIVERA.,www.saij.gob.ar/LPV0000654
Tierra del Fuego,Ley,1530,"Individual, Solo Modificatoria o Sin Eficacia",2023-12-13,2023-12-29,LEY 1.530,Modificación de la ley provincial 272 Sistema Provincial de Áreas Naturales Protegidas,SOLO MODIFICATORIA LEY PROVINCIAL Nº 272 (B.O.P: 12/01/96).ECOLOGÍA - SISTEMA PROVINCIAL DE AREAS NATURALES PROTEGIDAS-CREACION.,www.saij.gob.ar/LPV0002031
Tierra del Fuego,Ley,1531,"Vigente, de alcance general",2023-12-13,2023-12-29,LEY 1.531,Se instituye el mes de septiembre de cada año como 'Mes de la Concientización del Cáncer Infantil',INSTITUCIÓN DE SEPTIEMBRE COMO MES DE LA CONCIENTIZACION DEL MES DEL CANCER INFANTIL.,www.saij.gob.ar/LPV0002024
Tierra del Fuego,Ley,1532,"Vigente, de alcance general",2023-12-13,2023-12-29,LEY 1.532,Programa de Inclusión Laboral de las Personas Víctimas del Delito de Trata y Explotación de Personas,PROGRAMA DE INCLUSIÓN LABORAL DE LAS PERSONAS VÍCTIMAS DEL DELITO DE TRATA Y EXPLOTACIÓN DE PERSONAS-CREACIÓN.,www.saij.gob.ar/LPV0002025
Tierra del Fuego,Ley,1533,"Vigente, de alcance general",2023-12-13,2023-12-29,LEY 1.533,Creación del Consejo Provincial de Obras Sociales y Prepagas (COPROSyP),CREACIÓN DEL CONSEJO PROVINCIAL DE OBRAS SOCIALES Y PREPAGAS.,www.saij.gob.ar/LPV0002026
Tierra del Fuego,Ley,1534,"Vigente, de alcance general",2023-12-13,2023-12-29,LEY 1.534,Implementación de la Hora Silenciosa con el objeto garantizar el derecho a la inclusión e integración social de los ciudadanos con diagnóstico de Trastornos de Espectro Autista (TEA),"HORA SILENCIOSA-IMPLEMÉNTASE EN EL ÁMBITO DE LA PROVINCIA, CON EL OBJETO DE GARANTIZAR EL DERECHO A LA INCLUSIÓN E INTEGRACIÓN SOCIAL DE LOS CIUDADANOS CON DIAGNÓSTICO DE TRASTORNOS DE ESPECTRO AUTISTA (TEA).",www.saij.gob.ar/LPV0002027
Tierra del Fuego,Ley,1535,"Vigente, de alcance general",2023-12-13,2023-12-29,LEY 1.535,Declaración de interés provincial la creación del Programa Especial de Regularización Dominial de bienes inmuebles propiedad del IPV y Hábitat,IPV Y HÁBITAT-DECLARACIÓN DE INTERÉS PROVINCIAL A LA CREACIÓN DEL PROGRAMA ESPECIAL DE REGULARIZACIÓN DOMINIAL DE BIENES INMUEBLES PROPIEDAD DEL MISMO.,www.saij.gob.ar/LPV0002028
Tierra del Fuego,Ley,1536,"Vigente, de alcance general",2023-12-13,2023-12-29,LEY 1.536,"Declaración por el término de un año la Emergencia Habitacional y Urbano-Ambiental en el ámbito de la provincia de Tierra del Fuego, Antártida e Islas del Atlántico Sur",DECLARANDO LA EMERGENCIA HABITACIONAL Y URBANO-AMBIENTAL EN EL ÁMBITO DE LA PROVINCIA POR EL TÉRMINO DE UN (1) AÑO.,www.saij.gob.ar/LPV0002032
Tierra del Fuego,Ley,1537,"Individual, Solo Modificatoria o Sin Eficacia",2023-12-13,2024-01-03,LEY 1.537,Modificación de la ley provincial 90 de Policía de Trabajo,SOLO MODIFICATORIA LEY PROVINCIAL Nº 90 (B.O.P: 17/09/93).POLICÍA DEL TRABAJO.,www.saij.gob.ar/LPV0002034
Tierra del Fuego,Ley,1538,"Vigente, de alcance general",2023-12-13,2024-01-04,LEY 1.538,Ley de Buenas Prácticas para el Desarrollo de Actividades Recreativas en Zonas Agrestes,LEY DE BUENAS PRÁCTICAS PARA EL DESARROLLO DE ACTIVIDADES RECREATIVAS EN ZONAS AGRESTES DE TIERRA DEL FUEGO.,www.saij.gob.ar/LPV0002033
Tierra del Fuego,Ley,1539,"Vigente, de alcance general",2024-03-01,2024-03-07,LEY 1.539,Aprobación el decreto provincial 3068/23 referente a la transferencia de un inmueble en el departamento de Río Grande,Aprobación el dec. provincial 3068/23 referente a la transferencia de un inmueble en el departamento de Río Grande,www.saij.gob.ar/LPV0002035
Tierra del Fuego,Ley,154,"Vigente, de alcance general",1981-01-30,1981-02-09,Ley 154,Exención del impuesto de sellos al Banco Nación,EXENCIONES IMPOSITIVAS-IMPUESTO DE SELLOS-BANCO NACION,www.saij.gob.ar/LPV0000144
Tierra del Fuego,Ley,154,"Individual, Solo Modificatoria o Sin Eficacia",1994-07-01,1994-07-27,Ley 154,n/d,OTORGA PENSION GRACIABLE.- PREVISION SOCIAL-PENSION-PENSION GRACIABLE-DANIEL ALEJANDRO BAHAMONDE COSTAS.,www.saij.gob.ar/LPV0000655
Tierra del Fuego,Ley,1540,"Vigente, de alcance general",2024-03-25,2024-03-26,LEY 1.540,Transferencia extraordinaria del Fondo Previsional al Sistema Médico Provincial - (OSPTF),Transferencia extraordinaria del Fondo Previsional al Sistema Médico Provincial - (OSPTF).,www.saij.gob.ar/LPV0002036
Tierra del Fuego,Ley,1541,"Individual, Solo Modificatoria o Sin Eficacia",2024-03-25,2024-03-27,LEY 1.541,Modificación de la ley 1004 sobre garantía de financiamiento de instituciones asistenciales,SOLO MODIFICATORIA LEY PROVINCIAL Nº 1004 (B.O.P: 12/12/2014).SALUD: GARANTÍA DE FINANCIAMIENTO DE INSTITUCIONES ASISTENCIALES-MODIFICACIÓN.,www.saij.gob.ar/LPV0002037
Tierra del Fuego,Ley,1542,"Vigente, de alcance general",2024-04-24,n/d,LEY 1.542,"Declaración del día 15 de marzo de cada año como el 'Día del Enfermero Antártico' en todo el territorio de la provincia de Tierra del Fuego, Antártida e Islas del Atlántico Sur","Declaración del día 15 de marzo de cada año como el 'Día del Enfermero Antártico' en todo el territorio de la provincia de Tierra del Fuego, Antártida e Islas del Atlántico Sur.",www.saij.gob.ar/LPV0002038
Tierra del Fuego,Ley,1543,"Vigente, de alcance general",2024-04-24,2024-04-29,LEY 1.543,Se declara servicio esencial la función a realizar dentro de los comedores escolares de los establecimientos educativos de gestión estatal,Se declara servicio esencial la función a realizar dentro de los comedores escolares de los establecimientos educativos de gestión estatal.,www.saij.gob.ar/LPV0002039
Tierra del Fuego,Ley,1544,"Individual, Solo Modificatoria o Sin Eficacia",2024-04-24,2024-04-29,LEY 1.544,Modificación de la ley provincial 1070 Caja de Previsión Social de la Provincia de Tierra del Fuego (CPSPTF),Modificación de la ley provincial 1070 Caja de Previsión Social de la Provincia de Tierra del Fuego (CPSPTF).,www.saij.gob.ar/LPV0002042
Tierra del Fuego,Ley,1545,"Vigente, de alcance general",2024-04-24,2024-04-29,LEY 1.545,"Se exceptúa por dos años el pago de cánones por la tramitación de permisos de investigación a las universidades nacionales radicadas en la provincia y las instituciones y organismos públicos perteneciente al Sistema Nacional de Ciencia, Tecnología e Innovación","Se exceptúa por dos años el pago de cánones por la tramitación de permisos de investigación a las universidades nacionales radicadas en la provincia y las instituciones y organismos públicos perteneciente al Sistema Nacional de Ciencia, Tecnología e...",www.saij.gob.ar/LPV0002040
Tierra del Fuego,Ley,1546,"Vigente, de alcance general",2024-04-24,2024-04-29,LEY 1.546,Suspensión de ejecuciones fiscales por el término de un año,Suspensión de ejecuciones fiscales por el término de un año.,www.saij.gob.ar/LPV0002041
Tierra del Fuego,Ley,1547,"Vigente, de alcance general",2024-04-24,2024-05-06,LEY 1.547,Aprobación de la Adenda al Convenio y su Anexo registrado bajo el Nº 23509 referido a modificar las condiciones al Convenio registrado bajo Nº 5261 respecto a transferencias de superficies entre la Provincia y la Institución Salesiana,Aprobación de la Adenda al Convenio y su Anexo registrado bajo el Nº 23509 referido a modificar las condiciones al Convenio registrado bajo Nº 5261 respecto a transferencias de superficies entre la Provincia y la Institución Salesiana.,www.saij.gob.ar/LPV0002043
Tierra del Fuego,Ley,1548,"Vigente, de alcance general",2024-04-24,2024-05-06,LEY 1.548,Adhesión de la provincia al régimen procesal del Título V - 'De los Procesos Administrativo y Penal' previsto bajo el Título IX - 'Régimen Penal tributario' de la Ley nacional 27.430,Adhesión de la provincia al régimen procesal del Título V - 'De los Procesos Administrativo y Penal' previsto bajo el Título IX - 'Régimen Penal tributario' de la Ley nacional 27.430.,www.saij.gob.ar/LPV0002044
Tierra del Fuego,Ley,1549,"Individual, Solo Modificatoria o Sin Eficacia",2024-06-12,2024-06-19,LEY 1.549,Modificación de la Ley Impositiva - Ejercicio 1999,SOLO MODIFICATORIA LEY PROVINCIAL Nº 440 (B.O.P.: 01/02/99).LEY IMPOSITIVA-EJERCICIO 1999.,www.saij.gob.ar/LPV0002046
Tierra del Fuego,Ley,155,"Individual, Solo Modificatoria o Sin Eficacia",1981-01-30,1981-02-16,Ley 155.,n/d,"MODIFICA LEYES TERRITORIALES NROS. 11,131,138 Y 150 SOBRE CODIGO FISCAL.- CODIGO FISCAL-LEY FISCAL-OBLIGACION FISCAL-DIRECCION GENERAL DE R ENTAS-FUNCIONES-FACULTADES-IMPUESTOS-GRAVAMENES-TASAS- CONTRIBUCIONES-DOMICILIO...",www.saij.gob.ar/LPV0000450
Tierra del Fuego,Ley,155,"Individual, Solo Modificatoria o Sin Eficacia",1994-07-01,1994-07-27,Ley 155,n/d,OTORGA PENSION GRACIABLE.- PREVISION SOCIAL-PENSION-PENSION GRACIABLE-EBER DANTE DI DACO.,www.saij.gob.ar/LPV0000656
Tierra del Fuego,Ley,1550,"Vigente, de alcance general",2024-06-12,2024-06-19,LEY 1.550,Prevención de Incendios Forestales y Rurales,"PREVENCIÓN DE INCENDIOS FORESTALES Y RURALES EN EL TERRITORIO DE LA PROVINCIA DE TIERRA DEL FUEGO, ANTÁRTIDA E ISLAS DEL ATLÁNTICO SUR-CREACIÓN DEL COMITÉ DE INCENDIOS FORESTALES.",www.saij.gob.ar/LPV0002045
Tierra del Fuego,Ley,1555,"Vigente, de alcance general",2024-09-19,2024-09-26,LEY 1.555,Creación del Régimen Provincial de Iniciativa Privada,RÉGIMEN PROVINCIAL DE INICIATIVA PRIVADA.,www.saij.gob.ar/LPV0002051
Tierra del Fuego,Ley,1557,"Vigente, de alcance general",2024-09-19,2024-09-30,LEY 1.557,Régimen Especial de Presentación Espontánea y Regularización de Deudas,Régimen Especial de Presentación Espontánea y Regularización de Deudas.,www.saij.gob.ar/LPV0002053
Tierra del Fuego,Ley,1559,"Vigente, de alcance general",2024-09-19,2024-10-07,LEY 1.559,Creación del Programa Jóvenes Legislando,Creación del Programa Jóvenes Legislando.,www.saij.gob.ar/LPV0002055
Tierra del Fuego,Ley,156,Derogada,1981-02-03,1981-02-16,Ley 156,n/d,DEROGADA POR LEY 167 (B.O. 31-08-81) SOBRE COPARTICIPACION FEDERAL.- PODER EJCUTIVO-COPARTICIPACION FEDERAL-REGIMEN-ADHESION-LEY 22293- LEY 20221.,www.saij.gob.ar/LPV0000223
Tierra del Fuego,Ley,156,"Individual, Solo Modificatoria o Sin Eficacia",1994-07-01,1994-07-27,Ley 156,n/d,OTORGA PENSION GRACIABLE.- PREVISION SOCIAL-PENSION-PENSION GRACIABLE-ESTHER INOSTROZA.,www.saij.gob.ar/LPV0000657
Tierra del Fuego,Ley,1560,"Vigente, de alcance general",2024-09-19,2024-10-07,LEY 1.560,Ley de Cuidados y Apoyo,Ley de Cuidados y Apoyo.,www.saij.gob.ar/LPV0002056
Tierra del Fuego,Ley,1564,"Vigente, de alcance general",2024-09-19,2024-10-07,LEY 1.564,Declaración del día 26 de septiembre de cada año como el Día del Periodismo Fueguino,Declaración del día 26 de septiembre de cada año como el Día del Periodismo Fueguino.,www.saij.gob.ar/LPV0002059
Tierra del Fuego,Ley,1565,"Vigente, de alcance general",2024-09-19,2024-10-07,LEY 1.565,"Se establece el 20 de noviembre de cada año, Día de la Soberanía Nacional, como fecha permanente de Sesión Ordinaria de la Legislatura de la provincia","Se establece el 20 de noviembre de cada año, Día de la Soberanía Nacional, como fecha permanente de Sesión Ordinaria de la Legislatura de la provincia.",www.saij.gob.ar/LPV0002060
Tierra del Fuego,Ley,1566,"Vigente, de alcance general",2024-09-19,2024-10-07,LEY 1.566,"Se instituye el 31 de agosto de cada año como el 'Día del Niño, Niña, Escritor y Escritora de Tierra del Fuego, Antártida e Islas del Atlántico Sur'","Se instituye el 31 de agosto de cada año como el 'Día del Niño, Niña, Escritor y Escritora de Tierra del Fuego, Antártida e Islas del Atlántico Sur'.",www.saij.gob.ar/LPV0002061
Tierra del Fuego,Ley,1567,"Vigente, de alcance general",2024-09-19,2024-10-07,LEY 1.567,Creación del el Registro Digital de Oficios Fueguinos (RDOF),Creación del el Registro Digital de Oficios Fueguinos (RDOF),www.saij.gob.ar/LPV0002062
Tierra del Fuego,Ley,157,"Vigente, de alcance general",1994-07-29,1994-08-10,Ley 157,Empréstito para adquisición de turbogeneradores de energía eléctrica.,PODER EJECUTIVO PROVINCIAL-BANCO DE LA PROVINCIA-AGENTE FINANCIERO- DIRECCION PROVINCIAL DE ENERGIA-EMPRESTITO-GARANTIA-FONDOS- COPARTICIPACION FEDERAL DE IMPUESTOS-REGALIAS HIDROCARBURIFERAS- TURBOGENERADORES DE ENERGIA ELECTRICA-ADQUISICION.,www.saij.gob.ar/LPV0000647
Tierra del Fuego,Ley,157,"Individual, Solo Modificatoria o Sin Eficacia",1981-02-06,1981-02-16,Ley 157.,n/d,OBJETO CUMPLIDO-IMPUESTO-GRAVAMEN-TRIBUTO-LEY IMPOSITIVA-EJERCICIO 1981-DE SELLOS-ACTOS-CONTRATOS-OPERACIONES-TASAS RETRIBUTIVAS- SERVICIOS ESPECIALES-RENTAS-CATASTRO-MARCAS-SEÑALES-INMOBILIARIO- INGRESOS BRUTOS-AUTOMOTOR.,www.saij.gob.ar/LPV0000305
Tierra del Fuego,Ley,1573,"Vigente, de alcance general",2024-12-11,2024-12-19,LEY 1.573,Emergencia del Sistema Integral de Seguridad Pública de la Provincia,EMERGENCIA DEL SISTEMA INTEGRAL DE SEGURIDAD PÚBLICA DE LA PROVINCIA.,www.saij.gob.ar/LPV0002069
Tierra del Fuego,Ley,1574,"Vigente, de alcance general",2024-12-11,2024-12-20,LEY 1.574,"Se suspende, hasta el 31 de diciembre de 2026 inclusive, la aplicación del Título Primero - 'Impuesto Inmobiliario' del Libro segundo del Código Fiscal",CÓDIGO FISCAL-SUSPENSIÓN HASTA EL 31 DE DICIEMBRE DE 2026.,www.saij.gob.ar/LPV0002073
Tierra del Fuego,Ley,1575,"Vigente, de alcance general",2024-12-14,2024-12-20,LEY 1.575,Prórroga del Programa de Fortalecimiento en Infraestructura Educativa en los Establecimientos de Gestión Estatal,"PROGRAMA DE FORTALECIMIENTO EN INFRAESTRUCTURA EDUCATIVA EN LOS ESTABLECIMIENTOS DE GESTIÓN ESTATAL, EN TODAS SUS MODALIDADES Y NIVELES: PRORRÓGA HASTA EL 31 DE DICIEMBRE DE 2025.",www.saij.gob.ar/LPV0002070
Tierra del Fuego,Ley,1576,"Vigente, de alcance general",2024-12-14,2024-12-20,LEY 1.576,"PRORRÓGA DE LOS PLAZOS DE LA LEY PROVINCIAL 1493 HASTA EL 31 DE DICIEMBRE DE 2025, DE LAS EJECUCIONES HIPOTECARIAS SOBRE MUTUOS OTORGADOS CON CLÁUSULAS DE AJUSTE POR UNIDAD DE VALOR ADQUISITIVO (UVA).",Prórroga de las ejecuciones hipotecarias sobre mutuos otorgados con cláusulas de ajuste por Unidad de Valor Adquisitivo (UVA) que tengan por objeto la vivienda única familiar y de ocupación permanente,www.saij.gob.ar/LPV0002071
Tierra del Fuego,Ley,1577,"Vigente, de alcance general",2024-12-14,2024-12-20,LEY 1.577,Se denomina 'Submarino ARA San Juan' al cerro conocido como 'Submarino',"DENOMÍNASE 'SUBMARINO ARA SAN JUAN' AL CERRO CONOCIDO COMO 'SUBMARINO', EN HOMENAJE PERMANENTE DEL PUEBLO FUEGUINO.",www.saij.gob.ar/LPV0002072
Tierra del Fuego,Ley,1578,"Vigente, de alcance general",2024-12-14,2024-12-26,LEY 1.578,Adhesión de la provincia al Convenio Multilateral modificado por las Res. CP 15/2024 y 23/2024,ADHESIÓN DE LA PROVINCIA AL CONVENIO MULTILATERAL MODIFICADO POR LAS RESOLUCIONES CP NROS. 15/2024 Y 23/2024.,www.saij.gob.ar/LPV0002074
Tierra del Fuego,Ley,1579,"Vigente, de alcance general",2024-12-11,2024-12-30,LEY 1.579,Creación del Servicio Provincial de Manejo del Fuego,CREACIÓN DEL SERVICIO PROVINCIAL DE MANEJO DEL FUEGO.,www.saij.gob.ar/LPV0002075
Tierra del Fuego,Ley,158,"Vigente, de alcance general",1981-02-16,1981-02-23,LEY 158,Creación de la Dirección Provincial de Obras y Servicios sanitarios.,DIRECCION PROVINCIAL DE OBRAS Y SERVICIOS SANITARIOS-MISION Y FUNCIONES-FACULTADES-CREACION DE ORGANISMOS-RECURSOS FINANCIEROS- ESTATUTO ORGANICO-SERVICIOS SANITARIOS-CONTRATACIONES DEL ESTADO- CONTRATACION DIRECTA.,www.saij.gob.ar/LPV0000143
Tierra del Fuego,Ley,158,"Individual, Solo Modificatoria o Sin Eficacia",1994-07-29,1994-08-17,Ley 158,n/d,"MODIFICA LEY PROVINCIAL NRO. 147 SOBRE CODIGO PROCESAL CIVIL, COMERCIAL,LABORAL,RURAL Y MINERO.- PODER JUDICIAL PROVINCIAL-CODIGO PROCESAL CIVIL COMERCIAL LABORAL RURAL Y MINERO-PRINCIPIOS GENERALES-COMPETENCIA-CUESTIONES- RECUSACIONES Y...",www.saij.gob.ar/LPV0000660
Tierra del Fuego,Ley,1581,"Individual, Solo Modificatoria o Sin Eficacia",2024-12-14,2024-12-30,LEY 1.581,Modificación del Régimen General de Contrataciones y Disposiciones Comunes para el sector público provincial,SOLO MODIFICATORIA LEY PROVINCIAL Nº 1015 (B.O.P. 16/01/2015.).PODER EJECUTIVO PROVINCIAL: REGIMEN GENERAL DE CONTRATACIONES Y DISPOSICIONES COMUNES PARA EL SECTOR PÚBLICO PROVINCIAL: MODIFICACIÓN.,www.saij.gob.ar/LPV0002081
Tierra del Fuego,Ley,1582,"Individual, Solo Modificatoria o Sin Eficacia",2024-12-14,2024-12-30,LEY 1.582,Modificación de la Ley de Ministerios,SOLO MODIFICATORIA LEY PROVINCIAL Nº1511 (B.O.P.: 14/12/23.).LEY DE MINISTERIOS: MODIFICACIÓN.,www.saij.gob.ar/LPV0002082
Tierra del Fuego,Ley,1583,"Vigente, de alcance general",2024-12-14,2024-12-30,LEY 1.583,"FONDO RESIDUAL LEY PROVINCIAL 478, BANCO DE TIERRA DEL FUEGO - SUSPENSIÓN EN EL ÁMBITO PROVINCIAL DE LOS TÉRMINOS PROCESALES Y SUBASTAS - HASTA EL 31 DE DICIEMBRE DE 2025.","Suspensión, hasta el 31 de diciembre de 2025, los términos procesales en los juicios iniciados por la entidad Fondo Residual Ley provincial 478, Banco de Tierra del Fuego: Transformación en Sociedad Anónima",www.saij.gob.ar/LPV0002080
Tierra del Fuego,Ley,1584,"Individual, Solo Modificatoria o Sin Eficacia",2024-12-14,2024-12-30,LEY 1.584,Modificación de la Ley de Ministerios y de la Agencia de Innovación,SOLO MODIFICATORIA LEY PROVINCIAL Nº 1511 (B.O.P.: 14/12/23.). Y LEY PROVINCIAL Nº 1512 (B.O.P.: 14/12/23.).LEY DE MINISTERIOS-AGENCIA DE INNOVACIÓN.,www.saij.gob.ar/LPV0002083
Tierra del Fuego,Ley,1585,"Vigente, de alcance general",2024-12-14,2024-12-30,LEY 1.585,Aprobación de Convenios para el Programa de Fortalecimiento Institucional suscriptos con la Facultad de Ciencias Económicas de la Universidad de Buenos Aires,APROBACIÓN DE LOS CONVENIOS N° 25.086 Y 25.087 PARA EL PROGRAMA DE FORTALECIMIENTO INSTITUCIONAL CON LA FACULTAD DE CIENCIAS ECONÓMICAS DE LA UNIVERSIDAD DE BUENOS AIRES (UBA).,www.saij.gob.ar/LPV0002076
Tierra del Fuego,Ley,1586,"Individual, Solo Modificatoria o Sin Eficacia",2024-12-14,2024-12-30,LEY 1.586,Modificación del Régimen de Jubilaciones y Pensiones para el personal de los tres poderes del Estado Provincial,SOLO MODIFICATORIA LEY PROVINCIAL Nº 561 (B.O.P.: 27/11/02.).RÉGIMEN DE JUBILACIONES Y PENSIONES PARA EL PERSONAL DE LOS TRES PODERES DEL ESTADO PROVINCIAL-MODIFICACIÓN.,www.saij.gob.ar/LPV0002084
Tierra del Fuego,Ley,1587,"Individual, Solo Modificatoria o Sin Eficacia",2024-12-14,2024-12-30,LEY 1.587,Modificación de la ley 1415 de denominación de rutas provinciales,Modificación de la ley 1415 de denominación de rutas provinciales.,www.saij.gob.ar/LPV0002085
Tierra del Fuego,Ley,1588,"Vigente, de alcance general",2024-12-14,2024-12-30,LEY 1.588,Adhesión a la Ley Nacional 27.580 Convenio sobre la Eliminación de la Violencia y el Acoso en el Mundo del Trabajo,ADHESIÓN A LA LEY NACIONAL N° 27.580: CONVENIO SOBRE LA ELIMINACIÓN DE LA VIOLENCIA Y EL ACOSO EN EL MUNDO DEL TRABAJO.,www.saij.gob.ar/LPV0002078
Tierra del Fuego,Ley,159,Derogada,1994-07-29,1994-08-17,Ley 159,Ley de educación,EDUCACION-MINISTERIO DE EDUCACION Y CULTURA-CONSEJO PROVINCIAL DE EDUCACION-DERECHOS-OBLIGACIONES-GARANTIAS-PRINCIPIOS GENERALES- POLITICA EDUCATIVA-SISTEMA EDUCATIVO PROVINCIAL-ESTRUCTURA- DESCRIPCION-EDUCACION INICIAL-EDUCACION GENERAL...,www.saij.gob.ar/LPV0000641
Tierra del Fuego,Ley,159,"Vigente, de alcance general",1981-03-04,1981-03-16,Ley 159,"Aprobación de protocolo adicional al Convenio Multilateral sobre Doble Imposición (salta, 1977)",DOBLE IMPOSICION-CONVENIO MULTILATERAL-FISCALIZACION-BASE IMPONIBLE -REPETICION DE IMPUESTOS-ACCION DE REPETICION-COMISION ARBITRAL- DETERMINACION DE OFICIO-PROCEDIMIENTO TRIBUTARIO-CONSENTIMIENTO- OBLIGACIONES TRIBUTARIAS-RECURSOS...,www.saij.gob.ar/LPV0000142
Tierra del Fuego,Ley,1590,"Vigente, de alcance general",2024-12-11,2024-12-30,LEY 1.590,Adhesión a la Ley Nacional 27.713 Programa de Cardiopatías Congénitas,Adhesión a la Ley Nacional 27.713 Programa de Cardiopatías Congénitas.,www.saij.gob.ar/LPV0002077
Tierra del Fuego,Ley,1591,"Vigente, de alcance general",2024-12-11,2025-04-04,LEY 1.591,Creación del Programa ?Salí al Sol? sobre concientización de los efectos nocivos por exposición prolongada a la radiación solar y prevención de cáncer de piel,Creación del Programa ?Salí al Sol? sobre concientización de los efectos nocivos por exposición prolongada a la radiación solar y prevención de cáncer de piel.,www.saij.gob.ar/LPV0002087
Tierra del Fuego,Ley,1592,"Vigente, de alcance general",2025-04-30,2025-05-23,LEY 1.592,Declaración del día 17 de Junio como ?Día del Petróleo y Gas Fueguino',Declaración del día 17 de Junio como ?Día del Petróleo y Gas Fueguino'.,www.saij.gob.ar/LPV0002088
Tierra del Fuego,Ley,1593,"Vigente, de alcance general",2025-07-08,2025-07-15,LEY 1.593,Aprobación del Convenio N° 26.627 implementación de anticipo financiero de participaciones en impuestos nacionales coparticipativos.,Aprobación del Convenio N° 26.627 implementación de anticipo financiero de participaciones en impuestos nacionales coparticipativos.,www.saij.gob.ar/LPV0002089
Tierra del Fuego,Ley,1594,"Individual, Solo Modificatoria o Sin Eficacia",2025-07-08,2025-07-15,LEY 1.594,Modificación de la ley provincial 160 Escribanía General de Gobierno,Modificación de la ley provincial 160 Escribanía General de Gobierno.,www.saij.gob.ar/LPV0002093
Tierra del Fuego,Ley,1595,"Vigente, de alcance general",2025-07-08,2025-07-15,LEY 1.595,"Aprobación del Acuerdo prórroga de Concesión Hidrocarburífera y de Transporte suscripto entre la Provincia de Tierra del Fuego, AeIAS y las empresas Total Austral SA, Wintershall Dea Argentina SA y Pan American Sur SA","Aprobación del Acuerdo prórroga de Concesión Hidrocarburífera y de Transporte suscripto entre la Provincia de Tierra del Fuego, AeIAS y las empresas Total Austral SA, Wintershall Dea Argentina SA y Pan American Sur SA ratificado mediante Dec....",www.saij.gob.ar/LPV0002090
Tierra del Fuego,Ley,1596,"Individual, Solo Modificatoria o Sin Eficacia",2025-07-08,2025-07-22,LEY 1.596,Modificación de la ley provincial 1071 de creación de la Obra social de la Provincia de Tierra del Fuego,Modificación de la ley provincial 1071 de creación de la Obra social de la Provincia de Tierra del Fuego.,www.saij.gob.ar/LPV0002094
Tierra del Fuego,Ley,1597,"Vigente, de alcance general",2025-07-08,2025-07-23,LEY 1.597,Creación del Comité Provincial de Evaluación de Tecnología Sanitaria.,Creación del Comité Provincial de Evaluación de Tecnología Sanitaria.,www.saij.gob.ar/LPV0002091
Tierra del Fuego,Ley,1598,"Vigente, de alcance general",2025-07-08,2025-07-23,LEY 1.598,Declaración de Interés Provincial para la Prevención y Concientización sobre la Enfermedad Cardiovascular en la Mujer,Declaración de Interés Provincial para la Prevención y Concientización sobre la Enfermedad Cardiovascular en la Mujer.,www.saij.gob.ar/LPV0002092
Tierra del Fuego,Ley,16,Derogada,1972-02-28,1972-02-28,Ley 16,n/d,DEROGADA POR LEY 198 (B.O. 28-03-83)-SOBRE MINISTERIOS.- ADMINISTRACION PUBLICA-PODER EJECUTIVO TERRITORIAL-GOBERNACION- MINISTERIOS-SECRETARIAS-SUBSECRETARIAS-MINISTERIO DE GOBIERNO EDUCACION Y BIENESTAR SOCIAL-MINISTERIO DE ECONOMIA Y FINANZAS-...,www.saij.gob.ar/LPV0000233
Tierra del Fuego,Ley,16,"Individual, Solo Modificatoria o Sin Eficacia",1992-06-04,1992-06-12,LEY 16,n/d,"MODIFICA NOMBRES DE INSTITUCIONES OFICIALES-INSTITUTO DE SERVICIOS SOCIALES DE LA PROVINCIA DE TIERRA DEL FUEGO,ANTARTIDA E ISLAS DEL ATLANTICO SUR-INSTITUTO PROVINCIAL DE PREVISION SOCIAL-DIRECCION PROVINCIAL DE ENERGIA-INSTITUTO PROVINCIAL DE...",www.saij.gob.ar/LPV0000189
Tierra del Fuego,Ley,160,"Vigente, de alcance general",1994-07-29,1994-08-19,Ley 160,Creación de la escribanía general del gobierno de la provincia.,PODER EJECUTIVO PROVINCIAL-ESCRIBANIA GENERAL DEL GOBIERNO-CREACION DE ORGANISMOS-MISIONES Y FUNCIONES-ESCRIBANO-DESIGNACION-REQUISITOS REMOCION-REGISTRO NOTARIAL-ACTOS-ARANCELES.- DEROGA LEY 218.,www.saij.gob.ar/LPV0000642
Tierra del Fuego,Ley,160,"Individual, Solo Modificatoria o Sin Eficacia",1981-03-23,1981-04-06,Ley 160.,n/d,URBANISMO-EJIDO URBANO-DESAFECTACION DEL USO PUBLICO CALLE EN LA CIUDAD DE USHUAIA.,www.saij.gob.ar/LPV0000529
Tierra del Fuego,Ley,1608,"Vigente, de alcance general",2025-12-15,2026-01-02,LEY 1.608,Prórroga de los plazos de la ley provincial 1493 hasta el 31 de diciembre de 2026 respecto de las ejecuciones hipotecarias sobre mutuos otorgados con cláusulas de ajuste por Unidad de Valor Adquisitivo (UVA).,Prórroga de los plazos de la ley provincial 1493 hasta el 31 de diciembre de 2026 respecto de las ejecuciones hipotecarias sobre mutuos otorgados con cláusulas de ajuste por Unidad de Valor Adquisitivo (UVA).,www.saij.gob.ar/LPV0002104
Tierra del Fuego,Ley,1609,"Vigente, de alcance general",2025-12-15,2026-01-06,LEY 1.609,"Creación de la Encuesta Cuatrienal a Juventudes de Tierra del Fuego, Antártida e Islas del Atlántico Sur","Creación de la Encuesta Cuatrienal a Juventudes de Tierra del Fuego, Antártida e Islas del Atlántico Sur.",www.saij.gob.ar/LPV0002105
Tierra del Fuego,Ley,161,"Vigente, de alcance general",1994-07-29,1994-08-19,Ley 161,Depósitos judiciales.,PODER JUDICIAL PROVINCIAL-DEPOSITOS JUDICIALES-ENTIDAD FINANCIERA- DEPOSITOS-EXTRACCIONES-REQUISITOS-GIROS-TRANSFERENCIAS-OFICIOS.,www.saij.gob.ar/LPV0000643
Tierra del Fuego,Ley,161,"Individual, Solo Modificatoria o Sin Eficacia",1981-04-01,1981-04-13,Ley 161.,n/d,OBJETO CUMPLIDO-PODER EJECUTIVO TERRITORIAL-ADMINISTRACION PUBLICA- PRESUPUESTO GENERAL-EJERCICIO 1981.,www.saij.gob.ar/LPV0000304
Tierra del Fuego,Ley,1610,"Vigente, de alcance general",2025-12-15,2026-01-06,LEY 1.610,Declaración del día 10 de septiembre de cada año como 'Día Provincial del Montañista y Escalador Fueguino',Declaración del día 10 de septiembre de cada año como 'Día Provincial del Montañista y Escalador Fueguino'.,www.saij.gob.ar/LPV0002106
Tierra del Fuego,Ley,1611,"Vigente, de alcance general",2025-07-08,2026-01-08,LEY 1.611,"Ley Orgánica del Registro de Estado Civil y Capacidad de las Personas de la provincia de Tierra de Fuego, Antártida e Islas del Atlántico Sur","Ley Orgánica del Registro de Estado Civil y Capacidad de las Personas de la provincia de Tierra de Fuego, Antártida e Islas del Atlántico Sur.",www.saij.gob.ar/LPV0002107
Tierra del Fuego,Ley,1612,"Vigente, de alcance general",2025-12-15,2026-01-08,LEY 1.612,Adhesión de la provincia a la Ley Nacional 27.733 de procedimientos médicos-asistenciales para la atención de mujeres y personas gestantes frente a la muerte perinatal.,Adhesión de la provincia a la Ley Nacional 27.733 de procedimientos médicos-asistenciales para la atención de mujeres y personas gestantes frente a la muerte perinatal.,www.saij.gob.ar/LPV0002108
Tierra del Fuego,Ley,1614,"Vigente, de alcance general",2026-03-27,2026-04-16,LEY 1.614,Prórroga de los plazos de la ley provincial 1545 exención de cánones para permisos de investigación en recursos hídricos para organismos de ciencia y tecnología,Prórroga de los plazos de la ley provincial 1545 exención de cánones para permisos de investigación en recursos hídricos para organismos de ciencia y tecnología.,www.saij.gob.ar/LPV0002110
Tierra del Fuego,Ley,1615,"Vigente, de alcance general",2026-03-27,2026-04-16,LEY 1.615,Adhesión a la Ley Nacional 27.696 de Abordaje Integral de Personas Víctimas de Violencia de Género,Adhesión a la Ley Nacional 27.696 de Abordaje Integral de Personas Víctimas de Violencia de Género.,www.saij.gob.ar/LPV0002111
Tierra del Fuego,Ley,1616,"Individual, Solo Modificatoria o Sin Eficacia",2026-03-27,2026-04-16,LEY 1.616,Modificación del art. 6° de la ley provincial 162 de Tasas Judiciales,Modificación del art. 6° de la ley provincial 162 de Tasas Judiciales.,www.saij.gob.ar/LPV0002113
Tierra del Fuego,Ley,1617,"Individual, Solo Modificatoria o Sin Eficacia",2026-03-27,2026-04-16,LEY 1.617,"Sustitución del art. 7° de la ley provincial 1466 Defensoría Provincial de los Derechos de Niñas, Niños y Adolescentes.","Sustitución del art. 7° de la ley provincial 1466 Defensoría Provincial de los Derechos de Niñas, Niños y Adolescentes.",www.saij.gob.ar/LPV0002114
Tierra del Fuego,Ley,1618,"Vigente, de alcance general",2026-03-27,2026-04-16,LEY 1.618,Aprobación de los Convenios Marco referentes a la implementación de anticipos financieros de las participaciones en el producido de los impuestos nacionales coparticipados suscriptos entre la Provincia y la Secretaría de Hacienda del Ministerio de Economía de la Nación,Aprobación de los Convenios Marco referentes a la implementación de anticipos financieros de las participaciones en el producido de los impuestos nacionales coparticipados suscriptos entre la Provincia y la Secretaría de Hacienda del Ministerio de...,www.saij.gob.ar/LPV0002112
Tierra del Fuego,Ley,1619,"Individual, Solo Modificatoria o Sin Eficacia",2026-04-30,2026-05-15,LEY 1.619,Exclusión del cumplimiento de lo establecido en el art. 29 de la Ley provincial 1580 a la Dirección Provincial de Puertos,OBRA SOCIAL DE LA PROVINCIA DE TIERRA DEL FUEGO (OSPTF).DIRECCION PROVINCIAL DE PUERTOS.,www.saij.gob.ar/LPV0002117
Tierra del Fuego,Ley,162,"Vigente, de alcance general",1994-07-29,1994-08-19,LEY 162,Creación de las tasas judiciales.,PODER JUDICIAL PROVINCIAL-TASAS JUDICIALES-TASA JUDICIAL- MONTO IMPONIBLE-JUICIOS DE MONTO INDETERMINABLE-JUICIOS NO SUSCEPTIBLES DE APRECIACION PECUNIARIA-TERCERIAS- PAGO-COSTAS-ARCHIVO DEL EXPEDIENTE- FALTA DE PAGO-SANCIONES-MAGISTRADOS Y...,www.saij.gob.ar/LPV0000644
Tierra del Fuego,Ley,162,"Individual, Solo Modificatoria o Sin Eficacia",1981-04-27,1981-05-04,Ley 162.,n/d,- URBANISMO-EJIDO URBANO-LASSERRE-MACKINLAY-AMEGHINO-CALLE NRO. 8- CALLE NRO. 1-DON BOSCO-25 DE MAYO-ROSALES-DESAFECTACION DEL USO PUBLICO DE CALLES EN LA CIUDAD DE RIO GRANDE,www.saij.gob.ar/LPV0000528
Tierra del Fuego,Ley,1620,"Vigente, de alcance general",2026-04-30,2026-05-15,LEY 1.620,Autorización al Poder Ejecutivo Provincial a transferir a título gratuito un inmueble a favor del Municipio de Tolhuin,PODER EJECUTIVO PROVINCIAL-TRANSFERENCIA DE INMUEBLE-MUNICIPIO DE TOLHUIN-SEÑOR ARANDA ABEL-AGENCIA DE RECAUDACION FUEGUINA (AREF).,www.saij.gob.ar/LPV0002115
Tierra del Fuego,Ley,1621,"Vigente, de alcance general",2026-04-30,2026-05-18,LEY 1.621,Adhesión a la Ley Nacional 27.712 de Promoción de la Formación y del Desarrollo de la Enfermería,ADHESION PROVINCIAL- LEY NACIONAL 27.712- PROMOCION DE LA FORMACION Y DEL DESARROLLO DE LA ENFERMERIA- MINISTERIO DE EDUCACION- MINISTERIO DE SALUD.,www.saij.gob.ar/LPV0002116
Tierra del Fuego,Ley,1622,"Individual, Solo Modificatoria o Sin Eficacia",2026-04-30,2026-05-18,LEY 1.622,Modificación de la ley provincial 595 de creación del Colegio de Profesionales Técnicos,COLEGIO DE PROFESIONALES TECNICOS- MODIFICACION.,www.saij.gob.ar/LPV0002118
Tierra del Fuego,Ley,1624,"Vigente, de alcance general",2026-05-22,2026-06-10,LEY 1.624,Creación del Registro Provincial de Historia Laboral,CREACIÓN DEL REGISTRO PROVINCIAL DE HISTORIA LABORAL-RÉGIMEN DE JUBILACIONES Y PENSIONES PARA EL PERSONAL DE LOS TRES PODERES DEL ESTADO PROVINCIAL.,www.saij.gob.ar/LPV0002120
Tierra del Fuego,Ley,1625,"Vigente, de alcance general",2026-05-22,2026-06-10,LEY 1.625,Sistema de Salud Digital Fueguina (SDF),SISTEMA DE SALUD DIGITAL FUEGUINA (SDF).,www.saij.gob.ar/LPV0002121
Tierra del Fuego,Ley,1626,"Vigente, de alcance general",2026-04-30,2026-06-10,LEY 1.626,Abrogación de la ley provincial 1529 de reforma parcial de la Constitución Provincial,"ABROGACIÓN DE LA LEY PROVINCIAL N° 1529, REFORMA PARCIAL DE LA CONSTITUCIÓN PROVINCIAL.",www.saij.gob.ar/LPV0002122
Tierra del Fuego,Ley,1627,"Vigente, de alcance general",2026-04-30,2026-06-10,LEY 1.627,"Mecanismo de retención obligatoria, plazos y ejecución de fondos provinciales a favor de OSEF y la Caja Previsional Policial","MECANISMO DE RETENCIÓN OBLIGATORIA, PLAZOS Y EJECUCIÓN DE FONDOS PROVINCIALES A FAVOR DE OSEF Y LA CAJA PREVISIONAL POLICIAL.",www.saij.gob.ar/LPV0002123
Tierra del Fuego,Ley,1628,"Vigente, de alcance general",2026-04-30,2026-06-10,LEY 1.628,Suspensión temporal de ejecuciones judiciales del Banco de Tierra del Fuego contra beneficiarios de la Caja Policial del ex Territorio Nacional de Tierra del Fuego,SUSPENSIÓN TEMPORAL DE EJECUCIONES JUDICIALES DEL BANCO DE TIERRA DEL FUEGO CONTRA BENEFICIARIOS DE LA CAJA POLICIAL DEL EX TERRITORIO.,www.saij.gob.ar/LPV0002124
Tierra del Fuego,Ley,1629,"Vigente, de alcance general",2026-04-30,2026-06-10,LEY 1.629,Suspensión de normativas sobre reducción y segmentación del subsidio al Gas Licuado de Petróleo (G.L.P.),SUSPENSIÓN DE NORMATIVAS SOBRE REDUCCIÓN Y SEGMENTACIÓN DEL SUBSIDIO AL GAS LICUADO DE PETRÓLEO (G.L.P.).,www.saij.gob.ar/LPV0002125
Tierra del Fuego,Ley,163,Derogada,1981-04-28,1981-06-02,Ley 163,n/d,DEROGADA POR LEY 216 (B.O. 13-02-84) SOBRE MODIFICACION LEY DE MINISTERIOS.- PODER EJECUTIVO-ADMINISTRACION PUBLICA-GOBERNACION-MINISTERIOS- SECRETARIAS-SUBSECRETARIAS-FACULTADES-ATRIBUCIONES-COMPETENCIAS- MINISTERIO DE GOBIERNO SALUD PUBLICA Y...,www.saij.gob.ar/LPV0000222
Tierra del Fuego,Ley,163,"Individual, Solo Modificatoria o Sin Eficacia",1994-07-29,1994-08-26,Ley 163,n/d,OTORGA PENSION GRACIABLE.- PREVISION SOCIAL-PENSION-PENSION GRACIABLE-IVAN ALEJANDRO AGUILAR.,www.saij.gob.ar/LPV0000658
Tierra del Fuego,Ley,1630,"Vigente, de alcance general",2026-05-22,2026-06-16,LEY 1.630,"Adhesión a la implementación del Símbolo Internacional de Accesibilidad promovido por la Organización de las Naciones Unidas(ONU) en la provincia de Tierra del Fuego, Antártida e Islas del Atlántico Sur",ADHESIÓN AL SÍMBOLO INTERNACIONAL DE ACCESIBILIDAD DE LA ONU Y SU IMPLEMENTACIÓN PROVINCIAL.,www.saij.gob.ar/LPV0002126
Tierra del Fuego,Ley,164,"Individual, Solo Modificatoria o Sin Eficacia",1981-05-22,1981-06-02,Ley 164.,n/d,"MODIFICA LAS LEYES TERRITORIALES NROS. 11,131,138,150 Y 155 SOBRE CODIGO FISCAL.- CODIGO FISCAL-LEY FISCAL-OBLIGACION FISCAL-DIRECCION GENERAL DE RENTAS-FUNCIONES-FACULTADES-IMPUESTOS-GRAVAMENES-TASAS- CONTRIBUCIONES-DOMICILIO...",www.saij.gob.ar/LPV0000449
Tierra del Fuego,Ley,164,"Individual, Solo Modificatoria o Sin Eficacia",1994-07-29,1994-08-26,Ley 164,n/d,OTORGA PENSION GRACIABLE.- PREVISION SOCIAL-PENSION-PENSION GRACIABLE-ALBERTO ARNILDO ANSCHAU.,www.saij.gob.ar/LPV0000659
Tierra del Fuego,Ley,165,Derogada,1994-07-29,1994-08-26,*Ley 165,n/d,NORMA DEROGA POR ART. 67 LEY 521 (B.O.P. 02-07-01)- SOLO MODIFICATORIA-MODIFICA LEY PROVINCIAL NRO. 20 SOBRE CREACION DEL CONSEJO PROVINCIAL DEL MENOR- PODER EJECUTIVO-CONSEJO PROVINCIAL DEL MENOR-CREACION DE ORGANISMOS...,www.saij.gob.ar/LPV0000661
Tierra del Fuego,Ley,165,"Individual, Solo Modificatoria o Sin Eficacia",1981-07-07,1981-07-20,Ley 165.,n/d,DEROGA LEY TERRITORIAL NRO. 147 SOBRE CONVENIO ENTRE NACION Y PROVINCIA DE SANTA FE RATIFICADO POR LEY 22.172.- PODER EJECUTIVO-PROVINCIA-SANTA FE-CONVENIO-COMUNICACIONES- TRIBUNALES-DISTINTA JURISDICCION-RATIFICACION-LEY 22.172.,www.saij.gob.ar/LPV0000448
Tierra del Fuego,Ley,166,Derogada,1994-08-19,1994-09-05,*Ley 166,n/d,"NORMA DEROGADA POR ART. 80 LEY 561 (B.O.P. 27-11-2002)-- MODIFICA LEY TERRITORIAL NRO. 291 SOBRE REGIMEN DE JUBILACIONES, PENSIONES Y RETIROS PARA EL PERSONAL DE LA GOBERNACION DEL TERRITORIO,ENTES DESCENTRALIZADOS MUNICIPALIDADES Y PODER...",www.saij.gob.ar/LPV0000662
Tierra del Fuego,Ley,166,"Individual, Solo Modificatoria o Sin Eficacia",1981-07-15,1981-07-15,Ley 166.,n/d,MODIFICATORIA DE LEY SIN EFICACIA-PODER EJECUTIVO TERRITORIAL- ADMINISTRACION PUBLICA-PRESUPUESTO GENERAL-EJERCICIO 1981- MODIFICACION.,www.saij.gob.ar/LPV0000303
Tierra del Fuego,Ley,167,Derogada,1994-08-19,1994-09-05,Ley 167,n/d,NORMA DEROGADA POR ART. 4 LEY 648 (B.O. 14-12-2004)- MODIFICA LEY PROVINCIAL NRO. 159 SOBRE LEY DE EDUCACION.- CULTURA Y EDUCACION-SISTEMA EDUCATIVO PROVINCIAL-NIVELES EDUCATIVOS MINISTERIO DE EDUCACION Y CULTURA-CONSEJO PROVINCIAL DE...,www.saij.gob.ar/LPV0000663
Tierra del Fuego,Ley,168,"Individual, Solo Modificatoria o Sin Eficacia",1981-08-19,1981-08-31,Ley 168.,n/d,AMBITO TEMPORAL CUMPLIDO-CONDONACION DE DEUDAS-- IMPUESTO-GRAVAMEN-TRIBUTO-EMPRESAS-ENTES-ESTADO NACIONAL-PROVINCIAL TERRITORIAL-DEUDAS-CONDONACION,www.saij.gob.ar/LPV0000302
Tierra del Fuego,Ley,169,Derogada,1981-09-04,1981-09-14,Ley 169,n/d,DEROGADA POR LEY 219 (B.O. 16-04-84) SOBRE MODIFICACION CATASTRO TERRITORIAL.- INMUEBLES-CATASTRO-CATASTRO TERRITORIAL-ORGANO DE APLICACION- DIRECCION GENERAL DE CATASTRO-MINISTERIO DE OBRAS Y SERVICIOS PUBLICOS-ESTADO...,www.saij.gob.ar/LPV0000221
Tierra del Fuego,Ley,169,Derogada,1994-08-19,1994-10-03,Ley 169,n/d,DEROGADA POR LEY 206 (B.O.P. 16.01.95) SOBRE EMERGENCIA SOCIO OCUPACIONAL POR 180 DIAS EN EL AMBITO PROVINCIAL.TRABAJO-EMERGENCIA OCUPACIONAL-LEY 19.640-MINISTERIO DE GOBIERNO TRABAJO Y JUSTICIA-AUTORIDAD DE APLICACION-PLAZO-120 DIAS-EMPRESAS-...,www.saij.gob.ar/LPV0000669
Tierra del Fuego,Ley,17,"Vigente, de alcance general",1972-02-28,1972-03-13,Ley 17,Ratificación de modificaciones al convenio multilateral entre provincias (impuesto actividades lucrativas).,IMPUESTO A LAS ACTIVIDADES LUCRATIVAS-DOBLE IMPOSICION-CONVENIO MULTILATERAL-COMISION ARBITRAL,www.saij.gob.ar/LPV0000183
Tierra del Fuego,Ley,17,"Individual, Solo Modificatoria o Sin Eficacia",1992-05-21,1992-06-15,Ley 17.,n/d,OTORGA PENSION GRACIABLE A FIDELIA CRISTINA VELIZ.,www.saij.gob.ar/LPV0000470
Tierra del Fuego,Ley,170,"Individual, Solo Modificatoria o Sin Eficacia",1981-09-07,1981-09-14,Ley 170.,n/d,MODIFICATORIA DE LEY SIN EFICACIA-IMPUESTO-GRAVAMEN-TRIBUTO-LEY IMPOSITIVA-EJERCICIO 1981-MODIFICACION.,www.saij.gob.ar/LPV0000301
Tierra del Fuego,Ley,170,"Individual, Solo Modificatoria o Sin Eficacia",1994-09-09,1994-10-03,Ley 170,n/d,PROCEDIENDO A LA PUBLICACION DEL NUEVO TEXTO CONSTITUCIONAL.- PODER LEGISLATIVO-LEGISLATURA PROVINCIAL-HONORABLE CONVENCION CONSTITUYENTE NACIONAL-CONSTITUCION NACIONAL-NUEVO TEXTO- PUBLICACION.,www.saij.gob.ar/LPV0000670
Tierra del Fuego,Ley,171,"Vigente, de alcance general",1994-09-09,1994-10-03,Ley 171,Diferencias de haberes jubilatorios de beneficiarios de pensión Fueguina de arraigo.,PREVISION SOCIAL-PENSION FUEGUINA DE ARRAIGO-JUBILACIONES-PENSIONES DIFERENCIAS RETROACTIVAS-CAJAS NACIONALES.,www.saij.gob.ar/LPV0000671
Tierra del Fuego,Ley,171,"Individual, Solo Modificatoria o Sin Eficacia",1981-10-15,1981-10-26,Ley 171.,n/d,MODIFICATORIA DE LEY SIN EFICACIA-IMPUESTO-GRAVAMEN-TRIBUTO-LEY IMPOSITIVA-EJERCICIO 1981-MODIFICACION.,www.saij.gob.ar/LPV0000300
Tierra del Fuego,Ley,172,"Individual, Solo Modificatoria o Sin Eficacia",1981-11-04,1981-11-23,Ley 172.,n/d,AMBITO TEMPORAL CUMPLIDO-IMPUESTO-GRAVAMEN-TRIBUTO-INGRESOS BRUTOS- AUTOMOVILES-AUTOMOTORES-ALICUOTA-REDUCCION-VENTA,www.saij.gob.ar/LPV0000299
Tierra del Fuego,Ley,172,"Individual, Solo Modificatoria o Sin Eficacia",1994-09-09,1994-10-03,Ley 172,n/d,OTORGA PENSION GRACIABLE.- PREVISION SOCIAL-PENSION-PENSION GRACIABLE-PABLO GABRIEL LABORDE.,www.saij.gob.ar/LPV0000666
Tierra del Fuego,Ley,173,Derogada,1981-11-04,1981-11-23,Ley 173,n/d,DEROGADA POR LEY 216 (B.O. 13-02-84) SOBRE MODIFICACION LEY DE MINISTERIOS.- PODER EJECUTIVO-ADMINISTRACION PUBLICA-GOBERNACION-MINISTERIOS- SECRETARIAS-SUBSECRETARIAS-FACULTADES-ATRIBUCIONES-COMPETENCIAS- MODIFICACIONES-MINISTERIO DE GOBIERNO SALUD...,www.saij.gob.ar/LPV0000220
Tierra del Fuego,Ley,173,"Individual, Solo Modificatoria o Sin Eficacia",1994-09-09,1994-10-03,Ley 173,n/d,OTORGA PENSION GRACIABLE.- PREVISION SOCIAL-PENSION-PENSION GRACIABLE-ANGEL ORLANDO ARTAZA.,www.saij.gob.ar/LPV0000667
Tierra del Fuego,Ley,174,"Vigente, de alcance general",1981-11-05,1981-11-30,Ley 174,Tasas retributivas por servicios administrativos,ADMINISTRACION PUBLICA TERRITORIAL-TASAS-TRAMITES-DOCUMENTACION ADMINISTRATIVA-EXENCIONES IMPOSITIVAS-DIRECCION GENERAL DE RENTAS- AUTORIDAD DE APLICACION-CODIGO FISCAL-APLICACION SUPLETORIA DE LA LEY,www.saij.gob.ar/LPV0000141
Tierra del Fuego,Ley,174,"Individual, Solo Modificatoria o Sin Eficacia",1994-09-09,1994-10-03,Ley 174,n/d,OTORGA PENSION GRACIABLE.- PREVISION SOCIAL-PENSION-PENSION GRACIABLE-MARTHA SUSANA FLORES.,www.saij.gob.ar/LPV0000668
Tierra del Fuego,Ley,175,Derogada,1994-09-23,1994-10-19,LEY 175,Prohibición de fumar en las dependencias de los tres poderes del Estado provincial,Nota de Redacción. Derogada por Art. 29 Ley 1203(B.O.P.: 11/01/18).PODERES DEL ESTADO-PODER EJECUTIVO-PODER LEGISLATIVO-PODER JUDICIAL DEPENDENCIAS-ORGANISMOS CONSTITUCIONALES-DE CONTROL-AUTARQUICOS- DESCENTRALIZADOS-MIXTOS-MINISTERIO DE SALUD Y...,www.saij.gob.ar/LPV0000672
Tierra del Fuego,Ley,175,"Vigente, de alcance general",1981-11-05,1981-11-30,Ley 175,Ley de impuesto de sellos,IMPUESTO DE SELLOS-HECHO IMPONIBLE-ALICUOTAS-EXENCIONES IMPOSITIVAS -LIQUIDACION DE IMPUESTOS-INSTRUMENTOS PUBLICOS-INSTRUMENTOS PRIVADOS-INMUEBLES-OPERACIONES MONETARIAS-CONSTITUCION DE OCIEDADES -DIRECCION GENERAL DE RENTAS-AUTORIDAD DE...,www.saij.gob.ar/LPV0000140
Tierra del Fuego,Ley,176,"Vigente, de alcance general",1994-09-23,1994-10-19,Ley 176,Prohibición de toda actividad de acercamiento a cualquier especie de mamífero marino y zonas de nidificación de aves en las costas y mar de jurisdicción provincial.,"FAUNA-ECOLOGIA-MEDIO AMBIENTE-MAMIFEROS MARINOS-ZONAS DE NIDIFICACION DE AVES-PROHIBICION DE ACERCAMIENTO-SECRETARIA DE PLANEAMIENTO,CIENCIA Y TECNOLOGIA-AUTORIDAD DE APLICACION- OTORGAMIENTO DE PERMISOS-REGLAMENTACION-SANCIONES.",www.saij.gob.ar/LPV0000673
Tierra del Fuego,Ley,176,"Individual, Solo Modificatoria o Sin Eficacia",1981-11-18,1981-11-20,Ley 176.,n/d,DEROGA LEY TERRITORIAL NRO. 151 SOBRE VENTA DE VIVIENDAS DE PROPIEDAD DE LA GOBERNACION.- PODER EJECUTIVO-ADMINISTRACION PUBLICA-GOBERNACION-ENTES-AUTARQUIA- MUNICIPALIDADES-EMPLEADOS-VIVIENDAS-VENTA-PRECIO-CONDICIONES-...,www.saij.gob.ar/LPV0000446
Tierra del Fuego,Ley,177,Derogada,1981-11-25,1981-12-07,Ley 177.,n/d,DEROGADA POR LEY 179 (B.O. 04-01-82) SOBRE CUOTA ADICIONAL IMPUESTO A LOS AUTOMOTORES EJERCICIO 1981.- IMPUESTO-GRAVAMEN-TRIBUTO-IMPUESTO A LOS AUTOMOTORES-LEY IMPOSITIVA EJERCICIO 1981-CUOTA ADICIONAL-PAGO-PLAZOS-SECRETARIA DE HACIENDA Y FINANZAS.,www.saij.gob.ar/LPV0000219
Tierra del Fuego,Ley,177,Derogada,1994-10-07,1994-11-04,*Ley 177,Creación del registro de la propiedad inmueble.,INMUEBLE-REGISTRO DE LA PROPIEDAD INMUEBLE-REGIMEN-LEY 17801- SUPERIOR TRIBUNAL DE JUSTICIA-JUEZ DE PRIMERA INSTANCIA ELECTORAL Y DE REGISTRO-DIRECCION-RIO GRANDE.,www.saij.gob.ar/LPV0000674
Tierra del Fuego,Ley,178,"Individual, Solo Modificatoria o Sin Eficacia",1981-12-29,1982-03-29,Ley 178.,n/d,OBJETO CUMPLIDO-IMPUESTO-GRAVAMEN-TRIBUTO-LEY IMPOSITIVA-EJERCICIO 1982-TASAS RETRIBUTIVAS-SERVICIOS ESPECIALES-RENTAS-CATASTRO-MARCAS SEÑALES-INMOBILIARIO-AUTOMOTORES-INGRESOS BRUTOS.,www.saij.gob.ar/LPV0000298
Tierra del Fuego,Ley,178,"Individual, Solo Modificatoria o Sin Eficacia",1994-10-07,1994-11-04,Ley 178,n/d,MODIFICA LEY PROVINCIAL NRO. 008 SOBRE CREACION Y FUNCIONES DEL CONSEJO DE LA MAGISTRATURA.- CONSEJO DE LA MAGISTRATURA-FUNCIONES-MIEMBROS-INTEGRACION-SUPLENTES FISCAL DE ESTADO-FISCAL ADJUNTO-INMUNIDAD-INASISTENCIA-DESIGNACION- REPRESENTACION DE...,www.saij.gob.ar/LPV0000665
Tierra del Fuego,Ley,179,"Vigente, de alcance general",1994-10-07,1994-11-04,Ley 179,Adhesión de la provincia al convenio celebrado entre Nación y provincia de santa fe sobre comunicaciones entre tribunales de distinta jurisdicción territorial.,PODER EJECUTIVO PROVINCIAL-ORGANIZACION JUDICIAL-OFICIOS JUDICIALES COMUNICACIONES TRIBUNALES DISTINTA JURISDICCION-CONVENIO-LEY 22172.,www.saij.gob.ar/LPV0000675
Tierra del Fuego,Ley,179,"Individual, Solo Modificatoria o Sin Eficacia",1981-12-29,1982-01-04,Ley 179.,n/d,DEROGA LEY TERRITORIAL NRO. 177 SOBRE CUOTA ADICIONAL IMPUESTO A LOS AUOTMOTORES EJERCICIO 1981.- IMPUESTO-GRAVAMEN-TRIBUTO-IMPUESTO A LOS AUTOMOTORES-AUTOMOTORES- LEY IMPOSITIVA-EJERCICIO 1981-CUOTA-ADICIONAL-PAGO-PLAZOS- SECRETARIA-HACIENDA Y...,www.saij.gob.ar/LPV0000445
Tierra del Fuego,Ley,18,"Individual, Solo Modificatoria o Sin Eficacia",1972-03-13,1972-03-13,Ley 18.,n/d,AMBITO TEMPORAL CUMPLIDO-PODER EJECUTIVO TERRITORIAL-ADMINISTRACION PUBLICA-AUTORIDADES SUPERIORES-PERSONAL-REMUNERACIONES-ADICIONALES.,www.saij.gob.ar/LPV0000371
Tierra del Fuego,Ley,180,"Vigente, de alcance general",1994-10-07,1994-11-07,Ley 180.,Creación de la comisión toponímica de Tierra del Fuego.,PODER EJECUTIVO PROVINCIAL-MINISTERIO DE EDUCACION Y CULTURA- AUTORIDAD DE APLICACION-COMISION TOPONIMICA DE TIERRA DEL FUEGO- INTEGRANTES-PADRON TOPONIMICO-INSTITUTO GEOGRAFICO MILITAR-LEY 22.963.,www.saij.gob.ar/LPV0000676
Tierra del Fuego,Ley,180,"Individual, Solo Modificatoria o Sin Eficacia",1982-01-20,1982-02-22,Ley 180.,n/d,"MODIFICA LEYES TERRITORIALES NROS. 011,131,138,150 Y 155.- CODIGO FISCAL-LEY FISCAL-OBLIGACION FISCAL-DIRECCION GENERAL DE RENTAS-FUNCIONES-FACULTADES-IMPUESTOS-GRAVAMENES-TASAS- CONTRIBUCIONES-DOMICILIO FISCAL-CONTRIBUYENTES-OBLIGACIONES-DEBERES...",www.saij.gob.ar/LPV0000444
Tierra del Fuego,Ley,181,"Vigente, de alcance general",1994-09-23,1994-11-14,Ley 181,Creación del registro provincial de estibadores portuarios.,ACTIVIDAD PORTUARIA-PUERTOS-DIRECCION PROVINCIAL DE PUERTOS-REGISTRO PROVINCIAL DE ESTIBADORES PORTUARIOS-PUERTOS COMERCIALES-PUERTOS PROVINCIALES-PREFECTURA NAVAL ARGENTINA-ESTIBADOR-MATRICULA- HABILITACION-INSCRIPCION-CUPO-SUSPENSION-BAJA.,www.saij.gob.ar/LPV0000677
Tierra del Fuego,Ley,181,"Individual, Solo Modificatoria o Sin Eficacia",1982-02-05,1982-02-22,Ley 181.,n/d,MODIFICA LEY TERRITORIAL NRO. 126 SOBRE SANIDAD CANINA.- SANIDAD CANINA-OBLIGATORIEDAD DE REGISTRO-TRATAMIENTO SANITARIO- CONTRALOR-IDENTIFICACION-PROFILAXIS-AUTORIDAD DE APLICACION-FUERZA PUBLICA.,www.saij.gob.ar/LPV0000443
Tierra del Fuego,Ley,182,Derogada,1982-04-28,1982-01-01,Ley 182,n/d,DEROGADA POR LEY 187 (B.O. 22-11-82) SOBRE COPARTICIPACION FEDERAL DE IMPUESTOS.- PODER EJECUTIVO-COPARTICIPACION FEDERAL-DE IMPUESTOS-AFECTACION- GARANTIA-PRESTAMO-EQUIPAMIENTO-CANALES DE TELEVISION-LEY 20221- MODIFICACIONES.,www.saij.gob.ar/LPV0000218
Tierra del Fuego,Ley,182,"Individual, Solo Modificatoria o Sin Eficacia",1994-10-21,1994-11-14,Ley 182,n/d,OTORGA PENSION GRACIABLE.- PREVISION SOCIAL-PENSION-PENSION GRACIABLE-ISABEL A. LAMEIRO.,www.saij.gob.ar/LPV0000678
Tierra del Fuego,Ley,183,"Individual, Solo Modificatoria o Sin Eficacia",1982-06-22,1982-07-12,Ley 183.,n/d,OBJETO CUMPLIDO-PODER EJECUTIVO TERRITORIAL-ADMINISTRACION PUBLICA- PRESUPUESTO GENERAL-EJERCICIO 1982.,www.saij.gob.ar/LPV0000297
Tierra del Fuego,Ley,183,"Individual, Solo Modificatoria o Sin Eficacia",1994-10-21,1994-11-14,Ley 183,n/d,OTORGA PENSION GRACIABLE.- PREVISION SOCIAL-PENSION-PENSION GRACIABLE-RITA AYLEN-URIBE.,www.saij.gob.ar/LPV0000679
Tierra del Fuego,Ley,184,Derogada,1994-10-21,1994-11-14,[[p]]*Ley 184 [[/p]],n/d,DEROGADA POR LEY 452 (B.O.P. 26-07-99)-OTORGA PENSION GRACIABLE.- PREVISION SOCIAL-PENSION GRACIABLE A FAVOR DE LUIS ORFILIO ROSADO.,www.saij.gob.ar/LPV0000680
Tierra del Fuego,Ley,184,"Vigente, de alcance general",1982-07-12,1982-07-26,Ley 184,Privatización y transferencia de servicios a municipalidades,CONVENIOS DE TRANSFERENCIA DE SERVICIOS-MUNICIPIOS-PRIVATIZACIONES -TRANSMISIONES DE DOMINIO-BIENES DEL ESTADO-TASACIONES-LICITACIONES -TRANSFERENCIAS DE PERSONAL-INDEMNIZACIONES-CONDONACION DE DEUDAS- SUPRESION DE ORGANISMOS,www.saij.gob.ar/LPV0000139
Tierra del Fuego,Ley,185,Derogada,1982-08-18,1982-09-06,Ley 185,n/d,DEROGADA POR LEY 187 (B.O. 22-11-82) SOBRE COMPRA DE EQUIPOS DE TELEVISION.- PODER EJECUTIVO-COPARTICIPACION FEDERAL-DE IMPUESTOS-AFECTACION- GARANTIA-PRESTAMO-ANUAL-AUTORIZACION-COMPRA-EQUIPOS-TELEVISION- EQUIPAMIENTO-CANALES DE TELEVISION-LEY...,www.saij.gob.ar/LPV0000217
Tierra del Fuego,Ley,185,"Individual, Solo Modificatoria o Sin Eficacia",1994-10-21,1994-11-14,Ley 185,n/d,OTORGA PENSION GRACIABLE.- PREVISION SOCIAL-PENSION-PENSION GRACIABLE-CARLA VALERIA MAZZA.,www.saij.gob.ar/LPV0000681
Tierra del Fuego,Ley,186,"Individual, Solo Modificatoria o Sin Eficacia",1982-10-22,1982-11-22,Ley 186.,n/d,MODIFICATORIA DE LEY SIN EFICACIA-IMPUESTO-GRAVAMEN-TRIBUTO-LEY IMPOSITIVA-EJERCICIO 1982-MODIFICACION.,www.saij.gob.ar/LPV0000296
Tierra del Fuego,Ley,186,"Individual, Solo Modificatoria o Sin Eficacia",1994-10-21,1994-11-14,Ley 186,n/d,OTORGA PENSION GRACIABLE.- PREVISION SOCIAL-PENSION-PENSION GRACIABLE-ANDREA VERONICA SANCHEZ.,www.saij.gob.ar/LPV0000682
Tierra del Fuego,Ley,187,"Individual, Solo Modificatoria o Sin Eficacia",1982-11-03,1982-11-22,Ley 187.,n/d,DEROGA LEYES TERRITORIALES NROS. 182 SOBRE COPARTICIPACION FEDERAL DE IMPUESTOS Y 185 SOBRE COMPRA DE EQUIPOS DE TELEVISION.- PODER EJECUTIVO-COPARTICIPACION FEDERAL-IMPUESTOS-AFECTACION-...,www.saij.gob.ar/LPV0000442
Tierra del Fuego,Ley,187,"Individual, Solo Modificatoria o Sin Eficacia",1994-10-21,1994-11-14,Ley 187,n/d,OTORGA PENSION GRACIABLE.- PREVISION SOCIAL-PENSION-PENSION GRACIABLE-LUIS EDUARDO LENGNICK.,www.saij.gob.ar/LPV0000683
Tierra del Fuego,Ley,1873,"Vigente, de alcance general",2021-07-30,2021-09-10,LEY 1.873,"Se establece la obligatoriedad del uso de mascarillas, tapabocas o barbijos transparentes en toda oficina pública","Se establece la obligatoriedad del uso de mascarillas, tapabocas o barbijos transparentes en toda oficina pública.",www.saij.gob.ar/LPV0001869
Tierra del Fuego,Ley,188,"Individual, Solo Modificatoria o Sin Eficacia",1982-11-16,1982-12-06,Ley 188.,n/d,MODIFICATORIA DE LEY SIN EFICACIA-PODER EJECUTIVO TERRITORIAL- ADMINISTRACION PUBLICA-PRESUPUESTO GENERAL-EJERCICIO 1982- MODIFICACION.,www.saij.gob.ar/LPV0000295
Tierra del Fuego,Ley,188,"Individual, Solo Modificatoria o Sin Eficacia",1994-11-11,1994-11-25,Ley 188,n/d,MODIFICA LEY TERRITORIAL NRO. 158 SOBRE DIRECCION PROVINCIAL DE OBRAS Y SERVICIOS SANITARIOS.- ADMINISTRACION PUBLICA-DIRECCION PROVINCIAL DE OBRAS Y SERVICIOS SANITARIOS-OBRAS Y SERVICIOS SANITARIOS-SERVICIOS SANITARIOS-...,www.saij.gob.ar/LPV0000684
Tierra del Fuego,Ley,189,"Vigente, de alcance general",1982-11-17,1982-12-06,Ley 189,Exenciones impositivas a escrituras y otros títulos de impuesto de sellos y tasas de retribución de servicios,EXENCIONES IMPOSITIVAS-ESCRITURAS PUBLICAS-INSTRUMENTO PRIVADO- HIPOTECA-PRENDA-BANCOS-REFINANCIACION DE DEUDAS-DACION EN PAGO- TRANSMISIONES DE DOMINIO,www.saij.gob.ar/LPV0000127
Tierra del Fuego,Ley,189,"Individual, Solo Modificatoria o Sin Eficacia",1994-11-11,1994-11-25,Ley 189,n/d,MODIFICA    LEY TERRITORIAL NRO. 117 SOBRE DIRECCION PROVINCIAL DE ENERGIA.- ADMINISTRACION PUBLICA-MINISTERIO DE OBRAS Y SERVICIOS PUBLICOS- DIRECCION PROVINCIAL DE ENERGIA-ORGANIZACION-AMBITO-CREACION- ENTIDAD...,www.saij.gob.ar/LPV0000685
Tierra del Fuego,Ley,19,Derogada,1972-04-28,1972-04-28,Ley 19,n/d,DEROGADA POR LEY 198 (B.O. 28-03-83)-SOBRE MINISTERIOS.- ADMINISTRACION PUBLICA-PODER EJECUTIVO TERRITORIAL-GOBERNACION- MINISTERIOS-SECRETARIAS-SUBSECRETARIAS-FACULTADES-ATRIBUCIONES- DEBERES-COMPETENCIA-MINISTERIO DE GOBIERNO EDUCACION Y BIENESTAR...,www.saij.gob.ar/LPV0000232
Tierra del Fuego,Ley,19,"Vigente, de alcance general",1992-07-08,1992-07-31,LEY 19,"Creación del Instituto Provincial de Vivienda y Hábitat de la provincia de Tierra del Fuego, Antártida e Islas del Atlántico Sur",INSTITUTO PROVINCIAL DE VIVIENDA-CREACION DE ORGANISMOS-MISION Y FUNCIONES-ESTRUCTURA ORGANICA-DELEGACION DE FACULTADES-RECURSOS FINANCIEROS-POLITICA HABITACIONAL-PROGRAMAS DE VIVIENDA-FONDO NACIONAL DE LA...,www.saij.gob.ar/LPV0000190
Tierra del Fuego,Ley,190,Derogada,1982-12-30,1983-01-03,Ley 190,n/d,DEROGADA POR LEY 216 (B.O. 13-02-84) SOBRE MODIFICACION LEY DE MINISTERIOS.- PODER EJECUTIVO-ADMINISTRACION PUBLICA-GOBERNACION-MINISTERIOS- SECRETARIAS-SUBSECRETARIAS-FACULTADES-ATRIBUCIONES-COMPETENCIAS- MODIFICACIONES-MINISTERIO DE OBRAS Y...,www.saij.gob.ar/LPV0000216
Tierra del Fuego,Ley,190,"Individual, Solo Modificatoria o Sin Eficacia",1994-11-11,1994-12-12,Ley 190,n/d,OTORGA PENSION GRACIABLE.- PREVISION SOCIAL-PENSION-PENSION GRACIABLE-NORBERTO JUAN SQUERI.,www.saij.gob.ar/LPV0000686
Tierra del Fuego,Ley,191,"Vigente, de alcance general",1983-01-07,1983-01-17,Ley 191,Coparticipación de recursos con las municipalidades,IMPUESTOS NACIONALES-COPARTICIPACION FEDERAL-DISTRIBUCION DEL IMPUESTO-REGALIAS-COMBUSTIBLES-MUNICIPIOS-CONVENIOS DE ADHESION,www.saij.gob.ar/LPV0000138
Tierra del Fuego,Ley,191,"Vigente, de alcance general",1994-11-18,1994-12-12,LEY 191,Ejercicio de las profesiones en ciencias económicas,CIENCIAS ECONOMICAS-CONTADORES-EJERCICIO PROFESIONAL-FUNCIONES-  MATRICULADOS-POTESTAD DISCIPLINARIA-CONSEJO PROFESIONAL DE CIENCIAS  ECONOMICAS-CARACTERIZACION-FUNCIONES-AUTORIDADES-ASAMBLEAS-CONSEJO  SUPERIOR-CAMARAS-TRIBUNAL DE ETICA Y...,www.saij.gob.ar/LPV0000687
Tierra del Fuego,Ley,192,Derogada,1994-11-18,1994-12-21,*Ley 192,Creación del servicio penitenciario provincial.,PENITENCIARIA-SERVICIO PENITENCIARIO-CARCEL-PRISION-ALCALDIA- ASPECTOS BASICOS-MISION-DEPENDENCIAS-DEPARTAMENTOS-REGIMEN-NORMAS DE TRATO-DISCIPLINA-CONDUCTA-CONCEPTO-TRABAJO-ASISTENCIA EDUCATIVA-...,www.saij.gob.ar/LPV0000688
Tierra del Fuego,Ley,192,"Individual, Solo Modificatoria o Sin Eficacia",1983-01-07,1983-03-14,Ley 192.,n/d,PODER EJECUTIVO-USHUAIA-TELEVISION AUTORIZACION DE SOLICITUD DE AVAL PARA COMPRA DE EQUIPOS DE TELEVISION.,www.saij.gob.ar/LPV0000527
Tierra del Fuego,Ley,193,"Individual, Solo Modificatoria o Sin Eficacia",1983-02-14,1983-03-03,Ley 193.,n/d,OBJETO CUMPLIDO-EDUCACION-DOCENTES-ANTIGUEDAD-REDUCCION.,www.saij.gob.ar/LPV0000294
Tierra del Fuego,Ley,193,"Individual, Solo Modificatoria o Sin Eficacia",1994-11-18,1994-12-21,Ley 193,n/d,OTORGA PENSION GRACIABLE.- PREVISION SOCIAL-PENSION-PENSION GRACIABLE-MATIAS NICOLAS MUÑOZ.,www.saij.gob.ar/LPV0000689
Tierra del Fuego,Ley,194,"Individual, Solo Modificatoria o Sin Eficacia",1983-02-21,1983-03-08,Ley 194.,n/d,URBANISMO-EJIDO URBANO-DONACION DE UN INMUEBLE EN LA CIUDAD DE RIO GRANDE-- DEROGA LEY 21.,www.saij.gob.ar/LPV0000526
Tierra del Fuego,Ley,194,"Individual, Solo Modificatoria o Sin Eficacia",1994-11-18,1994-12-21,Ley 194,n/d,OTORGA PENSION GRACIABLE.- PREVISION SOCIAL-PENSION-PENSION GRACIABLE-YESICA MARIA MAGARIL.,www.saij.gob.ar/LPV0000690
Tierra del Fuego,Ley,195,"Vigente, de alcance general",1994-11-18,1994-12-21,LEY 195,Adhesión de la provincia a la ley 24.364 sobre construcción del ferrocarril patagónico.,PATAGONIA-FERROCARRIL PATAGONICO-LEY 24.364-ADHESION.,www.saij.gob.ar/LPV0000691
Tierra del Fuego,Ley,195,"Individual, Solo Modificatoria o Sin Eficacia",1983-03-01,1983-03-23,Ley 195.,n/d,AMBITO TEMPORAL CUMPLIDO-REGIMEN DE PAGO PARA OBLIGACIONES VENCIDAS IMPUESTO-GRAVAMEN-TRIBUTO-OBLIGACIONES-VENCIMIENTO-REGIMEN ESPECIAL FACILIDADES.,www.saij.gob.ar/LPV0000293
Tierra del Fuego,Ley,196,"Vigente, de alcance general",1994-12-07,1995-01-04,LEY 196,Adhesión de la provincia al consejo federal de administración del trabajo.,"TRABAJO-CONSEJO FEDERAL DE ADMINISTRACION DEL TRABAJO-ADHESION- MINISTERIO DE GOBIERNO,TRABAJO Y JUSTICIA-SUBSECRETARIA DE TRABAJO Y JUSTICIA.",www.saij.gob.ar/LPV0000692
Tierra del Fuego,Ley,196,"Individual, Solo Modificatoria o Sin Eficacia",1983-03-01,1983-03-21,Ley 196.,n/d,OBJETO CUMPLIDO-IMPUESTO-GRAVAMEN-TRIBUTO-LEY IMPOSITIVA-EJERCICIO 1983-TASAS RETRIBUTIVAS-SERVICIOS ESPECIALES-RENTAS-CATASTRO- JEFATURA DE POLICIA-REGISTRO CIVIL-MARCAS-ACTUACIONES NOTARIALES- INGRESOS BRUTOS,www.saij.gob.ar/LPV0000292
Tierra del Fuego,Ley,197,"Vigente, de alcance general",1994-12-07,1995-01-04,LEY 197,"Creación del premio estimulo 'conoce Tierra del Fuego, tu provincia'",EDUCACION-MINISTERIO DE EDUCACION Y CULTURA-PREMIO ESTIMULO-CONOCE TIERRA DEL FUEGO TU PROVINCIA.,www.saij.gob.ar/LPV0000693
Tierra del Fuego,Ley,197,"Individual, Solo Modificatoria o Sin Eficacia",1983-03-02,1983-03-21,Ley 197.,n/d,OBJETO CUMPLIDO-- IMPUESTO-COPARTICIPACION FEDERAL-SECRETARIA DE HACIENDA DE LA NACION-REDUCCION-REGIMEN-ANTICIPO-FINANCIAMIENTO-OBRAS PUBLICAS,www.saij.gob.ar/LPV0000291
Tierra del Fuego,Ley,198,Derogada,1983-03-08,1983-03-28,Ley 198,n/d,DEROGADA POR LEY 216 (B.O. 13-02-84) SOBRE MODIFICACION LEY DE MINISTERIOS.- PODER EJECUTIVO-ADMINISTRACION PUBLICA-GOBERNACION-MINISTERIOS- SECRETARIAS-SUBSECRETARIAS-FACULTADES-ATRIBUCIONES-COMPETENCIAS- MODIFICACIONES-GOBERNADOR-SECRETARIO...,www.saij.gob.ar/LPV0000215
Tierra del Fuego,Ley,198,"Individual, Solo Modificatoria o Sin Eficacia",1994-12-07,1995-01-04,Ley 198,n/d,OTORGA PENSION GRACIABLE.- PREVISION SOCIAL-PENSION-PENSION GRACIABLE-YESICA ALEJANDRA MORILLA MILLALONCO.,www.saij.gob.ar/LPV0000694
Tierra del Fuego,Ley,199,"Individual, Solo Modificatoria o Sin Eficacia",1983-03-16,1983-03-28,Ley 199.,n/d,DISPONE EXPROPIACION DE UN INMUEBLE EN LA CIUDAD DE USHUAIA-CALLE 12 DE OCTUBRE-ARROYO BUENA ESPERANZA-PRIMER ARGENTINO-INTEVU.,www.saij.gob.ar/LPV0000525
Tierra del Fuego,Ley,2,Derogada,1992-02-19,1992-03-04,*Ley N. 2,"Remuneraciones del gobernador , vicegobernador y dietas de legisladores.",ADMINISTRACION PUBLICA PROVINCIAL-REMUNERACIONES-DIETAS- FUNCIONARIOS-GOBERNADOR-VICEGOBERNADOR-LEGISLADORES-SECRETARIOS LEGISLATIVOS-SECRETARIOS ADMINISTRATIVOS,www.saij.gob.ar/LPV0000124
Tierra del Fuego,Ley,2,"Individual, Solo Modificatoria o Sin Eficacia",1971-06-08,1971-06-08,Ley 2.,n/d,OBJETO CUMPLIDO-ADMINISTRACION PUBLICA-PRESUPUESTO GENERAL- EJERCICIO 1971.,www.saij.gob.ar/LPV0000378
Tierra del Fuego,Ley,20,Derogada,1992-07-08,1992-08-03,*Ley 20,Creación del Consejo Provincial del menor.,CONSEJO PROVINCIAL DEL MENOR-CREACION DE ORGANISMOS-ESTATUTO ORGANICO-MISION Y FUNCIONES-FAMILIA-MENORES-EDUCACION-ASISTENCIA SANITARIA-PRESTACIONES MEDICO ASISTENCIALES-CENTROS DE ATENCION INTEGRAL DE MENORES-INTERNADOS-CUERPO TUTELAR-MENORES...,www.saij.gob.ar/LPV0000191
Tierra del Fuego,Ley,20,"Individual, Solo Modificatoria o Sin Eficacia",1972-05-18,1972-05-18,Ley 20.,n/d,DEROGA ARTICULO 93 DE LA LEY TERRITORIAL NRO. 011 CODIGO FISCAL Y ARTICULO 4 DE LA LEY TERRITORIAL NRO. 012 LEY IMPOSITIVA. SUSTITUYE PORCENTAJE DEL ARTICULO 8 DE LA LEY TERRITORIAL NRO. 012 LEY IMPOSITIVA.- CODIGO FISCAL-LEY FISCAL-OBLIGACION...,www.saij.gob.ar/LPV0000464
Tierra del Fuego,Ley,200,"Vigente, de alcance general",1983-05-18,1983-05-23,Ley 200,Exención de impuesto sobre ingresos brutos a entidades financieras y empresas estatales beneficiadas por resolución 448 del Banco Central,EXENCIONES IMPOSITIVAS-IMPUESTO SOBRE INGRESOS BRUTOS-IMPUESTO DE SELLOS-ENTIDADES FINANCIERAS-EMPRESAS PUBLICAS,www.saij.gob.ar/LPV0000137
Tierra del Fuego,Ley,201,"Vigente, de alcance general",1994-12-15,1995-01-09,LEY 201,Ley electoral,ELECCIONES-REGIMEN ELECTORAL-LEY-DISPOSICIONES-AMBITO-DERECHOS- ELECTORES-DEBERES-REGISTRO-PADRON ELECTORAL PROVINCIAL-PERSONAL DE CUSTODIA-PADRON MUNICIPAL-PADRON COMUNAL-SISTEMAS ELECTORALES-...,www.saij.gob.ar/LPV0000697
Tierra del Fuego,Ley,201,"Individual, Solo Modificatoria o Sin Eficacia",1983-06-10,1983-06-13,Ley 201.,n/d,MODIFICATORIA DE LEY SIN EFICACIA-IMPUESTO-TRIBUTO-LEY IMPOSITIVA- EJERCICIO 1983-MODIFICACION-IMPUESTO DE SELLOS.,www.saij.gob.ar/LPV0000290
Tierra del Fuego,Ley,202,"Individual, Solo Modificatoria o Sin Eficacia",1983-06-10,1983-06-13,Ley 202.,n/d,DISPONE EXPROPIACION DE UN INMUEBLE EN LA CIUDAD DE RIO GRANDE PARA LA CONSTRUCCION DE UNA PLANTA REDUCTORA DE GAS.,www.saij.gob.ar/LPV0000524
Tierra del Fuego,Ley,202,"Individual, Solo Modificatoria o Sin Eficacia",1994-12-15,1995-01-16,Ley 202,n/d,MODIFICA LEY PROVINCIAL NRO. 145 SOBRE LEY FORESTAL.- ECOLOGIA-RECURSOS NATURALES-LEY FORESTAL-MINISTERIO DE ECONOMIA- DIRECCION DE BOSQUES-AUTORIDAD DE APLICACION-RECURSO FORESTAL- PRODUCTOS FORESTALES-RIQUEZA FORESTAL-DEFENSA-CLASIFICACION DE LOS...,www.saij.gob.ar/LPV0000698
Tierra del Fuego,Ley,203,Derogada,1983-07-14,1983-07-25,*Ley 203,Promoción al Turismo,TURISMO-PROMOCION AL TURISMO-FONDO TERRITORIAL DE TURISMO-RECURSOS FINANCIEROS-REGISTRO TERRITORIAL DE EMPRESAS Y ACTIVIDADES TURISTICAS-INSCRIPCION REGISTRAL-INFRACCIONES-SANCIONES-SERVICIOS TURISTICOS,www.saij.gob.ar/LPV0000136
Tierra del Fuego,Ley,203,Derogada,1994-12-15,1995-01-16,Ley 203,n/d,DEROGADA POR LEY P. 249 SOBRE MODIFICACION CIERRES DE EJERCICIOS DEL BANCO PROVINCIA DE TIERRA DEL FUEGO.- BANCO-BANCO DE LA PROVINCIA-ESTATUTO-AUTARQUIA-DOMICILIO LEGAL- CAPITAL-RESERVAS-RESULTADOS-OPERACIONES-EXENCIONES-PRIVILEGIOS-...,www.saij.gob.ar/LPV0000699
Tierra del Fuego,Ley,204,"Individual, Solo Modificatoria o Sin Eficacia",1983-07-15,1983-07-25,Ley 204.,n/d,OBJETO CUMPLIDO-ADMINISTRACION PUBLICA TERRITORIAL EJERCICIO 1983.- PODER EJECUTIVO TERRITORIAL-ADMINISTRACION PUBLICA-PRESUPUESTO GENERAL-EJERCICIO 1983.,www.saij.gob.ar/LPV0000289
Tierra del Fuego,Ley,204,"Individual, Solo Modificatoria o Sin Eficacia",1994-12-15,1995-01-16,Ley 204,n/d,OTORGA PENSION GRACIABLE.- PREVISION SOCIAL-PENSION-PENSION GRACIABLE-MARIA LAURA MIRANDA HUAIQUIN.,www.saij.gob.ar/LPV0000700
Tierra del Fuego,Ley,205,"Vigente, de alcance general",1983-07-29,1983-08-15,Ley 205,Fundación del pueblo San Sebastián.,CREACION DE PUEBLOS-FRACCIONAMIENTO URBANO-CODIGO DE EDIFICACION-ACTIVIDAD PESQUERA-ACTA DE FUNDACION.,www.saij.gob.ar/LPV0000135
Tierra del Fuego,Ley,205,"Individual, Solo Modificatoria o Sin Eficacia",1994-12-15,1995-01-16,Ley 205.,n/d,OTORGA PENSION GRACIABLE.- PREVISION SOCIAL-PENSION-PENSION GRACIABLE-JULIO TORRES.,www.saij.gob.ar/LPV0000701
Tierra del Fuego,Ley,206,"Vigente, de alcance general",1994-12-15,1995-01-11,LEY 206,Establecimiento  de  la emergencia socio ocupacional en el ámbito  de la provincia por 180 días.,TRABAJO-EMERGENCIA SOCIO OCUPACIONAL-LEY 19640-EMPRESAS-DESPIDOS- SUSPENSIONES-INDEMNIZACIONES-DEUDAS LABORALES-COMISION-AREA ADUANERA ESPECIAL-MINISTERIO DE GOBIERNO TRABAJO Y JUSTICIA- AUTORIDAD DE APLICACION.- DEROGA LEY 169.,www.saij.gob.ar/LPV0000702
Tierra del Fuego,Ley,206,"Individual, Solo Modificatoria o Sin Eficacia",1983-08-19,1983-08-19,Ley 206.,n/d,DISPONE EXPROPIACION DE UN INMUEBLE EN LA CIUDAD DE RIO GRANDE.,www.saij.gob.ar/LPV0000523
Tierra del Fuego,Ley,207,Derogada,1983-09-05,1983-09-12,LEY 207,n/d,DEROGADA POR LEY P. 19 SOBRE MODIFICACION INTEVU- VIVIENDA-INSTITUTO TERRITORIAL DE VIVIENDA Y URBANISMO-INTEVU- CREACION DE ORGANISMOS-AMBITO-FUNCIONES-FACULTADES-COMPOSICION- ESTRUCTURA-REGIMEN PATRIMONIAL-REGIMEN FINANCIERO-ATRIBUCIONES-...,www.saij.gob.ar/LPV0000214
Tierra del Fuego,Ley,207,Derogada,1994-12-15,1995-01-16,*LEY 207,Pago por poder Ejecutivo de créditos laborales pendientes en caso de despido o suspensión de trabajadores.,PODER EJECUTIVO PROVINCIAL-EMPRESAS-TRABAJADORES-DESPIDOS- SUSPENSIONES-CREDITO LABORAL-FACULTADES DEL PODER EJECUTIVO.,www.saij.gob.ar/LPV0000703
Tierra del Fuego,Ley,208,"Individual, Solo Modificatoria o Sin Eficacia",1983-09-09,1983-09-19,Ley 208.,n/d,MODIFICATORIA DE LEY SIN EFICACIA-PODER EJECUTIVO TERRITORIAL- ADMINISTRACION PUBLICA-PRESUPUESTO GENERAL-EJERCICIO 1983- MODIFICACION.,www.saij.gob.ar/LPV0000288
Tierra del Fuego,Ley,208,"Individual, Solo Modificatoria o Sin Eficacia",1994-12-15,1995-01-16,Ley 208,n/d,"MODIFICA LEY PROVINCIAL NRO. 147 SOBRE CODIGO PROCESAL CIVIL, COMERCIAL,LABORAL,RURAL Y MINERO.- PODER JUDICIAL PROVINCIAL-CODIGO PROCESAL CIVIL COMERCIAL LABORAL RURAL Y MINERO-PRINCIPIOS GENERALES-COMPETENCIA-CUESTIONES- RECUSACIONES Y...",www.saij.gob.ar/LPV0000704
Tierra del Fuego,Ley,2089,"Vigente, de alcance general",2024-12-14,2024-12-30,LEY 2.089,LINEAMIENTOS GENERALES PARA LA CONSERVACIÓN Y MANEJO SOSTENIBLE DE LOS BOSQUES MARINOS DE MACROALGAS (MACROCYSTIS PYRIFERA) EN EL ÁMBITO PROVINCIAL.,Lineamientos generales para la conservación y el manejo sostenible de los ecosistemas con bosques de macroalgas,www.saij.gob.ar/LPV0002079
Tierra del Fuego,Ley,209,"Individual, Solo Modificatoria o Sin Eficacia",1983-09-09,1983-09-19,Ley 209.,n/d,OBJETO CUMPLIDO-PARTIDOS POLITICOS-ELECCIONES-ALIANZAS- RECONOCIMIENTO-ALIANZAS TRANSITORIAS-DECRETO 1.255/83.,www.saij.gob.ar/LPV0000287
Tierra del Fuego,Ley,209,"Individual, Solo Modificatoria o Sin Eficacia",1994-12-15,1995-01-16,Ley 209,n/d,MODIFICA LEY PROVINCIAL NRO. 123 SOBRE LEY IMPOSITIVA EJERCICIO 1994.- IMPUESTO-GRAVAMEN-TRIBUTO-TASA-LEY IMPOSITIVA-EJERCICIO 1994- DERECHO-CONTRIBUCION-DIRECCION GENERAL DE CATASTRO-CERTIFICADO CATASTRAL-PLANOS DE SUBDIVISION-PLANOS DE...,www.saij.gob.ar/LPV0000705
Tierra del Fuego,Ley,21,Derogada,1972-05-22,1972-10-01,Ley 21,n/d,DEROGADA POR LEY 194 (B.O. 08-03-83)-SOBRE ACEPTACION DE DONACION TERRENOS DE LA CIUDAD DE RIO GRANDE-GOBERNACION- RIO GRANDE-ROMERO-COBIAN DE ROMERO.,www.saij.gob.ar/LPV0000231
Tierra del Fuego,Ley,21,"Vigente, de alcance general",1992-07-30,1992-08-07,Ley 21,Juicio político.,DIRECCION PROVINCIAL DE VIALIDAD-CREACION DE ORGANISMOS-MISION Y FUNCIONES-ESTATUTO ORGANICO-FONDO PROVINCIAL DE VIALIDAD-RECURSOS FINANCIEROS-CAMINOS-CONSOSRCIOS CAMINEROS-ADHESION MUNICIPAL-TASAS- PODER DE POLICIA-CURSOS DE AGUA-PUBLICIDAD EN LA...,www.saij.gob.ar/LPV0000192
Tierra del Fuego,Ley,210,Derogada,1994-12-15,1995-01-23,*LEY 210,Enjuiciamiento de magistrados del Poder Judicial y funcionarios del ministerio público.,PODER JUDICIAL-MINISTERIO PUBLICO-CONSEJO DE LA MAGISTRATURA- SUPERIOR TRIBUNAL DE JUSTICIA-FISCAL-MAGISTRADOS-FUNCIONARIOS- PROCEDIMIENTO DE ENJUICIAMIENTO-DENUNCIANTE-ACUSADO-PRUEBAS- RESOLUCION-PLAZOS.,www.saij.gob.ar/LPV0000706
Tierra del Fuego,Ley,210,"Individual, Solo Modificatoria o Sin Eficacia",1983-09-09,1983-09-19,Ley 210.,n/d,OBJETO CUMPLIDO-PARTIDOS POLITICOS-ELECCIONES-OFICIALIZACION-LISTAS REGISTRO-CANDIDATOS-CODIGO ELECTORAL NACIONAL,www.saij.gob.ar/LPV0000286
Tierra del Fuego,Ley,211,"Vigente, de alcance general",1994-12-15,1995-01-23,LEY 211,Creación del fondo para el desarrollo de los recursos y ambientes naturales.,ECOLOGIA-MEDIO AMBIENTE-FONDO PARA EL DESARROLLO DE LOS RECURSOS Y AMBIENTES NATURALES-MINISTERIO DE ECONOMIA-INTEGRACION-MANEJO- ADMINISTRACION-AFECTACION-CUENTA ESPECIAL-BANCO PROVINCIA TIERRA DEL FUEGO.,www.saij.gob.ar/LPV0000707
Tierra del Fuego,Ley,211,"Individual, Solo Modificatoria o Sin Eficacia",1983-10-05,1983-10-10,Ley 211.,n/d,DISPONE DONACION DE VEHICULOS A BOMBEROS VOLUNTARIOS DE USHUAIA.,www.saij.gob.ar/LPV0000522
Tierra del Fuego,Ley,212,"Vigente, de alcance general",1983-10-05,1983-10-10,Ley 212,Creación de cuenta especial 'Policía Territorial-Registro territorial de armas',CUENTAS ESPECIALES-POLICIA TERRITORIAL-REGISTRO TERRITORIAL DE ARMAS-TASAS-ARANCELES-MULTAS-ARMAS,www.saij.gob.ar/LPV0000134
Tierra del Fuego,Ley,212,"Vigente, de alcance general",1995-04-19,1995-04-21,LEY 212,Poder  judicial:  competencia  de  juzgado de instrucción de primera nominación  del distrito judicial sur  por  el  plazo  de  60  días. modificación transitoria de la ley provincial nro. 110.,PODER JUDICIAL-JUZGADO DE INSTRUCCION DE PRIMERA NOMINACION-JUZGADO DE INSTRUCCION DE SEGUNDA NOMINACION-MODIFICACION COMPETENCIA.,www.saij.gob.ar/LPV0000708
Tierra del Fuego,Ley,213,"Vigente, de alcance general",1995-03-30,1995-04-28,LEY 213,Convenio con Nacion y demás provincias productoras de hidrocarburos.,HIDROCARBUROS-PODER EJECUTIVO NACIONAL-PODER EJECUTIVO PROVINCIAL- PROVINCIAS PRODUCTORAS-CONVENIO-DECRETO PROVINCIAL 3396/94.,www.saij.gob.ar/LPV0000709
Tierra del Fuego,Ley,213,"Individual, Solo Modificatoria o Sin Eficacia",1983-10-05,1983-10-10,Ley 213.,n/d,MODIFICATORIA DE LEY SIN EFICACIA-ADMINISTRACION PUBLICA TERRITORIAL-PRESUPUESTO GENERAL-EJERCICIO 1983-MODIFICACION.,www.saij.gob.ar/LPV0000285
Tierra del Fuego,Ley,214,Derogada,1995-03-30,1995-04-25,*LEY 214,Gestión de créditos para la construcción de la obra 'nuevo puerto en Caleta la Misión'.,PODER EJECUTIVO PROVINCIAL-OBRAS PUBLICAS-CREDITOS-NUEVO PUERTO EN CALETA LA MISION.,www.saij.gob.ar/LPV0000710
Tierra del Fuego,Ley,214,"Individual, Solo Modificatoria o Sin Eficacia",1983-12-06,1983-12-19,Ley 214.,n/d,OBJETO CUMPLIDO-LEGISLATURA TERRITORIAL-PRESUPUESTO EJERCICIO 1983.,www.saij.gob.ar/LPV0000284
Tierra del Fuego,Ley,215,Derogada,1995-03-30,1995-04-28,[[p]]*LEY 215 [[/p]],Autorización al Poder Ejecutivo Provincial a gestionar créditos para la realización de la obra 'nuevo hospital Rio Grande',PODER EJECUTIVO PROVINCIAL-OBRAS PUBLICAS-CREDITOS-NUEVO HOSPITAL RIO GRANDE.,www.saij.gob.ar/LPV0000711
Tierra del Fuego,Ley,215,"Individual, Solo Modificatoria o Sin Eficacia",1983-12-09,1984-02-27,Ley 215.,n/d,AMBITO TEMPORAL CUMPLIDO-REGIMEN DE PAGO PARA OBLIGACIONES VENCIDAS AL 31.10.83-REGIMEN ESPECIAL,www.saij.gob.ar/LPV0000283
Tierra del Fuego,Ley,216,Derogada,1995-03-30,1995-04-28,[[p]]*LEY 216 [[/p]],Créditos para construcción de medios de elevación en el cerro Krund.,PODER EJECUTIVO PROVINCIAL-OBRAS PUBLICAS-CREDITO BANCARIO- PROVISION Y MONTAJE DE LOS MEDIOS DE ELEVACION EN EL CERRO KRUND.,www.saij.gob.ar/LPV0000712
Tierra del Fuego,Ley,216,"Individual, Solo Modificatoria o Sin Eficacia",1984-02-02,1984-02-13,LEY 216,Ley de ministerios,"SIN EFICACIA POR NUEVO REGIMEN POR LEY 25-LEY DE MINISTERIOS- MINISTERIO DE GOBIERNO-MINISTERIO DE ECONOMIA Y HACIENDA-MINISTERIO DE LA MUJER Y LA FAMILIA-SECRETARIAS-SUBSECRETARIAS-COMPETENCIA.- DEROGA LEYES 163,173,190 y 198",www.saij.gob.ar/LPV0000133
Tierra del Fuego,Ley,217,Derogada,1995-03-30,1995-04-28,LEY 217,n/d,DEROGADA POR LEY P. 291 SOBRE LEY IMPOSITIVA EJERCICIO 1996:MODIFICACION.- IMPUESTO-GRAVAMEN-TRIBUTO-TASA-LEY IMPOSITIVA-EJERCICIO 1995- EXENCIONES TRIBUTARIAS-CONSTRUCCION-PRESTACIONES-ESTABLECIMIENTOS FINANCIEROS-INVESTIGACION CIENTIFICA Y...,www.saij.gob.ar/LPV0000713
Tierra del Fuego,Ley,217,"Vigente, de alcance general",1984-01-19,1984-03-05,Ley N. 217,Facultad de la legislatura para recibir declaraciones sobre presuntos delitos contra la administración publica,PODER LEGISLATIVO PROVINCIAL-DELITOS CONTRA LA ADMINISTRACION PUBLICA,www.saij.gob.ar/LPV0000132
Tierra del Fuego,Ley,218,Derogada,1984-03-15,1984-04-16,Ley 218,Escribanía general de gobierno,ADMINISTRACION PUBLICA PROVINCIAL-PODER EJECUTIVO PROVINCIAL- ESCRIBANIA GENERAL DE GOBIERNO-CREACION DE ORGANISMOS-REGISTROS NOTARIALES-PROTOCOLO GENERAL-LIBRO DE JURAMENTOS-LIBRO DE CERTIFICACIONES DE FIRMAS-ARCHIVOS-ARANCELES,www.saij.gob.ar/LPV0000128
Tierra del Fuego,Ley,218,"Individual, Solo Modificatoria o Sin Eficacia",1994-12-15,1995-06-02,Ley 218,n/d,OTORGA PENSION GRACIABLE.- PREVISION SOCIAL-PENSION-PENSION GRACIABLE-GUSTAVO GIUNTA.,www.saij.gob.ar/LPV0000714
Tierra del Fuego,Ley,219,"Individual, Solo Modificatoria o Sin Eficacia",1984-03-15,1984-04-16,Ley 219.,n/d,DEROGA LEY TERRITORIAL NRO. 169 Y ARTICULO 56 DE LA LEY TERRITORIAL NRO. 146 SOBRE MODIFICACION CATASTRO TERRITORIAL.- INMUEBLES-CATASTRO-CATASTRO TERRITORIAL-AUTORIDAD DE APLICACION- DIRECCION GENERAL DE CATASTRO-MINISTERIO DE OBRAS Y SERVICIOS...,www.saij.gob.ar/LPV0000441
Tierra del Fuego,Ley,219,"Individual, Solo Modificatoria o Sin Eficacia",1994-12-15,1995-06-02,Ley 219,n/d,OTORGA PENSION GRACIABLE.- PREVISION SOCIAL-PENSION-PENSION GRACIABLE-CESAR EDUARDO VIÑABAL.,www.saij.gob.ar/LPV0000715
Tierra del Fuego,Ley,22,"Vigente, de alcance general",1992-08-10,1992-08-18,LEY 22,Dirección Provincial de Vialidad: creación.,DIRECCION PROVINCIAL DE VIALIDAD-CREACION DE ORGANISMOS-OBJETO-FUNCIONES-ATRIBUCIONES- DEBERES-ADMINISTRACION-FONDO PROVINCIAL DE VIALIDAD-CAMINOS-CONSORCIOS.,www.saij.gob.ar/LPV0000193
Tierra del Fuego,Ley,22,"Individual, Solo Modificatoria o Sin Eficacia",1972-05-23,1972-06-05,Ley 22.,n/d,AMBITO TEMPORAL CUMPLIDO-PODER EJECUTIVO TERRITORIAL-ADMINISTRACION PUBLICA-PERSONAL-REMUNERACIONES.,www.saij.gob.ar/LPV0000370
Tierra del Fuego,Ley,220,"Individual, Solo Modificatoria o Sin Eficacia",1984-04-26,1984-05-07,Ley 220.,n/d,OBJETO CUMPLIDO-RATIFICACION DE MEJORAS SALARIALES.,www.saij.gob.ar/LPV0000282
Tierra del Fuego,Ley,220,"Individual, Solo Modificatoria o Sin Eficacia",1994-12-15,1995-06-02,Ley 220,n/d,OTORGA PENSION GRACIABLE- PREVISION SOCIAL-PENSION-PENSION GRACIABLE-NICOLAS GUIMIL.,www.saij.gob.ar/LPV0000716
Tierra del Fuego,Ley,221,"Individual, Solo Modificatoria o Sin Eficacia",1984-06-14,1984-07-16,Ley 221.,n/d,"OBJETO CUMPLIDO-REINCORPORACION DEL PERSONAL DEJADO CESANTE ENTRE EL 24.03.76 Y EL 30.10.83 PERTENECIENTE A LA ADMINISTRACION PUBLICA TERRITORIAL,ORGANISMOS DESCENTRALIZADOS,ENTES AUTARQUICOS Y SOCIEDADES DEL ESTADO.",www.saij.gob.ar/LPV0000281
Tierra del Fuego,Ley,221,"Individual, Solo Modificatoria o Sin Eficacia",1994-12-15,1995-06-02,Ley 221,n/d,OTORGA PENSION GRACIABLE- PREVISION SOCIAL-PENSION-PENSION GRACIABLE-LAUTARO EZEQUIEL DENIS.,www.saij.gob.ar/LPV0000717
Tierra del Fuego,Ley,222,"Individual, Solo Modificatoria o Sin Eficacia",1984-06-14,1984-07-16,Ley 222.,n/d,AMBITO TEMPORAL CUMPLIDO-SUBSIDIO AL CONSUMO DE GAS ENVASADO ENTRE EL 01.07.84 Y EL 15.10.84.,www.saij.gob.ar/LPV0000280
Tierra del Fuego,Ley,222,"Individual, Solo Modificatoria o Sin Eficacia",1995-05-29,1995-06-02,Ley 222,n/d,OTORGA PENSION GRACIABLE- PREVISION SOCIAL-PENSION-PENSION GRACIABLE-VENANCIA CIRILA GALIAN.,www.saij.gob.ar/LPV0000718
Tierra del Fuego,Ley,223,"Vigente, de alcance general",1984-06-28,1984-07-30,Ley 223,Exención del impuesto inmobiliario a jubilados y pensionados titulares de una única propiedad.,EXENCIONES IMPOSITIVAS-IMPUESTO INMOBILIARIO-JUBILADOS-PENSIONADOS,www.saij.gob.ar/LPV0000131
Tierra del Fuego,Ley,223,"Individual, Solo Modificatoria o Sin Eficacia",1995-06-06,1995-06-23,Ley 223,n/d,MODIFICA LEY PROVINCIAL NRO. 201 SOBRE LEY ELECTORAL.- ELECCIONES-REGIMEN ELECTORAL-LEY-DISPOSICIONES:AMBITO-DERECHOS- ELECTORES-DEBERES-REGISTRO-PADRON ELECTORAL PROVINCIAL-PERSONAL DE CUSTODIA-PADRON MUNICIPAL-PADRON COMUNAL-SISTEMAS ELECTORALES-...,www.saij.gob.ar/LPV0000719
Tierra del Fuego,Ley,224,"Vigente, de alcance general",1984-06-14,1984-08-06,Ley 224,"Publicación en boletín oficial de contratos, convenios, concesiones de explotación, etc., en que intervenga el gobierno territorial",BOLETIN OFICIAL-PUBLICIDAD DE NORMAS-CONTRATOS-CONVENIOS- CONCESIONES-CONTRATACION DIRECTA-CONCURSO DE PRECIOS-LICITACIONES PUBLICAS-LICITACIONES PRIVADAS,www.saij.gob.ar/LPV0000130
Tierra del Fuego,Ley,224,"Vigente, de alcance general",1995-06-16,1995-06-23,LEY 224,Fecha de cierre de padrón electoral.,ELECCIONES-REGIMEN ELECTORAL-LEY-DISPOSICIONES-AMBITO-DERECHOS- ELECTORES-DEBERES-REGISTRO-PADRON ELECTORAL PROVINCIAL-PERSONAL DE CUSTODIA-PADRON MUNICIPAL-PADRON COMUNAL-SISTEMAS ELECTORALES-...,www.saij.gob.ar/LPV0000720
Tierra del Fuego,Ley,225,"Individual, Solo Modificatoria o Sin Eficacia",1984-08-03,1984-08-20,Ley 225.,n/d,OBJETO CUMPLIDO-IMPUESTO-TRIBUTO-LEY IMPOSITIVA-EJERCICIO 1984- TASAS RETRIBUTIVAS-SERVICIOS ESPECIALES-RENTAS-CATASTRO-JEFATURA DE POLICIA-REGISTRO CIVIL-MARCAS-ACTUACIONES NOTARIALES-INGRESOS BRUTOS-,www.saij.gob.ar/LPV0000279
Tierra del Fuego,Ley,225,"Individual, Solo Modificatoria o Sin Eficacia",1995-06-06,1995-06-26,Ley 225,n/d,MODIFICA LA LEY TERRITORIAL NRO. 480 SOBRE CODIGO FISCAL.- CODIGO FISCAL-LEY FISCAL-OBLIGACION FISCAL-DIRECCION GENERAL DE RENTAS-FUNCIONES-FACULTADES-IMPUESTOS-GRAVAMENES-TASAS- CONTRIBUCIONES-DOMICILIO FISCAL-CONTRIBUYENTE-OBLIGACIONES-DEBERES-...,www.saij.gob.ar/LPV0000721
Tierra del Fuego,Ley,226,"Vigente, de alcance general",1995-06-06,1995-06-26,LEY 226,Revocatoria de mandatos,FUNCIONARIOS-REVOCATORIA-MANDATOS-CONSTITUCION PROVINCIAL-JUSTICIA ELECTORAL-PETICION-REQUISITOS-CADUCIDAD-ACREDITACION-PLAZO- ELECTORES-CONSULTA DE REVOCATORIA-DERECHO-LEY ELECTORAL PROVINCIAL 201.,www.saij.gob.ar/LPV0000722
Tierra del Fuego,Ley,226,"Individual, Solo Modificatoria o Sin Eficacia",1984-08-10,1984-09-10,Ley 226.,n/d,OTORGA PENSIONES GRACIABLES A DESCENDIENTES DE INDIGENAS-SEGUNDO ARTEAGA-ENRIQUETA GASTILUMENDI-RAFAELA ISHTON.,www.saij.gob.ar/LPV0000521
Tierra del Fuego,Ley,227,"Vigente, de alcance general",1995-06-06,1995-06-27,LEY 227,"Suspensión  del  régimen  de  exenciones  tributarias  en  el ámbito provincial hasta el 01.04.96 mientras se encuentre vigente el  pacto federal para el empleo, la producción y el crecimiento.",IMPUESTO-GRAVAMEN-TRIBUTO-LEY IMPOSITIVA-EJERCICIO 1995-REGIMEN- EXENCIONES-SUSPENSION-ALICUOTA-TASA CERO-LEY 24.468.,www.saij.gob.ar/LPV0000723
Tierra del Fuego,Ley,227,"Individual, Solo Modificatoria o Sin Eficacia",1984-07-27,1984-09-03,Ley 227.,n/d,MODIFICA EL ARTICULO 1 DE LA LEY TERRITORIAL NRO. 221 SOBRE REINCORPORACION DEL PERSONAL DEJADO CESANTE ENTRE EL 24.03.76 Y EL 30.10.83 PERTENECIENTE A LA ADMINISTRACION PUBLICA TERRITORIAL ORGANISMOS DESCENTRALIZADOS ENTES AUTARQUICOS Y SOCIEDADES...,www.saij.gob.ar/LPV0000440
Tierra del Fuego,Ley,228,Derogada,1984-08-10,1984-09-17,Ley 228,Composición   y  funciones  del  consejo  territorial  de  educación,EDUCACION-CONSEJO TERRITORIAL DE EDUCACION:MISION Y FUNCIONES- DOCENTES,www.saij.gob.ar/LPV0000129
Tierra del Fuego,Ley,228,Derogada,1995-06-15,1995-06-28,[[p]]*LEY 228 [[/p]],Autorización al Poder Ejecutivo Provincial para tomar un préstamo de dinero mediante la gestión del banco provincia de tierra del fuego.,PODER EJECUTIVO PROVINCIAL-PRESTAMO-BANCOS NACIONALES- BANCOS EXTRANJEROS-BANCO PROVINCIA TIERRA DEL FUEGO-CONVENIO- MUNICIPALIDAD RIO GRANDE-USHUAIA-COMUNA TOLHUIN- CONVENIO NRO. 1957.,www.saij.gob.ar/LPV0000724
Tierra del Fuego,Ley,229,"Individual, Solo Modificatoria o Sin Eficacia",1984-10-10,1984-10-29,Ley 229.,n/d,OTORGA PENSION GRACIABLE A MIGUEL JAROWICKI.,www.saij.gob.ar/LPV0000520
Tierra del Fuego,Ley,229,"Individual, Solo Modificatoria o Sin Eficacia",1995-06-15,1995-06-28,Ley 229,n/d,MODIFICA LA LEY PROVINCIAL NRO. 199 SOBRE LEY IMPOSITIVA EJERCICIO 1995.- IMPUESTO-GRAVAMEN-TRIBUTO-TASA-LEY IMPOSITIVA-EJERCICIO 1995- DERECHO-CONTRIBUCION-DIRECCION GENERAL DE CATASTRO-CERTIFICADO CATASTRAL-PLANOS DE SUBDIVISION-PLANOS DE...,www.saij.gob.ar/LPV0000725
Tierra del Fuego,Ley,23,"Individual, Solo Modificatoria o Sin Eficacia",1972-06-21,1972-07-03,Ley 23.,n/d,MODIFICATORIA DE LEY SIN EFICACIA-PODER EJECUTIVO TERRITORIAL- ADMINISTRACION PUBLICA-PRESUPUESTO-BIENESTAR SOCIAL-MODIFICACION.,www.saij.gob.ar/LPV0000369
Tierra del Fuego,Ley,23,"Individual, Solo Modificatoria o Sin Eficacia",1992-08-10,1992-08-18,Ley 23,n/d,DEROGA LEYES TERRITORIALES 455 SOBRE BINGO Y 494 SOBRE HABILITACION DE LOCALES DESTINADOS A JUEGOS DE AZAR.- JUEGOS DE AZAR-BINGO-TRANSFERENCIA A MUNICIPIOS-ACCION SOCIAL- COMISIONES DE FOMENTO-MAQUINAS ELECTRONICAS-CASINO-CASINOS...,www.saij.gob.ar/LPV0000383
Tierra del Fuego,Ley,230,"Vigente, de alcance general",1995-06-15,1995-06-28,LEY 230,Feria anual de la producción genuina,EVENTOS FERIA ANUAL DE LA PRODUCCION GENUINA-AMBITO DE REALIZACION- ARTESANOS-MICRO-PEQUEÑA-MEDIANA EMPRESA-ACTIVIDADES PRODUCTIVAS.,www.saij.gob.ar/LPV0000726
Tierra del Fuego,Ley,230,"Individual, Solo Modificatoria o Sin Eficacia",1984-09-28,1984-11-05,Ley 230.,n/d,OBJETO CUMPLIDO-CREACION DE LA COMISION DE INVESTIGACION PARLAMENTARIA-COMPOSICION-FUNCIONES,www.saij.gob.ar/LPV0000278
Tierra del Fuego,Ley,231,"Vigente, de alcance general",1995-06-23,1995-06-29,LEY 231,Caracterización y régimen de gobierno de las comunas,COMUNAS-CARACTERIZACION-REGIMEN DE GOBIERNO-COMUNA DE TOLHUIN- GOBIERNO COMUNAL-PODER LEGISLATIVO-PODER EJECUTIVO-CONCEJO  DELIBERANTE-COPARTICIPACION.,www.saij.gob.ar/LPV0000727
Tierra del Fuego,Ley,231,"Individual, Solo Modificatoria o Sin Eficacia",1984-09-28,1984-11-12,Ley 231.,n/d,OBJETO CUMPLIDO-DOCENTES-ADHESION A LA LEY NACIONAL 14.473.,www.saij.gob.ar/LPV0000277
Tierra del Fuego,Ley,232,"Vigente, de alcance general",1984-10-26,1984-11-12,LEY 232,Docentes: carreras con metodología a distancia.,EDUCACION-DOCENTE-CARRERAS A DISTANCIA.,www.saij.gob.ar/LPV0000115
Tierra del Fuego,Ley,232,"Vigente, de alcance general",1995-06-15,1995-07-05,LEY 232,Comunicaciones con bases antárticas argentinas mediante la red de telefonía DDN.,ANTARTIDA ARGENTINA-BASES-GENERAL SAN MARTIN-BELGRANO 2-JUBANY- COMUNICACIONES-PODER EJECUTIVO PROVINCIAL-SECRETARIA GENERAL- DIRECCION DE DEFENSA CIVIL PROVINCIAL-RED DE TELEFONIA-DDN COMANDO ANTARTICO-DIRECCION NACIONAL DEL ANTARTICO.,www.saij.gob.ar/LPV0000728
Tierra del Fuego,Ley,233,"Vigente, de alcance general",1984-10-26,1984-11-12,LEY 233,Asistencia crediticia al banco del territorio concedida por el banco central.,BANCO-BANCO DEL TERRITORIO-CREDITO-COPARTICIPACION FEDERAL.,www.saij.gob.ar/LPV0000114
Tierra del Fuego,Ley,233,"Individual, Solo Modificatoria o Sin Eficacia",1995-07-06,1995-07-26,Ley 233,n/d,DEROGACION LEY TERRITORIAL NRO. 324 SOBRE CREACION DE LA DEFENSA SOCIAL.- ACCION SOCIAL-MINORIDAD-FAMILIA-DEFENSORIA SOCIAL.,www.saij.gob.ar/LPV0000729
Tierra del Fuego,Ley,234,"Vigente, de alcance general",1984-10-26,1984-11-12,LEY 234,Banco del territorio: transformación en entidad autárquica  y aprobación del estatuto.,BANCOS PROVINCIALES-BANCO DEL TERRITORIO-ESTATUTO-ENTIDAD AUTARQUICA-BANCO PROVINCIA DE TIERRA DEL FUEGO.,www.saij.gob.ar/LPV0000113
Tierra del Fuego,Ley,234,"Individual, Solo Modificatoria o Sin Eficacia",1995-07-06,1995-07-31,Ley 234,n/d,MODIFICANDO LEY P 70 SOBRE BECAS DE ESTUDIO (DEROGADA POR LEY P 246).- EDUCACION-BECAS-ESTUDIO-CONCURSO-SOLICITUD-OTORGAMIENTO-REQUISITOS- PRESTAMOS-OBLIGACIONES-CANCELACION-CADUCIDAD-FONDO-AUTORIDAD DE APLICACION.,www.saij.gob.ar/LPV0000730
Tierra del Fuego,Ley,235,Derogada,1984-10-26,1984-11-12,LEY 235,Fomento y difusión del cooperativismo.,COOPERATIVISMO-BENEFICIOS TRIBUTARIOS-CREDITO-FONDO TERRITORIAL DE DESARROLLO.,www.saij.gob.ar/LPV0000112
Tierra del Fuego,Ley,235,"Vigente, de alcance general",1995-07-06,1995-07-31,LEY 235,"Adhesión de la provincia a las leyes Nacionales 14.932, 23.302 y 24071 sobre comunidades indígenas.",ABORIGEN-INDIGENA-COMUNIDADES INDIGENAS-POLITICAS INDIGENAS-PUEBLOS INDIGENAS-APOYO A COMUNIDADES ABORIGENES-LEY 14.932-LEY 23.302-LEY 24.071.,www.saij.gob.ar/LPV0000731
Tierra del Fuego,Ley,236,"Vigente, de alcance general",1984-09-28,1984-11-19,Ley 236,Ley de municipios,GOBIERNO PROVINCIAL-MUNICIPALIDADES-INTENDENTE-CONCEJO DELIBERANTE-CONCEJAL-INCOMPATIBILIDADES-ATRIBUCIONES-DEBERES-  DELEGACION MUNICIPAL-CONVENIOS-PRESTAMO BANCARIO-ADQUISICIONES-  EXPROPIACIONES-SERVICIOS PUBLICOS-OBRAS PUBLICAS-RECURSOS ...,www.saij.gob.ar/LPV0000111
Tierra del Fuego,Ley,236,"Individual, Solo Modificatoria o Sin Eficacia",1995-07-06,1995-07-31,Ley 236,n/d,OTORGA PENSION GRACIABLE.- PREVISION SOCIAL-PENSION-PENSION GRACIABLE-TOMAS CARLOS CACERES.,www.saij.gob.ar/LPV0000732
Tierra del Fuego,Ley,237,"Vigente, de alcance general",1984-10-23,1984-11-26,Ley 237,"Prohibición de descarga de efluentes residuales sólidos, líquidos o gaseosos",MEDIO AMBIENTE-ECOLOGIA-DESECHOS PELIGROSOS-CONTAMINACION AMBIENTAL -AGUAS PUBLICAS-DIRECCION DE OBRAS Y SERVICIOS SANITARIOS- INDUSTRIAS-HABILITACION DEL ESTABLECIMIENTO-CLAUSURA DEL ESTABLECIMIENTO-INSPECCION MUNICIPAL,www.saij.gob.ar/LPV0000110
Tierra del Fuego,Ley,237,"Individual, Solo Modificatoria o Sin Eficacia",1995-07-06,1995-07-31,Ley 237,n/d,OTORGA PENSION GRACIABLE- PREVISION SOCIAL-PENSION-PENSION GRACIABLE-PABLO DAVID PERPETTO.,www.saij.gob.ar/LPV0000733
Tierra del Fuego,Ley,238,"Individual, Solo Modificatoria o Sin Eficacia",1984-10-26,1984-12-03,Ley 238.,n/d,OBJETO CUMPLIDO-ADMINISTRACION PUBLICA TERRITORIAL PRESUPUESTO GENERAL EJERCICIO 1984.,www.saij.gob.ar/LPV0000276
Tierra del Fuego,Ley,238,"Individual, Solo Modificatoria o Sin Eficacia",1995-07-06,1995-07-31,Ley 238,n/d,OTORGA PENSION GRACIABLE.- PREVISION SOCIAL-PENSION-PENSION GRACIABLE-MELANIE NOHELI VAZQUEZ DE NOVOA.,www.saij.gob.ar/LPV0000734
Tierra del Fuego,Ley,239,"Individual, Solo Modificatoria o Sin Eficacia",1984-10-23,1984-12-03,Ley 239.,n/d,MODIFICA LEYES TERRITORIALES NROS. 219 Y 146 SOBRE MODIFICACION CATASTRO TERRITORIAL.- INMUEBLES-CATASTRO-CATASTRO TERRITORIAL-AUTORIDAD DE APLICACION- DIRECCION GENERAL DE CATASTRO-MINISTERIO DE OBRAS Y SERVICIOS PUBLICOS-ESTADO...,www.saij.gob.ar/LPV0000439
Tierra del Fuego,Ley,239,"Individual, Solo Modificatoria o Sin Eficacia",1995-07-06,1995-07-31,Ley 239,n/d,OTORGA PENSION GRACIABLE.- PREVISION SOCIAL-PENSION-PENSION GRACIABLE-DIEGO QUIROGA.,www.saij.gob.ar/LPV0000735
Tierra del Fuego,Ley,24,"Individual, Solo Modificatoria o Sin Eficacia",1972-06-21,1972-07-03,Ley 24.,n/d,MODIFICATORIA DE LEY SIN EFICACIA-PODER EJECUTIVO TERRITORIAL- ADMINISTRACION PUBLICA-PRESUPUESTO-BIENESTAR SOCIAL-MODIFICACION.,www.saij.gob.ar/LPV0000368
Tierra del Fuego,Ley,24,"Individual, Solo Modificatoria o Sin Eficacia",1992-08-10,1992-08-18,Ley 24.,n/d,MODIFICA LEY PROVINCIA NRO. 14-IMPUESTO-GRAVAMEN-TRIBUTO-TASA-LEY IMPOSITIVA-EJERCICIO 1992-DERECHO-CONTRIBUCION-DIRECCION GENERAL DE CATASTRO-IMPUESTO INMOBILIARIO-BASE IMPONIBLE-ALICUOTA-CONTRIBUCION ESPECIAL.,www.saij.gob.ar/LPV0000382
Tierra del Fuego,Ley,240,"Vigente, de alcance general",1984-10-23,1984-12-10,Ley 240,Consejos Escolares Departamentales,CONSEJOS ESCOLARES DEPARTAMENTALES-CREACION DE ORGANISMOS MISION Y FUNCIONES-CONSEJO TERRITORIAL DE EDUCACION,www.saij.gob.ar/LPV0000109
Tierra del Fuego,Ley,240,"Individual, Solo Modificatoria o Sin Eficacia",1995-07-06,1995-07-31,Ley 240,n/d,OTORGA PENSION GRACIABLE.- PREVISION SOCIAL-PENSION-PENSION GRACIABLE-CARLOS VICENTE URBANI.,www.saij.gob.ar/LPV0000736
Tierra del Fuego,Ley,241,"Vigente, de alcance general",1984-10-23,1984-10-23,Ley 241,Denominación para funcionarios del proceso de reorganización Nacional,PROCESO DE REORGANIZACION NACIONAL-DELEGADO-DELEGADO MUNICIPAL- DISPOSICIONES DE FACTO,www.saij.gob.ar/LPV0000108
Tierra del Fuego,Ley,241,"Individual, Solo Modificatoria o Sin Eficacia",1995-08-03,1995-08-11,Ley 241,n/d,DEROGA LEY PROVINCIAL NRO. 18 SOBRE PENSION AL SR. JUAN P. CARDENAS OYARZO.- PREVISION SOCIAL-PENSION-PENSION GRACIABLE-JUAN PEDRO CARDENAS OYARZO.,www.saij.gob.ar/LPV0000737
Tierra del Fuego,Ley,242,"Vigente, de alcance general",1995-08-03,1995-08-11,LEY 242,"Modificación del Código Procesal Civil, Comercial, Laboral, Rural y Minero.","PODER JUDICIAL PROVINCIAL-CODIGO PROCESAL CIVIL,COMERCIAL,LABORAL, RURAL Y MINERO-PRINCIPIOS GENERALES-COMPETENCIA-CUESTIONES- RECUSACIONES Y EXCUSACIONES-EL TRIBUNAL-ORGANIZACION Y FUNCIONAMIENTO-SECRETARIOS-LAS PARTES-REGLAS GENERALES-...",www.saij.gob.ar/LPV0000738
Tierra del Fuego,Ley,242,"Individual, Solo Modificatoria o Sin Eficacia",1984-12-12,1984-12-24,Ley 242.,n/d,"RATIFICA CONVENIO CELEBRADO ENTRE LA GOBERNACION DEL TERRITORIO,LA SECRETARIA DE ENERGIA DE LA NACION Y COOPERATIVA DE PREVISION DE SERVICIOS ELECTRICOS Y VIVIENDA DE RIO GRANDE",www.saij.gob.ar/LPV0000275
Tierra del Fuego,Ley,243,Derogada,1995-08-17,1995-08-28,*LEY 243,Creación de la Empresa Hidrocarburos Fueguinos sociedad anónima,PODER EJECUTIVO PROVINCIAL-HIDROCARBUROS-HIFUSA-HIDROCARBUROS FUEGUINOS SOCIEDAD ANONIMA-CONVENIOS-CESION-REGALIAS-PLANTA DE REFINACION DE PETROLEO-LEY NACIONAL 17.319.,www.saij.gob.ar/LPV0000739
Tierra del Fuego,Ley,243,"Vigente, de alcance general",1984-12-12,1984-12-24,Ley 243,Lotería del sur,JUEGOS DE AZAR-LOTERIA DEL SUR-SANTA CRUZ-LA PAMPA-RIO NEGRO,www.saij.gob.ar/LPV0000107
Tierra del Fuego,Ley,244,Derogada,1984-10-10,1985-01-14,*Ley 244,"Régimen de jubilaciones pensiones y retiros para el personal de la gobernación del territorio, entes descentralizados, municipalidades y poder legislativo.",REGIMEN PREVISIONAL-JUBILACIONES-PENSIONES-RETIRO VOLUNTARIO- PENSION FUEGUINA DE ARRAIGO-ADMINISTRACION PUBLICA PROVINCIAL- ORGANISMOS DESCENTRALIZADOS-ENTES AUTARQUICOS-EMPRESAS DEL ESTADO- PODER LEGISLATIVO-MUNICIPIOS-SOCIEDADES DE...,www.saij.gob.ar/LPV0000106
Tierra del Fuego,Ley,244,"Vigente, de alcance general",1995-08-17,1995-09-08,LEY 244,Ley de pesca,PESCA-JURISDICCION-AMBITO DE APLICACION-AUTORIDAD DE APLICACION- INVESTIGACION-REGIMEN DE ACCESO A LOS RECURSOS HIDROBIOLOGICOS- PESCA COMERCIAL-RESERVAS DE PASO-PESCA Y CAZA SUBMARINA DEPORTIVAS- COTOS DE...,www.saij.gob.ar/LPV0000740
Tierra del Fuego,Ley,245,"Vigente, de alcance general",1995-09-21,1995-10-02,LEY 245,Adhesión de la provincia a la ley Nacional 24.464 sobre Creación del sistema federal de la vivienda. Creación del fondo provincial de la vivienda.,VIVIENDA-URBANISMO-FONDO PROVINCIAL DE LA VIVIENDA-INSTITUTO PROVINCIAL DE VIVIENDA-IPV-LEY 24.464-ADHESION PROVINCIAL- SISTEMA FEDERAL DE VIVIENDA-CREACION DE ORGANISMOS.,www.saij.gob.ar/LPV0000741
Tierra del Fuego,Ley,245,"Individual, Solo Modificatoria o Sin Eficacia",1985-03-26,1985-04-15,Ley 245.,n/d,AMBITO TEMPORAL CUMPLIDO-SUBSIDIO AL CONSUMO DE GAS ENVASADO DESDE EL 01.04.85 HASTA EL 31.12.85.,www.saij.gob.ar/LPV0000274
Tierra del Fuego,Ley,246,"Vigente, de alcance general",1995-09-21,1995-10-02,LEY 246,Becas de estudio,CULTURA Y EDUCACION-BECAS-ESTUDIO-CONCURSO-SOLICITUD-OTORGAMIENTO- REQUISITOS-PRESTAMOS-OBLIGACIONES-CANCELACION-CADUCIDAD-FONDO- AUTORIDAD DE APLICACION.DEROGA LEY 70.,www.saij.gob.ar/LPV0000742
Tierra del Fuego,Ley,246,"Individual, Solo Modificatoria o Sin Eficacia",1985-06-27,1985-08-12,Ley 246.,n/d,OBJETO CUMPLIDO IMPUESTO-TRIBUTO-LEY IMPOSITIVA-EJERCICIO 1985- TASAS RETRIBUTIVAS-SERVICIOS ESPECIALES-CATASTRO-RENTAS-JEFATURA DE POLICIA-REGISTRO CIVIL-MARCAS-INGRESOS BRUTOS,www.saij.gob.ar/LPV0000273
Tierra del Fuego,Ley,247,"Vigente, de alcance general",1985-07-04,1985-07-16,Ley N. 247,Exención de impuesto de sellos a operaciones bancarias,TRIBUTOS-IMPUESTOS-IMPUESTO DE SELLOS-EXENCIONES-ENTIDADES FINANCIERAS-ACEPTACIONES BANCARIAS,www.saij.gob.ar/LPV0000105
Tierra del Fuego,Ley,247,"Vigente, de alcance general",1995-09-21,1995-10-02,LEY 247,Aprobación de la financiación del ochenta por ciento de la oferta de la licitación pública nro. 1/94 del IN.FUE.TUR y aceptación de condiciones.,TURISMO-IN.FUE.TUR.-LICITACION PUBLICA NRO. 1/94-APROBACION- FINANCIACION-OFERTA-ACEPTACION-CONDICIONES.,www.saij.gob.ar/LPV0000743
Tierra del Fuego,Ley,248,Derogada,1985-07-25,1985-08-26,Ley 248.,n/d,"NORMA DEROGADA POR ART. 80 LEY PROVINCIAL N. 561 (B.O.P. 27-11-2002)- MODIFICA LEY TERRITORIAL NRO. 244 SOBRE REGIMEN DE JUBILACIONES, PENSIONES Y RETIROS.-",www.saij.gob.ar/LPV0000438
Tierra del Fuego,Ley,248,Derogada,1995-09-21,1995-10-02,[[p]]*LEY 248 [[/p]],Autorización al Poder Ejecutivo Provincial para tomar un préstamo de dinero mediante la gestión del banco provincia de tierra del fuego.,PODER EJECUTIVO PROVINCIAL-PRESTAMO BANCARIO-BANCOS NACIONALES- BANCOS EXTRANJEROS-BANCO PROVINCIA TIERRA DEL FUEGO.,www.saij.gob.ar/LPV0000744
Tierra del Fuego,Ley,249,"Vigente, de alcance general",1985-07-25,1985-09-09,Ley N. 249,Comisión asesora para el estudio del desarrollo de isla de los Estados,ISLA DE LOS ESTADOS-SOBERANIA-DESARROLLO ECONOMICO-COMISION ASESORA,www.saij.gob.ar/LPV0000104
Tierra del Fuego,Ley,249,"Vigente, de alcance general",1995-09-21,1995-10-02,LEY 249,Banco  provincia  de  tierra  del  fuego: modificación.  Cierres  de ejercicios.,BANCO-BANCO PROVINCIA DE TIERRA DEL FUEGO-ENTIDAD ANTARTICA- ESTATUTO-FECHA CIERRE EJERCICIO.,www.saij.gob.ar/LPV0000745
Tierra del Fuego,Ley,25,"Vigente, de alcance general",1972-06-24,1972-07-17,Ley 25,Adhesión al régimen de habilitación de empresas instituidos por leyes Nacionales 17.507 y 18.240.,REGIMENES DE PROMOCION-EMPRESAS CON DIFICULTADES ECONOMICAS- BENEFICIOS TRIBUTARIOS-CANCELACION DE DEUDAS-EXENCIONES IMPOSITIVAS -ACTUACIONES ADMINISTRATIVAS,www.saij.gob.ar/LPV0000182
Tierra del Fuego,Ley,25,"Vigente, de alcance general",1992-07-30,1993-01-01,Ley 25.,Ley de ministerios.,"ADMINISTRACION PUBLICA PROVINCIAL-PODER EJECUTIVO PROVINCIAL- GABINETE PROVINCIAL-PERSONAL DE GABINETE-MINISTERIOS-SECRETARIAS- SUBSECRETARIAS-DELEGACION DE FACULTADES-COMPETENCIA-MISION Y FUNCIONES-MINISTERIO DE GOBIERNO,TRABAJO Y...",www.saij.gob.ar/LPV0000194
Tierra del Fuego,Ley,250,Derogada,1995-11-03,1995-11-15,[[p]]*LEY 250 [[/p]],Autorización al Poder Ejecutivo Provincial a tomar un crédito mediante la gestión del banco provincia de Tierra del Fuego.,PODER EJECUTIVO PROVINCIAL-CREDITO-BANCA NACIONAL-EXTRANJERA-BANCO PROVINCIA DE TIERRA DEL FUEGO.,www.saij.gob.ar/LPV0000746
Tierra del Fuego,Ley,250,"Individual, Solo Modificatoria o Sin Eficacia",1985-08-01,1985-09-09,Ley 250.,n/d,MODIFICA LEY TERRITORIAL NRO. 175 SOBRE LEY IMPOSITIVA EJERCICIO 1982.- IMPUESTO-GRAVAMEN-TRIBUTO-LEY IMPOSITIVA-IMPUESTO DE SELLOS- INSTRUMENTOS PUBLICOS-INSTRUMENTOS PRIVADOS-ACTOS GRAVADOS-TASAS- INMUEBLES-MONTOS IMPONIBLES-EXENCIONES-OPERACIONES...,www.saij.gob.ar/LPV0000437
Tierra del Fuego,Ley,251,"Vigente, de alcance general",1985-08-08,1985-08-08,Ley N. 251,"Recopilación, ordenamiento y publicación de un Digesto de Leyes y Decretos Leyes del territorio",LEYES-DECRETOS-RECOPILACION-DIGESTO,www.saij.gob.ar/LPV0000103
Tierra del Fuego,Ley,251,"Individual, Solo Modificatoria o Sin Eficacia",1995-10-19,1995-11-10,LEY 251,n/d,MODIFICA LA LEY PROVINCIAL NRO. 218 SOBRE PENSION GRACIABLE AL NIÑO GUSTAVO GIUNTA.- PREVISION SOCIAL-PENSION-PENSION GRACIABLE-GUSTAVO GIUNTA.,www.saij.gob.ar/LPV0000747
Tierra del Fuego,Ley,252,"Individual, Solo Modificatoria o Sin Eficacia",1985-08-22,1985-10-21,Ley 252.,n/d,MODIFICA LEY TERRITORIAL NRO. 234 SOBRE TRANSFORMACION EN ENTIDAD AUTARQUICA DEL BANCO DEL TERRITORIO Y APROBACION DEL ESTATUTO.- BANCO-BANCO DEL TERRITORIO-ENTIDAD-AUTARQUIA-ESTATUTO-DOMICILIO...,www.saij.gob.ar/LPV0000436
Tierra del Fuego,Ley,252,"Individual, Solo Modificatoria o Sin Eficacia",1995-10-19,1995-11-10,LEY 252,n/d,MODIFICA LEY PROVINCIAL NRO. 78 SOBRE ESTUPEFACIENTES-CONSEJO PROVINCIAL DE PREVENCION Y LUCHA CONTRA EL TRAFICO INDEBIDO DE DROGAS Y FARMACOTOXICOS:CREACION.- SALUD-DROGAS-FARMACOTOXICOS-CONSEJO PROVINCIAL DE PREVENCION- CREACION DE...,www.saij.gob.ar/LPV0000748
Tierra del Fuego,Ley,253,"Vigente, de alcance general",1995-10-19,1995-11-10,LEY 253,Aprobación de convenio suscripto con Nacion referente a zonas francas.,PODER EJECUTIVO PROVINCIAL-PODER EJECUTIVO NACIONAL-CONVENIO NRO.1976-APROBACION-ADHESION LEY NAC. 24.331-ZONAS FRANCAS-DECRETO 1059/95.,www.saij.gob.ar/LPV0000749
Tierra del Fuego,Ley,253,"Individual, Solo Modificatoria o Sin Eficacia",1985-09-19,1985-10-07,Ley 253.,n/d,MODIFICATORIA DE LEY SIN EFICACIA-LEY IMPOSITIVA-EJERCICIO 1985- MODIFICACION-ALICUOTAS-MONTOS FIJOS-BASES IMPONIBLES.,www.saij.gob.ar/LPV0000272
Tierra del Fuego,Ley,254,"Individual, Solo Modificatoria o Sin Eficacia",1985-09-05,1985-10-14,Ley 254.,n/d,MODIFICA LEY TERRITORIAL NRO. 234 SOBRE TRANSFORMACION EN ENTIDAD AUTARQUICA DEL BANCO DEL TERRITORIO Y APROBACION DEL ESTATUTO.- BANCO-BANCO DEL TERRITORIO-ENTIDAD-AUTARQUIA-ESTATUTO-DOMICILIO...,www.saij.gob.ar/LPV0000435
Tierra del Fuego,Ley,254,"Individual, Solo Modificatoria o Sin Eficacia",1995-10-19,1995-11-10,LEY 254,n/d,MODIFICA LA LEY PROVINCIAL NRO. 116 SOBRE FONDO PERMANENTE DE APOYO A LAS BASES ANTARTICAS:CREACION.- ANTARTIDA ARGENTINA-BASES ANTARTICAS-FONDO PERMANENTE DE APOYO- SECRETARIA GENERAL DE LA GOBERNACION-AUTORIDAD DE APLICACION.,www.saij.gob.ar/LPV0000750
Tierra del Fuego,Ley,255,"Individual, Solo Modificatoria o Sin Eficacia",1985-09-05,1985-10-14,Ley 255.,n/d,MODIFICA LEY TERRITORIAL NRO. 240 SOBRE CREACION DE CONSEJOS ESCOLARES DEPARTAMENTALES.- CONSEJOS ESCOLARES DEPARTAMENTALES-CREACION DE ORGANISMOS-MISIONES Y FUNCIONES-CONSEJO TERRITORIAL DE EDUCACION.,www.saij.gob.ar/LPV0000434
Tierra del Fuego,Ley,255,"Individual, Solo Modificatoria o Sin Eficacia",1995-10-19,1995-11-10,LEY 255,n/d,OTORGANDO PENSION GRACIABLE.- PREVISION SOCIAL-PENSION-PENSION GRACIABLE-JUDITH DEL CARMEN BARRIA NAVARRO.A,www.saij.gob.ar/LPV0000751
Tierra del Fuego,Ley,256,Derogada,1995-10-19,1995-11-10,*LEY 256,Prohibición de percepción de pensiones graciables a personas residentes fuera del territorio de la provincia.,PREVISION SOCIAL-PENSIONES GRACIABLES-BENEFICIARIOS-DEBER DE RESIDENCIA-MINISTERIO DE SALUD Y ACCION SOCIAL-AUTORIDAD DE APLICACION.,www.saij.gob.ar/LPV0000752
Tierra del Fuego,Ley,256,"Vigente, de alcance general",1985-10-03,1985-10-28,Ley N. 256,Legisladores territoriales: incompatibilidades,PODER LEGISLATIVO-LEGISLADOR-INCOMPATIBILIDADES-DOCENCIA,www.saij.gob.ar/LPV0000102
Tierra del Fuego,Ley,257,"Vigente, de alcance general",1995-11-21,1995-11-21,LEY 257,Designación    del   nombre  y  del  padrino  del  nuevo  aeropuerto internacional de Ushuaia.,AEROPUERTO INTERNACIONAL-USHUAIA-CAPITAL-PROVINCIA TIERRA DEL FUEGO ANTARTIDA E ISLAS DEL ATLANTICO SUR-MALVINAS ARGENTINAS-PRESIDENTE DE LA NACION-DR. CARLOS SAUL MENEM-PADRINO.,www.saij.gob.ar/LPV0000753
Tierra del Fuego,Ley,257,"Individual, Solo Modificatoria o Sin Eficacia",1985-10-10,1985-10-28,Ley 257.,n/d,MODIFICATORIA DE LEY SIN EFICACIA-LEY IMPOSITIVA-EJERCICIO 1985- MODIFICACION.,www.saij.gob.ar/LPV0000271
Tierra del Fuego,Ley,258,"Individual, Solo Modificatoria o Sin Eficacia",1985-10-10,1985-10-28,Ley 258.,n/d,MODIFICATORIA DE LEY SIN EFICACIA-LEY IMPOSITIVA-EJERCICIO 1985- MODIFICACION.,www.saij.gob.ar/LPV0000270
Tierra del Fuego,Ley,258,"Individual, Solo Modificatoria o Sin Eficacia",1995-11-09,1995-12-01,LEY 258,n/d,DEROGA LEY TERRITORIAL 466 SOBRE PENSION GRACIABLE.- PREVISION SOCIAL-PENSION-PENSION GRACIABLE-PROSPERO SANTILLAN.,www.saij.gob.ar/LPV0000754
Tierra del Fuego,Ley,259,"Vigente, de alcance general",1995-11-09,1995-12-01,LEY 259,Adhesión a la ley Nacional 22.360 sobre prevención y lucha contra la enfermedad de Chagas.,SALUD PUBLICA-SALUD-PREVENCION-LUCHA-ENFERMEDAD DE CHAGAS- MINISTERIO DE SALUD Y ACCION SOCIAL-AUTORIDAD DE APLICACION- ADHESION-LEY NACIONAL 22.360.,www.saij.gob.ar/LPV0000755
Tierra del Fuego,Ley,259,"Individual, Solo Modificatoria o Sin Eficacia",1985-09-19,1985-10-28,Ley 259.,n/d,OBJETO CUMPLIDO-CONSTRUCCION DE UN CENTRO DE SALUD EN SAN SEBASTIAN INCORPORACION EN EL PLAN DE OBRAS PUBLICAS DEL AÑO 1985-MINISTERIO DE OBRAS Y SERVICIUOS PUBLICOS-DIRECCION DE ARQUITECTURA Y URBANISMO,www.saij.gob.ar/LPV0000269
Tierra del Fuego,Ley,26,"Vigente, de alcance general",1992-08-27,1992-09-07,LEY 026,Adhesión al Consejo Federal de Medio Ambiente.,CONSEJO FEDERAL DE MEDIO AMBIENTE-CREACION DE ORGANISMOS-MISION Y FUNCIONES-ESTATUTO ORGANICO,www.saij.gob.ar/LPV0000195
Tierra del Fuego,Ley,26,"Individual, Solo Modificatoria o Sin Eficacia",1972-07-14,1972-08-28,Ley 26.,n/d,AMBITO TEMPORAL CUMPLIDO-PODER EJECUTIVO TERRITORIAL-ADMINISTRACION PUBLICA-MUNICIPALIDADES-PRESUPUESTO-GASTOS-PLANES-CONTENCION- EJERCICIO 1972.,www.saij.gob.ar/LPV0000367
Tierra del Fuego,Ley,260,"Individual, Solo Modificatoria o Sin Eficacia",1985-10-17,1985-11-04,Ley 260.,n/d,OBJETO CUMPLIDO-ADMINISTRACION PUBLICA TERRITORIAL-PRESUPUESTO GENERAL-EJERCICIO 1984-INCREMENTO.,www.saij.gob.ar/LPV0000268
Tierra del Fuego,Ley,260,"Individual, Solo Modificatoria o Sin Eficacia",1995-11-09,1995-12-01,LEY 260,n/d,PREVISION SOCIAL-PENSION-PENSION GRACIABLE-HECTOR JOSE FHUR.PREVISION,www.saij.gob.ar/LPV0000756
Tierra del Fuego,Ley,261,Derogada,1985-09-19,1985-10-29,*Ley 261,Régimen de educación,CULTURA Y EDUCACION-ESTABLECIMIENTOS EDUCACIONALES-ESTABLECIMIENTOS EDUCACIONALES PRIVADOS-DOCENTES: DEBERES Y DERECHOS-CARRERA DOCENTE-ESCALAFON-ESTABILIDAD-CALIFICACION-PERFECCIONAMIENTO- ASCENSOS-PERMUTAS-TRASLADO DE...,www.saij.gob.ar/LPV0000101
Tierra del Fuego,Ley,261,"Individual, Solo Modificatoria o Sin Eficacia",1995-11-09,1995-12-01,LEY 261,n/d,PREVISION SOCIAL-PENSION-PENSION GRACIABLE-NATALIA VERA BARRIA.PREVISION,www.saij.gob.ar/LPV0000757
Tierra del Fuego,Ley,262,"Vigente, de alcance general",1985-10-03,1985-11-11,Ley N. 262,Licencia especial sin goce de haberes a madres de niños lactantes,ADMINISTRACION PUBLICA-LICENCIA-LACTANCIA,www.saij.gob.ar/LPV0000100
Tierra del Fuego,Ley,262,"Vigente, de alcance general",1995-11-09,1995-12-01,LEY 262,Ley de marcas y señales,GANADERIA-GANADO MAYOR-GANADO MENOR-REGISTRO PROVINCIAL DE MARCAS Y SEÑALES-NORMAS GENERALES-MINISTERIO DE ECONOMIA-DIRECCION GENERAL DE RECURSOS NATURALES-AUTORIDAD DE APLICACION-ADQUISICION-PERDIDA DE LA MARCA O...,www.saij.gob.ar/LPV0000758
Tierra del Fuego,Ley,263,"Vigente, de alcance general",1995-11-09,1995-12-01,LEY 263,Ley Orgánica de la Policía Provincial,SEGURIDAD PUBLICA-POLICIA PROVINCIAL-CREACION DE ORGANISMOS- JURISDICCION Y COMPETENCIA-DEPENDENCIA-FUNCIONES-ATRIBUCIONES- ORGANIZACION-DESIGNACIONES-DIRECCIONES GENERALES-MISIONES- ESTADO MAYOR POLICIAL.,www.saij.gob.ar/LPV0000759
Tierra del Fuego,Ley,263,"Individual, Solo Modificatoria o Sin Eficacia",1985-10-03,1985-11-11,Ley 263,n/d,MODIFICA LEY TERRITORIAL NRO. 216 SOBRE MINISTERIOS.- ADMINISTRACION PUBLICA-PODER EJECUTIVO-GOBERNACION-MINISTERIOS- SECRETARIAS-SUBSECRETARIAS-ASESOR LETRADO-ESCRIBANO DE GOBIERNO.,www.saij.gob.ar/LPV0000433
Tierra del Fuego,Ley,264,"Vigente, de alcance general",1995-11-23,1996-01-10,LEY 264,Juicio de residencia,CONSTITUCION PROVINCIAL-JUICIO DE RESIDENCIA-PODER EJECUTIVO-PODER LEGISLATIVO-TRIBUNAL DE CUENTAS-FISCAL DE ESTADO-SALA ACUSADORA- SALA JUZGADORA-COMISION INVESTIGADORA-SUPERIOR TRIBUNAL DE JUSTICIA.,www.saij.gob.ar/LPV0000760
Tierra del Fuego,Ley,264,"Individual, Solo Modificatoria o Sin Eficacia",1985-10-24,1985-11-11,Ley 264.,n/d,OBJETO CUMPLIDO-ADMINISTRACION PUBLICA TERRITORIAL-PRESUPUESTO GENERAL EJERCICIO 1985.,www.saij.gob.ar/LPV0000267
Tierra del Fuego,Ley,265,Derogada,1995-11-23,1996-01-10,*LEY 265,n/d,NORMA DEROGADA POR LEY 330 (B.O. 20-11-96)- MODIFICA LA LEY PROVINCIAL NRO. 162 SOBRE TASAS JUDICIALES.- PODER JUDICIAL PROVINCIAL-TASAS JUDICIALES-AMBITO-TASA-TASA REDUCIDA-MONTO IMPONIBLE-JUICIOS DE MONTO INDETERMINABLE-JUICIOS NO SUSCEPTIBLES DE...,www.saij.gob.ar/LPV0000761
Tierra del Fuego,Ley,265,"Individual, Solo Modificatoria o Sin Eficacia",1985-10-30,1985-11-11,Ley 265.,n/d,MODIFICATORIA DE LEY SIN EFICACIA-ADMINISTRACION PUBLICA TERRITORIAL PRESUPUESTO GENERAL EJERCICIO 1985 MODIFICACION.,www.saij.gob.ar/LPV0000266
Tierra del Fuego,Ley,266,Derogada,1985-03-26,1985-11-11,Ley N. 266,"Dirección  de juegos de azar: creación la legislatura del territorio Nacional de  la  tierra  del  fuego, Antártida e islas del atlántico sur sanciona con fuerza de ley",JUEGOS DE AZAR-DIRECCION DE JUEGOS DE AZAR-LOTERIA-QUINIELA- CONCESION-COPARTICIPACION MUNICIPAL,www.saij.gob.ar/LPV0000099
Tierra del Fuego,Ley,266,"Vigente, de alcance general",1995-12-07,1996-01-05,LEY 266,Creación del fondo para el desarrollo de la tele-radiodifusión provincial,COMUNICACIONES-MEDIOS-RADIO-TELEVISION-TELE RADIODIFUSION-CUENTA ESPECIAL-FONDO PARA EL DESARROLLO-SECRETARIA GENERAL DE LA GOBERNACION.,www.saij.gob.ar/LPV0000762
Tierra del Fuego,Ley,267,"Vigente, de alcance general",1985-09-12,1985-11-11,Ley N. 267,Centro integral de asistencia al menor en Rio Grande,ACCION SOCIAL-MINORIDAD-ASISTENCIA AL MENOR,www.saij.gob.ar/LPV0000098
Tierra del Fuego,Ley,267,"Vigente, de alcance general",1995-12-07,1996-01-05,LEY 267,Autorización a la Dirección Provincial de puertos a gestionar un crédito para la construcción de la obra 'ampliación del muelle del puerto de Ushuaia',PUERTOS-DIRECCION PROVINCIAL-CREDITOS-AMPLIACION MUELLE PUERTO USHUAIA-LEY PROVINCIAL 69.,www.saij.gob.ar/LPV0000763
Tierra del Fuego,Ley,268,Derogada,1995-12-07,1996-01-05,LEY 268,Estableciendo un máximo de acumulación de horas catedra para los docentes de nivel medio de la provincia,EDUCACION Y CULTURA-DOCENTES-NIVEL MEDIO-ACUMULACION HORAS CATEDRA-MAXIMO-LEY  24.049.,www.saij.gob.ar/LPV0000764
Tierra del Fuego,Ley,268,"Vigente, de alcance general",1985-10-10,1985-11-25,Ley N. 268,Régimen de trabajo de empleados del servicio doméstico,TRABAJO-EMPLEADOS DEL SERVICIO DOMESTICO-ADHESION DECRETO LEY 326/56,www.saij.gob.ar/LPV0000097
Tierra del Fuego,Ley,269,Derogada,1995-12-29,1996-01-12,[[p]]*LEY 269 [[/p]],n/d,NORMA DEROGADA POR LEY 454 (B.O.P. 03-09-99)-DEROGANDO EL ARTICULO 2 DE LA LEY PROVINCIAL NRO. 250 SOBRE AUTORIZACION AL PODER EJECUTIVO PROVINCIAL A TOMAR UN CREDITO MEDIANTE GESTION DEL BANCO PROVINCIA DE TIERRA DEL FUEGO-PODER EJECUTIVO...,www.saij.gob.ar/LPV0000765
Tierra del Fuego,Ley,269,"Individual, Solo Modificatoria o Sin Eficacia",1985-10-10,1985-11-25,Ley 269.,n/d,MODIFICA LEY TERRITORIAL NRO. 261 SOBRE REGIMEN DE EDUCACION ESTATUTO DEL DOCENTE.- EDUCACION-ESTABLECIMIENTOS OFICIALES-ESTABLECIMIENTOS PRIVADOS- DOCENTES-DEBERES-DERECHOS-CARRERA DOCENTE-ESCALAFON-INGRESO-...,www.saij.gob.ar/LPV0000432
Tierra del Fuego,Ley,27,Derogada,1972-07-14,1972-08-28,Ley 27,n/d,DEROGADA POR LEY 145 (B.O. 17-03-80)-SOBRE PROMOCION INDUSTRIAL.- ECONOMIA-INDUSTRIA-PROMOCION INDUSTRIAL-PROMOCION ECONOMICA-EMPRESA DESARROLLO ECONOMICO-ACTIVIDADES PROMOVIDAS-BENEFICIOS-RADICACION- DESGRAVACION-CREDITOS-CREDITO FISCAL-REDUCCION...,www.saij.gob.ar/LPV0000230
Tierra del Fuego,Ley,27,"Vigente, de alcance general",1992-09-10,1992-09-28,LEY 027,Adhesión a ley Nacional 23877 de fomento a la investigación aplicada a la producción,"INVESTIGACIONES CIENTIFICAS Y TECNICAS-BENEFICIOS PROMOCIONALES- AUTORIDAD DE APLICACION-SECRETARIA DE PLANEAMIENTO,CIENCIA Y TECNOLOGIA",www.saij.gob.ar/LPV0000196
Tierra del Fuego,Ley,270,Derogada,1985-10-17,1985-12-09,*Ley N. 270,Toxicomanía y narcóticos: creación  de  comisión  permanente.,TOXICOMANIA-NARCOTICOS-DROGA-COMISION PERMANENTE-PROGRAMA DE PREVENCION-REHABILITACION DE DROGADICTOS-TRAFICO DE ESTUPEFACIENTES,www.saij.gob.ar/LPV0000096
Tierra del Fuego,Ley,270,"Vigente, de alcance general",1995-12-14,1996-01-12,LEY 270,Sanidad animal,SANIDAD ANIMAL-POLICIA SANITARIA ANIMAL-LEY FEDERAL SANITARIA DE CARNES-ZONA DE VIGILANCIA-PREVENCION SANITARIA-ENFERMEDADES- EXOTICAS-EXISTENTES-COMUNES-INFECTO-CONTAGIOSAS-PARASITARIAS- ZOONOTICAS-MINISTERIO DE ECONOMIA-DIRECCION DE RECURSOS...,www.saij.gob.ar/LPV0000766
Tierra del Fuego,Ley,271,"Vigente, de alcance general",1986-05-22,1986-06-23,Ley N. 271,Percepción de honorarios en Escribanía General de Gobierno.,ADMINISTRACION PUBLICA-GOBIERNO-ESCRIBANIA GENERAL DE GOBIERNO- HONORARIOS-RENTAS GENERALES-EXENCIONES-REDUCCIONES-VIVIENDAS ECONOMICAS,www.saij.gob.ar/LPV0000095
Tierra del Fuego,Ley,271,"Vigente, de alcance general",1995-12-29,1996-01-12,LEY 271,Adhesión de la provincia a la ley Nacional 24240 sobre defensa del consumidor.,DEFENSA DEL CONSUMIDOR-ADHESION-LEY 24.240.,www.saij.gob.ar/LPV0000767
Tierra del Fuego,Ley,272,Derogada,1986-06-05,1986-06-23,Ley 272.,n/d,NORMA DEROGADA POR ART. 12 LEY 78 (B.O.P. 11-06-93) SOLO MODIFICATORIA-MODIFICA LEY TERRITORIAL NRO. 270 SOBRE CREACION DE COMISION PERMANENTE DE TOXICOMANIA Y NARCOTICOS- TOXICOMANIA-NARCOTICOS-DROGA-COMISION PERMANENTE-PROGRAMA DE...,www.saij.gob.ar/LPV0000431
Tierra del Fuego,Ley,272,"Vigente, de alcance general",1995-12-14,1996-01-12,LEY 272,Creación del sistema provincial de áreas naturales protegidas,ECOLOGIA-RECURSOS NATURALES-SISTEMA PROVINCIAL DE AREAS NATURALES PROTEGIDAS-PRINCIPIOS-OBJETIVO-CRITERIOS-PLANIFICACION- DETERMINACION-CATEGORIAS-CLASIFICACION-PARQUES NATURALES-MONUMENTOS...,www.saij.gob.ar/LPV0000768
Tierra del Fuego,Ley,273,"Vigente, de alcance general",1995-12-14,1996-01-12,LEY 273,Emergencia habitacional de las tierras urbanas y rurales de la provincia,URBANISMO-VIVIENDA-EMERGENCIA HABITACIONAL-TIERRAS URBANAS-RURALES- PLAZO-DEMANDA-TRASLADO-SENTENCIA-ORDEN DE LANZAMIENTO-DESALOJO- PREDIOS FISCALES-ASENTAMIENTO ILEGAL.,www.saij.gob.ar/LPV0000769
Tierra del Fuego,Ley,273,"Individual, Solo Modificatoria o Sin Eficacia",1986-06-05,1986-06-23,Ley 273.,n/d,MODIFICA LEY TERRITORIAL NRO. 010 SOBRE CREACION Y FUNCIONAMIENTO DEL INSTITUTO DE SERVICIOS SOCIALES DEL TERRITORIO.- SEGURIDAD SOCIAL-OBRA SOCIAL-INSTITUTO DE SERVICIOS SOCIALES DEL TERRITORIO-ISST-SALUD-OBJETIVO-BENEFICIARIOS-PRESTACIONES-...,www.saij.gob.ar/LPV0000430
Tierra del Fuego,Ley,274,Derogada,1986-06-05,1986-07-14,Ley 274.,n/d,MODIFICA LEY TERRITORIAL NRO. 234 SOBRE TRANSFORMACION EN ENTIDAD AUTARQUICA DEL BANCO DEL TERRITORIO Y APROBACION DEL ESTATUTO.- BANCO-BANCO DEL TERRITORIO-ENTIDAD-AUTARQUICA-ESTATUTO-DOMICILIO...,www.saij.gob.ar/LPV0000429
Tierra del Fuego,Ley,274,Derogada,1995-12-14,1996-01-12,LEY 274,Ejercicio de la profesión del servicio social o trabajo social.,NOTA DE REDACCIÓN: DEROGADA POR ART. 39 LEY 1165 (B.O.P.: 19/06/17).TRABAJO SOCIAL-SEGURIDAD SOCIAL-EJERCICIO PROFESIONAL-COLEGIO  DE GRADUADOS-AUTORIDADES-CONSEJO DIRECTIVO-TRIBUNAL DE DISCIPLINA-  GOBIERNO DE LA MATRICULA-REGIMEN...,www.saij.gob.ar/LPV0000770
Tierra del Fuego,Ley,275,Derogada,1986-06-19,1986-09-01,Ley 275,n/d,DEROGADA POR LEY 285 (B.O. 09-12-86) SOBRE REMUNERACIONES DE LEGISLADORES Y SECRETARIOS.- PODER LEGISLATIVO TERRITORIAL-HONORABLE LEGISLATURA TERRITORIAL- LEGISLATURA TERRITORIAL-LEGISLADORES-SECRETARIOS-SECRETARIO LEGISLATIVO-SECRETARIO...,www.saij.gob.ar/LPV0000213
Tierra del Fuego,Ley,275,Derogada,1995-12-14,1996-01-12,LEY 275,Autorización a los poderes del estado a mantener el personal que actualmente presta servicios vinculados al trabajo social,NOTA DE REDACCIÓN: DEROGADA POR ART. 39 LEY 1165 (B.O.P.: 19/06/17).TRABAJO SOCIAL-REGISTRO ESPECIAL-EMPADRONAMIENTO-MINISTERIO DE SALUD Y ACCION SOCIAL.,www.saij.gob.ar/LPV0000771
Tierra del Fuego,Ley,276,"Vigente, de alcance general",1986-07-24,1987-06-03,Ley N. 276,Programas de educación vial en establecimientos educativos del territorio.,EDUCACION-EDUCACION VIAL-ESCUELAS PRIMARIAS,www.saij.gob.ar/LPV0000094
Tierra del Fuego,Ley,276,"Vigente, de alcance general",1996-01-15,1996-01-19,Ley 276,Ley de ministerios,PODER EJECUTIVO PROVINCIAL-MINISTERIOS-MINISTROS-SECRETARIOS- ATRIBUCIONES-COMPETENCIAS-MINISTERIO DE GOBIERNO TRABAJO Y JUSTICIA MINISTERIO DE ECONOMIA OBRAS Y SERVICIOS PUBLICOS-MINISTERIO DE EDUCACION Y CULTURA-MINISTERIO DE SALUD Y ACCION SOCIAL.,www.saij.gob.ar/LPV0000774
Tierra del Fuego,Ley,277,Derogada,1995-12-28,1996-01-26,LEY 277,"Remuneraciones del gobernador, vicegobernador y dietas de legisladores.",PODERES DEL ESTADO PROVINCIAL-REMUNERACIONES DE FUNCIONARIOS-DIETA- GOBERNADOR-VICEGOBERNADOR-LEGISLADORES-SECRETARIO ADMINISTRATIVO- SECRETARIO LEGISLATIVO-FUNCIONARIOS.-  DEROGA LEYES P. NROS. 2 Y 9.,www.saij.gob.ar/LPV0000772
Tierra del Fuego,Ley,277,"Vigente, de alcance general",1986-07-24,1986-09-01,Ley N. 277,Creación de puesto de control sanitario en San Sebastián.,SANIDAD-CONTROL SANITARIO-PASO FRONTERIZO-FRONTERA-CERTIFICADO SANITARIO-SAN SEBASTIAN,www.saij.gob.ar/LPV0000093
Tierra del Fuego,Ley,278,"Vigente, de alcance general",1996-01-30,1996-01-31,LEY 278,Ley de transformación del estado provincial.,EMERGENCIA ECONOMIA-ESTADO PROVINCIAL-PODERES DEL ESTADO PROVINCIAL-DEUDA PUBLICA-SUSPENSIONES-SUBSIDIOS- REDUCCIONES TITULOS PUBLICOS-RETIRO VOLUNTARIO-PLAZOS.,www.saij.gob.ar/LPV0000773
Tierra del Fuego,Ley,278,"Individual, Solo Modificatoria o Sin Eficacia",1986-07-17,1986-09-08,Ley 278.,n/d,OTORGA PENSIONES GRACIABLES A DESCENDIENTES DE INDIGENAS-YAGAN DE GONZALEZ CATALINA FILGUEIRA-FILGUEIRA CARMEN.,www.saij.gob.ar/LPV0000519
Tierra del Fuego,Ley,279,"Individual, Solo Modificatoria o Sin Eficacia",1986-06-26,1986-09-08,Ley 279.,n/d,MODIFICA LEY TERRITORIAL NRO. 216 SOBRE MINISTERIOS.- ADMINISTRACION PUBLICA-PODER EJECUTIVO-GOBERNACION-MINISTERIO- SECRETARIA-SUBSECRETARIA-ASESOR LETRADO-ESCRIBANO DE GOBIERNO.,www.saij.gob.ar/LPV0000428
Tierra del Fuego,Ley,279,"Individual, Solo Modificatoria o Sin Eficacia",1996-03-07,1996-03-13,LEY 279,n/d,MODIFICA LA LEY P. NRO. 245 SOBRE CREACION DEL FONDO PROVINCIAL DE LA VIVIENDA.- VIVIENDA-URBANISMO-FONDO PROVINCIAL DE LA VIVIENDA-INSTITUTO PROVINCIAL DE VIVIENDA-IPV-LEY 24464-ADHESION-SISTEMA FEDERAL DE VIVIENDA-CREACION DE ORGANISMOS.,www.saij.gob.ar/LPV0000775
Tierra del Fuego,Ley,28,"Individual, Solo Modificatoria o Sin Eficacia",1972-07-20,1973-02-19,Ley 28.,n/d,AMBITO TEMPORAL CUMPLIDO-PODER EJECUTIVO TERRITORIAL-ADMINISTRACION PUBLICA-PRESUPUESTO-RECURSOS-DECRETOS-RATIFICACION-EJERCICIO 1971.,www.saij.gob.ar/LPV0000366
Tierra del Fuego,Ley,28,"Individual, Solo Modificatoria o Sin Eficacia",1992-09-17,1992-09-28,Ley 28.,n/d,MODIFICA LEY PROVINCIAL NRO. 14-IMPUESTO-GRAVAMEN-TRIBUTO-TASA-LEY IMPOSITIVA-EJERCICIO 1992-DERECHO-CONTRIBUCION-DIRECCION GENERAL DE CATASTRO-IMPUESTO INMOBILIARIO-BASE IMPONIBLE-ALICUOTA-CONTRIBUCION ESPECIAL-COMBUSTIBLES LIQUIDOS.,www.saij.gob.ar/LPV0000381
Tierra del Fuego,Ley,280,Derogada,1986-06-19,1986-09-22,LEY 280,"Subsidio a autoridades, secretarios, preceptores y personal administrativo y de maestranza de escuelas secundarias y terciarias dependientes del territorio",EDUCACION-ESCUELA SECUNDARIA-ESCUELA TERCIARIA-SALARIO-REMUNERACION -SUBSIDIO-AUTORIDADES-SECRETARIOS-PRECEPTORES- ADMINISTRATIVO-PERSONAL DE MAESTRANZA,www.saij.gob.ar/LPV0000092
Tierra del Fuego,Ley,280,"Individual, Solo Modificatoria o Sin Eficacia",1996-03-07,1996-03-20,LEY 280,n/d,MODIFICA LA LEY P. NRO. 276 SOBRE LEY DE MINISTERIOS.- PODER EJECUTIVO PROVINCIAL-MINISTERIOS-MINISTROS-SECRETARIOS- ATRIBUCIONES-COMPETENCIAS-MINISTERIO DE GOBIERNO TRABAJO Y JUSTICIA MINISTERIO DE ECONOMIA OBRAS Y SERVICIOS PUBLICOS-MINISTERIO DE...,www.saij.gob.ar/LPV0000776
Tierra del Fuego,Ley,281,"Vigente, de alcance general",1986-09-12,1986-11-24,Ley N. 281,Comisión  de  consulta  y  estudio  para  la elaboración del régimen laboral del trabajador del estado territorial,TRABAJO-REGIMEN LABORAL,www.saij.gob.ar/LPV0000091
Tierra del Fuego,Ley,281,"Individual, Solo Modificatoria o Sin Eficacia",1996-03-07,1996-03-29,LEY 281,n/d,"MODIFICA LEYES NROS. 55,101,105,137,145,176,211,244,270. SOBRE RECURSOS NATURALES. MODIFICACION DENOMINACION SECRETARIA DE PLANEAMIENTO,CIENCIA Y TECNOLOGIA POR SUBSECRETARIA DE RECURSOS NATURALES Y AMBIENTE HUMANO. MODIFICACION DE APLICACION DE...",www.saij.gob.ar/LPV0000777
Tierra del Fuego,Ley,282,"Vigente, de alcance general",1986-09-19,1987-06-03,LEY 282,Obligatoriedad de educación preescolar.,EDUCACION-EDUCACION PREESCOLAR-OBLIGATORIEDAD-JARDIN DE INFANTES.DIRECCION TERRITORIAL DE EDUCACION DE NIVEL INICIAL-CENTROS DE ASISTENCIA INTEGRAL-SECRETARIA DE EDUCACION Y CULTURA.,www.saij.gob.ar/LPV0000057
Tierra del Fuego,Ley,282,"Vigente, de alcance general",1996-03-07,1996-03-29,LEY 282,Líneas telefónicas en dependencias policiales para aportar información sobre estupefacientes.,DROGADICCION-DROGAS-ESTUPEFACIENTES-CONSUMO-TRAFICO-POLICIA PROVINCIAL-LINEAS TELEFONICAS-DENUNCIA-APORTAR INFORMACION-PROGRAMA DE LUCHA-UNA LLAMADA POR LA VIDA-LEY 23.737.,www.saij.gob.ar/LPV0000778
Tierra del Fuego,Ley,283,Derogada,1996-03-21,1996-04-03,*LEY 283,n/d,NORMA DEROGADA POR ART. 37 LEY 525 (B.O.P. 03-09-01)- MODIFICA LEY P. NRO. 210 SOBRE ENJUICIAMIENTO DE MAGISTRADOS DEL PODER JUDICIAL Y FUNCIONARIOS DEL MINISTERIO PUBLICO- PODER JUDICIAL-MINISTERIO PUBLICO-CONSEJO DE LA MAGISTRATURA- SUPERIOR...,www.saij.gob.ar/LPV0000779
Tierra del Fuego,Ley,283,"Individual, Solo Modificatoria o Sin Eficacia",1986-10-17,1986-12-01,Ley 283.,n/d,MODIFICA LEY TERRITORIAL NRO. 264 SOBRE PRESUPUESTO GENERAL DE LA ADMINISTRACION TERRITORIAL EJERCICIO 1985.- ADMINISTRACION PUBLICA-PRESUPUESTO-PRESUPUESTO GENERAL-EJERCICIO 1985.,www.saij.gob.ar/LPV0000427
Tierra del Fuego,Ley,284,"Vigente, de alcance general",1986-10-24,1986-12-01,Ley 284,"Licencias por maternidad, nacimiento, lactancia y adopción.",ADMINISTRACION PUBLICA-REGIMEN DE LICENCIAS-EMPLEADOS PUBLICOS-PERSONAL DE PLANTA-PERSONAL CONTRATADO- LICENCIA POR MATERNIDAD-NACIMIENTO MULTIPLE- LACTANCIA-ADOPCION-PATERNIDAD-HORARIO DE TRABAJO.,www.saij.gob.ar/LPV0000090
Tierra del Fuego,Ley,284,"Individual, Solo Modificatoria o Sin Eficacia",1996-03-07,1996-04-10,LEY 284,n/d,MODIFICA LA LEY P.NRO. 268 SOBRE MAXIMO DE ACUMULACION DE HORAS CATEDRA PARA LOS DOCENTES DE NIVEL MEDIO DE LA PROVINCIA.- EDUCACION-DOCENTES-NIVEL MEDIO-ACUMULACION-HORAS CATEDRA-MAXIMO-LEY 24049.,www.saij.gob.ar/LPV0000787
Tierra del Fuego,Ley,285,Derogada,1986-10-24,1986-12-09,Ley 285,n/d,DEROGADA POR LEY 422 (B.O. 19-03-90) SOBRE REMUNERACIONES DE LEGISLADORES Y SECRETARIOS.- PODER LEGISLATIVO TERRITORIAL-HONORABLE LEGISLATURA TERRITORIAL- LEGISLATURA TERRITORIAL-REMUNERACIONES-DIETAS-MODIFICACION-...,www.saij.gob.ar/LPV0000212
Tierra del Fuego,Ley,285,"Vigente, de alcance general",1995-12-14,1996-04-15,LEY 285,Ley notarial,DERECHO-ESCRIBANOS-NOTARIOS-LEY NOTARIAL-REGISTRO-REQUISITOS- MATRICULA-DEBERES-ADSCRIPCION-DISCIPLINA-RESPONSABILIDADES-TRIBUNAL DE SUPERINTENDENCIA-COLEGIO DE ESCRIBANOS.,www.saij.gob.ar/LPV0000794
Tierra del Fuego,Ley,286,Derogada,1986-10-31,1986-12-09,Ley 286.,n/d,MODIFICA LEY TERRITORIAL NRO. 266 SOBRE LEY DE CREACION DE LA DIRECCION DE JUEGOSDE AZAR.- JUEGOS DE AZAR-DIRECCION DE JUEGOS DE AZAR-LOTERIA-QUINIELA- CONCESION-COPARTICIPACION MUNICIPAL.,www.saij.gob.ar/LPV0000211
Tierra del Fuego,Ley,286,Derogada,1996-03-21,1996-04-15,*LEY 286,n/d,NORMA DEROGADA POR LEY 330 (B.O. 20-11-96)- MODIFICATORIA DE LA LEY NRO. 162 SOBRE CREACION DE LAS TASAS JUDICIALES-PODER JUDICIAL PROVINCIAL-TASAS JUDICIALES-AMBITO- TASA REDUCIDA-MONTO IMPONIBLE-JUICIOS DE MONTO INDETERMINABLE- JUICIOS NO...,www.saij.gob.ar/LPV0000780
Tierra del Fuego,Ley,287,"Vigente, de alcance general",1996-03-21,1996-04-22,LEY 287,Creación de la comisión de transformación del banco provincia de Tierra del Fuego.,BANCOS-BANCO PROVINCIA TIERRA DEL FUEGO-COMISION DE TRANSFORMACION- COMPOSICION-FUNCIONES-MISIONES-ATRIBUCIONES.,www.saij.gob.ar/LPV0000781
Tierra del Fuego,Ley,287,"Individual, Solo Modificatoria o Sin Eficacia",1986-10-31,1986-12-09,Ley 287,n/d,"MODIFICA LEY TERRITORIAL NRO. 244 SOBRE REGIMEN DE JUBILACIONES, PENSIONES Y RETIROS.- PREVISION SOCIAL-JUBILACIONES-PENSIONES-RETIROS-EXTRAORDINARIA-EDAD AVANZADA-INVALIDEZ.",www.saij.gob.ar/LPV0000425
Tierra del Fuego,Ley,288,"Vigente, de alcance general",1996-03-29,1996-05-06,*LEY 288,Ratificación del suplemento por zona desfavorable para la administración pública provincial.,ADMINISTRACION PUBLICA PROVINCIAL-REMUNERACIONES-SUPLEMENTO POR ZONA DESFAVORABLE-RATIFICACION.,www.saij.gob.ar/LPV0000782
Tierra del Fuego,Ley,288,"Individual, Solo Modificatoria o Sin Eficacia",1986-11-27,1986-12-22,Ley 288.,n/d,OBJETO CUMPLIDO-IMPUESTO-TRIBUTO-LEY IMPOSITIVA-EJERCICIO 1986- TASAS RETRIBUTIVAS-SERVICIOS ESPECIALES-RENTAS-CATASTRO-POLICIA- REGISTRO CIVIL-MARCAS-ACTUACIONES NOTARIALES-INGRESOS BRUTOS,www.saij.gob.ar/LPV0000265
Tierra del Fuego,Ley,289,"Individual, Solo Modificatoria o Sin Eficacia",1986-12-15,1986-12-22,Ley 289.,n/d,OBJETO CUMPLIDO-ADMINISTRACION PUBLICA TERRITORIAL PRESUPUESTO GENERAL EJERCICIO 1986.,www.saij.gob.ar/LPV0000264
Tierra del Fuego,Ley,29,"Vigente, de alcance general",1992-09-10,1992-09-28,LEY 29,DIA DEL INDIGENA FUEGUINO,ABORIGEN-INDIGENA-CONMEMORACION-DIA DEL INDIGENA FUEGUINO-25 DE NOVIEMBRE.,www.saij.gob.ar/LPV0000197
Tierra del Fuego,Ley,29,"Individual, Solo Modificatoria o Sin Eficacia",1972-09-20,1972-10-09,Ley 29.,n/d,AMBITO TEMPORAL CUMPLIDO-PODER EJECUTIVO TERRITORIAL-ADMINISTRACION PUBLICA-PRESUPUESTO-RECURSOS-DECRETOS-RATIFICACION-EJERCICIO 1972.,www.saij.gob.ar/LPV0000365
Tierra del Fuego,Ley,290,Derogada,1996-05-14,1996-05-22,*LEY 290,Ley impositiva. ejercicio 1996.,IMPUESTOS PROVINCIALES-GRAVAMEN-TRIBUTO-TASA-LEY IMPOSITIVA- DERECHO-CONTRIBUCION-DIRECCION GENERAL DE CATASTRO-CERTIFICADO CATASTRAL-PLANOS DE SUBDIVISION-PLANOS DE MENSURA-DIRECCION DE INDUSTRIA Y COMERCIO-CERTIFICADO DE INSCRIPCION-DIRECCION DE...,www.saij.gob.ar/LPV0000784
Tierra del Fuego,Ley,290,"Individual, Solo Modificatoria o Sin Eficacia",1986-12-20,1987-01-12,Ley 290.,n/d,OBJETO CUMPLIDO-CREACION DEL FONDO DE INVERSIONES PARA LA NUEVA PROVINCIA-CONTROL DE GESTION-PLAN DE TRABAJOS PUBLICOS-OBLIGACION TRIBUTARIA-GRAVAMEN-ALICUOTAS-RUBROS DE EXPLOTACION.,www.saij.gob.ar/LPV0000263
Tierra del Fuego,Ley,291,Derogada,1986-10-24,1987-06-03,*Ley 291.,n/d,"NORMA DEROGADA POR ART. 80 LEY 561 (B.O.P. 27-11-2002)- MODIFICA LEY TERRITORIAL NRO. 244 SOBRE REGIMEN DE JUBILACIONES, PENSIONES Y RETIROS-PENSION FUEGUINA DE ARRAIGO",www.saij.gob.ar/LPV0000424
Tierra del Fuego,Ley,291,Derogada,1996-05-09,1996-05-22,*LEY 291,n/d,NORMA DEROGADA POR LEY P. 440 (B.O.P. 01-02-99)- MODIFICA LEY P.290 SOBRE LEY IMPOSITIVA-EJERCICIO 1996.- IMPUESTO-GRAVAMEN-TRIBUTO-TASA-LEY IMPOSITIVA-EJERCICIO 1996- DERECHO-CONTRIBUCION-DIRECCION GENERAL DE CATASTRO-CERTIFICADO CATASTRAL-PLANOS...,www.saij.gob.ar/LPV0000785
Tierra del Fuego,Ley,292,Derogada,1996-05-17,1996-05-22,LEY 292,Garantía para la emisión de letras de tesorería.,PODER EJECUTIVO PROVINCIAL-LETRAS DE TESORERIA-EMISION-GARANTIAS- COPARTICIPACION FEDERAL.,www.saij.gob.ar/LPV0000786
Tierra del Fuego,Ley,292,"Vigente, de alcance general",1986-10-17,1987-06-03,Ley N. 292,Transferencia a planta permanente de personal transitorio de administración publica,ADMINISTRACION PUBLICA-CATEGORIA DE REVISTA-PLANTA PERMANENTE- PERSONAL TRANSITORIO-PERSONAL CONTRATADO,www.saij.gob.ar/LPV0000089
Tierra del Fuego,Ley,293,"Vigente, de alcance general",1986-09-19,1987-06-03,Ley 293,Vigencia territorial de convenio colectivo de trabajo 36/75 para personal de empresas de electricidad.,Convenios Colectivos de Trabajo-Energía Eléctrica,www.saij.gob.ar/LPV0000088
Tierra del Fuego,Ley,293,"Vigente, de alcance general",1996-05-09,1996-06-05,LEY 293,Excepciones a ley de la policía provincial.,POLICIA PROVINCIAL-JEFE-SUBJEFE-MAXIMA JERARQUIA-LEY 263-ARTICULOS 13 Y 15-EXCEPCIONES.,www.saij.gob.ar/LPV0000788
Tierra del Fuego,Ley,294,Derogada,1987-05-21,1987-06-22,Ley 294,Subsidio al consumo familiar de gas envasado,GAS ENVASADO-CONSUMO FAMILIAR-SUBSIDIOS,www.saij.gob.ar/LPV0000087
Tierra del Fuego,Ley,294,"Individual, Solo Modificatoria o Sin Eficacia",1996-05-09,1996-06-05,LEY 294,n/d,MODIFICA LEY P.NRO.211 SOBRE FONDO PARA EL DESARROLLO DE LOS RECURSOS Y AMBIENTES NATURALES.- ECOLOGIA-MEDIO AMBIENTE-FONDO PARA EL DESARROLLO DE LOS RECURSOS Y AMBIENTES NATURALES-MINISTERIO DE ECONOMIA-INTEGRACION-MANEJO-...,www.saij.gob.ar/LPV0000789
Tierra del Fuego,Ley,295,Derogada,1987-05-14,1987-06-22,LEY 295,"Subsidio al personal docente y no docente, administrativo y de maestranza de colegios de nivel primario, preprimario y de delegaciones de universidades Nacionales.",EDUCACION-REMUNERACIONES-SUBSIDIOS DOCENTES-PERSONAL ADMINISTRATIVO PERSONAL NO DOCENTE-ESTABLECIMIENTOS EDUCACIONALES-MINISTERIO DE EDUCACION Y JUSTICIA-EDUCACION PRIMARIA-EDUCACION PREPRIMARIA- UNIVERSIDADES NACIONALES.,www.saij.gob.ar/LPV0000086
Tierra del Fuego,Ley,295,"Vigente, de alcance general",1996-05-09,1996-06-05,LEY 295,Interés provincial en la energía eólica.,ECOLOGIA-ENERGIA-ENERGIA EOLICA-GENERACION-TRANSMISION- DISTRIBUCION-USO-COOPERATIVAS-CONCESIONARIOS-SERVICIOS PUBLICOS-IMPUESTOS-,www.saij.gob.ar/LPV0000790
Tierra del Fuego,Ley,296,Derogada,1987-07-01,1987-07-31,*Ley 296,Régimen de promoción integral para personas discapacitadas.,DISCAPACITADOS-ASISTENCIA-PREVENCION-SUBSECRETARIA DE ACCION SOCIAL -CENTROS DE REHABILITACION-ASIGNACIONES FAMILIARES-TRANSPORTE PUBLICO-OBRAS PUBLICAS-REGIMEN PREVISIONAL EXTRAORDINARIO-TALLERES PROTEGIDOS-DEDUCCIONES IMPOSITIVAS,www.saij.gob.ar/LPV0000085
Tierra del Fuego,Ley,296,"Vigente, de alcance general",1996-05-25,1996-06-12,LEY 296,Exención a beneficiarios de la pensión fueguina de arraigo de la obligación de restituir sumas percibidas indebidamente.,PREVISION SOCIAL-PENSION FUEGUINA DE ARRAIGO-SUMAS PERCIBIDAS INDEBIDAMENTE-MAL-EXCEPCION-DEVOLUCION.,www.saij.gob.ar/LPV0000791
Tierra del Fuego,Ley,297,Derogada,1987-07-01,1987-07-31,LEY N. 297,Registro de asociaciones cooperadoras escolares,NOTA DE REDACCIÓN:DEROGADA POR ART. 16 LEY 1170  (B.O.P.: 24/08/17).EDUCACION-ESCUELAS-ASOCIACION COOPERADORA-CONSTITUCION-REGISTRO- SECRETARIA DE EDUCACION Y CULTURA,www.saij.gob.ar/LPV0000084
Tierra del Fuego,Ley,297,"Individual, Solo Modificatoria o Sin Eficacia",1996-05-23,1996-06-19,LEY 297,n/d,MODIFICA LEY P.NRO.287 SOBRE CREACION DE LA COMISION DE TRANSFORMACION DEL BANCO PROVINCIA DE TIERRA DEL FUEGO.- BANCOS-BANCO PROVINCIA TIERRA DEL FUEGO-COMISION DE TRANSFORMACION- COMPOSICION-FUNCIONES-MISIONES-ATRIBUCIONES.,www.saij.gob.ar/LPV0000792
Tierra del Fuego,Ley,298,"Vigente, de alcance general",1996-05-23,1996-06-19,LEY 298,Declara de uso prioritario en la construcción los recursos pétreos y madereros existentes en la provincia.,RECURSOS NATURALES-RECURSOS PETREOS-RECURSOS MADEREROS-CONSTRUCCION PLANES DE VIVIENDA-EDIFICIOS PUBLICOS-MATERIA PRIMA BASICA-MATERIAL DE ORIGEN FUEGUINO.,www.saij.gob.ar/LPV0000793
Tierra del Fuego,Ley,298,"Individual, Solo Modificatoria o Sin Eficacia",1987-08-06,1987-09-02,Ley 298.,n/d,AMBITO TEMPORAL CUMPLIDO-IMPUESTO-GRAVAMEN-TRIBUTO-LEY IMPOSITIVA- EJERCICIO 1987-TASAS RETRIBUTIVAS-SERVICIOS ESPECIALES-CATASTRO- RENTAS-POLICIA-REGISTRO CIVIL-MARCAS-INGRESOS BRUTOS.,www.saij.gob.ar/LPV0000262
Tierra del Fuego,Ley,299,"Individual, Solo Modificatoria o Sin Eficacia",1987-08-20,1987-09-02,Ley 299.,n/d,OBJETO CUMPLIDO-ADMINISTRACION PUBLICA TERRITORIAL-PRESUPUESTO GENERAL EJERCICIO 1987.,www.saij.gob.ar/LPV0000261
Tierra del Fuego,Ley,299,"Individual, Solo Modificatoria o Sin Eficacia",1996-07-04,1996-07-17,LEY 299,n/d,MODIFICA LA LEY PROVINCIAL NRO. 278 SOBRE TRANSFORMACION DEL ESTADO PROVINCIAL.- EMERGENCIA ECONOMICA-TRANSFORMACION DEL ESTADO PROVINCIAL-PODERES- DEUDA PUBLICA-SUSPENSIONES-SUBSIDIOS-REDUCCIONES-TITULOS PUBLICOS- RETIRO VOLUNTARIO-PLAZOS.,www.saij.gob.ar/LPV0000795
Tierra del Fuego,Ley,3,"Vigente, de alcance general",1992-03-19,1992-03-27,Ley 3,Fiscalía de estado,FISCALIA DE ESTADO-MISION Y FUNCIONES-PROCEDIMIENTOS ADMINISTRATIVOS-FISCAL ADJUNTO-SUBROGANCIA-REPRESENTACION DEL ESTADO EN JUICIO-DESISTIMIENTO-HONORARIOS-INCOMPATIBILIDADES,www.saij.gob.ar/LPV0000125
Tierra del Fuego,Ley,3,"Individual, Solo Modificatoria o Sin Eficacia",1971-06-08,1971-06-28,Ley 3.,n/d,AMBITO TEMPORAL CUMPLIDO-ADMINISTRACION PUBLICA TERRITORIAL- REMUNERACIONES-AUTORIDADES SUPERIORES.,www.saij.gob.ar/LPV0000377
Tierra del Fuego,Ley,30,Derogada,1992-09-10,1992-09-28,*LEY 30,Creación del registro de declaraciones juradas patrimoniales.,REGISTRO DE DECLARACIONES JURADAS PATRIMONIALES-CREACION DE ORGANISMOS-DECLARACION JURADA-FUNCIONARIOS PUBLICOS-AUDITORIA GENERAL DE GOBIERNO-PLAZO-INFORMACION RESERVADA.,www.saij.gob.ar/LPV0000198
Tierra del Fuego,Ley,30,"Individual, Solo Modificatoria o Sin Eficacia",1972-09-20,1972-10-09,Ley 30.,n/d,OBJETO CUMPLIDO-PODER EJECUTIVO TERRITORIAL-ADMINISTRACION PUBLICA- GOBIERNO NACIONAL-SUBSECRETARIA DE ENERGIA-CONTRATO-APROBACION- RECURSOS-PRESUPUESTO-INCORPORACION-EJERCICIO 1972-EJERCICIO 1973.,www.saij.gob.ar/LPV0000364
Tierra del Fuego,Ley,300,"Vigente, de alcance general",1996-06-28,1996-07-17,LEY 300,Transformación del estado provincial.,PODER EJECUTIVO PROVINCIAL-LEY DE TRANSFORMACION DEL ESTADO- ADMINISTRACION PUBLICA-FISCO PROVINCIAL-IMPUESTOS-TASAS- CONTRIBUCIONES-CREDITOS-PLAN-FACILIDADES DE PAGO-PLAZO DE PRESENTACION-AMPLIACION.,www.saij.gob.ar/LPV0000796
Tierra del Fuego,Ley,300,"Individual, Solo Modificatoria o Sin Eficacia",1987-10-01,1987-10-13,Ley 300,n/d,MODIFICA LEY TERRITORIAL NRO. 290 SOBRE CREACION DEL FONDO DE INVERSIONES PARA LA NUEVA PROVINCIA.- PODER EJECUTIVO-FONDO DE INVERSIONES PARA LA NUEVA PROVINCIA-PLAN DE TRABAJOS PUBLICOS-PRESUPUESTO GENERAL-COMISION PARLAMENTARIA- CONTROL DE...,www.saij.gob.ar/LPV0000423
Tierra del Fuego,Ley,301,"Vigente, de alcance general",1996-06-28,1996-07-22,LEY 301,Aprobación de las condiciones de financiación de la obra 'ampliación muelle comercial puerto Ushuaia',PUERTOS-DIRECCION PROVINCIAL-CREDITOS-OBRA-AMPLIACION MUELLE COMERCIAL PUERTO USHUAIA-CONDICIONES FINANCIACION-APROBACION.,www.saij.gob.ar/LPV0000797
Tierra del Fuego,Ley,301,"Individual, Solo Modificatoria o Sin Eficacia",1987-10-01,1987-10-13,Ley 301.,n/d,OTORGA PENSION GRACIABLE A ROBERTO REGINALDO WILSON.,www.saij.gob.ar/LPV0000518
Tierra del Fuego,Ley,302,Derogada,1987-09-10,1987-10-16,Ley N. 302,Régimen de venta de rifa y bonos de contribución.,JUEGOS DE AZAR-RIFAS-BONOS CONTRIBUCION-AUTORIDAD DE APLICACION- DIRECCION DE JUEGOS DE AZAR,www.saij.gob.ar/LPV0000083
Tierra del Fuego,Ley,302,"Vigente, de alcance general",1996-06-28,1996-07-22,LEY 302,Creación de una administradora de riegos de trabajo (art) según el art. 21 de la ley 278.,PODER EJECUTIVO PROVINCIAL-REFORMA DEL ESTADO-BANCO PROVINCIA DE TIERRA DEL FUEGO-ADMINISTRADORA DE RIESGOS DE TRABAJO-ART- CREACION-LEY 24557.,www.saij.gob.ar/LPV0000798
Tierra del Fuego,Ley,303,Derogada,1987-09-10,1987-10-16,*Ley N. 303,Pensiones sociales,ACCION SOCIAL-SEGURIDAD SOCIAL-PENSION SOCIAL-BENEFICIARIO- PENSION A LA VEJEZ-JUBILACION POR INVALIDEZ-INCAPACIDAD- MENOR DESAMPARADO-OBRAS SOCIALES-OBRA MEDICO ASISTENCIAL.,www.saij.gob.ar/LPV0000082
Tierra del Fuego,Ley,303,Derogada,1996-07-23,1996-07-29,*LEY 303,n/d,NORMA DEROGADA POR LEY P. 440 (B.O.P. 01-02-99)- MODIFICANDO LA LEY P.290 SOBRE LEY IMPOSITIVA EJERCICIO 1996.- IMPUESTO-GRAVAMEN-TRIBUTO-TASA-LEY IMPOSITIVA-EJERCICIO 1996- DERECHO-CONTRIBUCION-DIRECCION GENERAL DE CATASTRO-CERTIFICADO...,www.saij.gob.ar/LPV0000799
Tierra del Fuego,Ley,304,"Vigente, de alcance general",1996-06-28,1996-08-02,LEY 304,Comisión mixta argentino-chilena para la firma de un convenio para prestar servicios de salud en la isla grande e islas aledañas.,SALUD-CONVENIO DE COMPLEMENTACION SANITARIA-COMISION MIXTA ARGENTINO CHILENA-12 REGION CHILENA-PROVINCIA DE TIERRA DEL FUEGO- SERVICIOS DE SALUD-ISLA GRANDE-ISLAS ALEDAÑAS.,www.saij.gob.ar/LPV0000800
Tierra del Fuego,Ley,304,"Individual, Solo Modificatoria o Sin Eficacia",1987-09-17,1987-10-21,Ley 304,n/d,"MODIFICA LEY TERRITORIAL NRO. 244 SOBRE REGIMEN DE JUBILACIONES, PENSIONES Y RETIROS.- PREVISION SOCIAL-JUBILACIONES-PENSIONES-RETIROS-PENSION FUEGUINA DE ARRAIGO.",www.saij.gob.ar/LPV0000422
Tierra del Fuego,Ley,305,Derogada,1987-09-29,1987-11-06,*LEY N. 305,"Tribunal de cuentas: Creación, organización y funciones",ADMINISTRACION PUBLICA-FONDOS PUBLICOS-TRIBUNAL DE CUENTAS- RENDICION DE CUENTAS-JUICIO DE CUENTAS-JUICIO DE RESPONSABILIDAD- FUNCIONARIO PUBLICO-EMPLEADO PUBLICO,www.saij.gob.ar/LPV0000081
Tierra del Fuego,Ley,305,"Vigente, de alcance general",1996-07-04,1996-08-02,LEY 305,Adhesión de la provincia a las leyes Nacionales 17818 y 19303 sobre estupefacientes y psicotrópicos.,DROGAS-ESTUPEFACIENTES-PSICOTROPICOS-IMPORTACION-EXPORTACION- FABRICACION-FRACCIONAMIENTO-CIRCULACION-EXPENDIO-ADHESION-LEY 17818 LEY 19303.,www.saij.gob.ar/LPV0000801
Tierra del Fuego,Ley,306,"Vigente, de alcance general",1987-10-01,1987-10-30,LEY N. 306,Pensión fueguina de arraigo.,PREVISION SOCIAL-JUBILACION-PENSION-RETIRO-PENSION FUEGUINA  DE ARRAIGO:FONDOS,www.saij.gob.ar/LPV0000080
Tierra del Fuego,Ley,306,"Vigente, de alcance general",1996-07-04,1996-08-02,LEY 306,Prohibición de la pirotecnia.,POLVORA EXPLOSIVOS Y AFINES-COHETERIA-PIROTECNIA-ARTIFICIO PIROTECNICO-PROHIBICION-TENENCIA-FABRICACION-COMERCIALIZACION- DEPOSITO-VENTA-AUTORIZACION ESPECTACULOS FUEGOS DE ARTIFICIO- HABILITACION TEMPORARIA.,www.saij.gob.ar/LPV0000802
Tierra del Fuego,Ley,307,Derogada,1996-07-04,1996-08-02,LEY 307,Comisión provincial del antártico.,ANTARTIDA ARGENTINA-POLITICA PROVINCIAL ANTARTICA-PRESENCIA GEOGRAFICA-COMISION PROVINCIAL DEL ANTARTICO-TRATADO ANTARTICO.,www.saij.gob.ar/LPV0000803
Tierra del Fuego,Ley,307,"Individual, Solo Modificatoria o Sin Eficacia",1987-10-15,1987-11-02,Ley 307.,n/d,MODIFICA LEY TERRITORIAL NRO. 228 SOBRE CONSEJO TERRITORIAL DE EDUCACION.- EDUCACION-CONSEJO DE EDUCACION-MIEMBROS-DOCENTES.,www.saij.gob.ar/LPV0000421
Tierra del Fuego,Ley,308,"Vigente, de alcance general",1987-09-29,1987-11-02,Ley 308,Creación del asentamiento urbano 'Almanza',Planeamiento Urbano-Asentamientos Urbanos-Almanza,www.saij.gob.ar/LPV0000079
Tierra del Fuego,Ley,308,"Vigente, de alcance general",1996-07-04,1996-08-02,LEY 308,Autorización al Poder Ejecutivo Provincial para suscribir un convenio de préstamo subsidiario destinado a la segunda etapa del programa de desarrollo económico provincial.,PODER EJECUTIVO PROVINCIAL-PROGRAMA DE DESARROLLO ECONOMICO PROVINCIAL-SEGUNDA ETAPA-CONVENIO DE PRESTAMO SUBSIDIARIO-BIRF- BANCO INTERNACIONAL DE RECONSTRUCCION Y FOMENTO-COPARTICIPACION FEDERAL DE IMPUESTOS.,www.saij.gob.ar/LPV0000804
Tierra del Fuego,Ley,309,Derogada,1987-10-29,1987-11-27,Ley 309,n/d,DEROGADA POR LEY 391 (B.O. 13-10-89) SOBRE MODIFICACION LEY IMPOSITIVA 298 DE IMPUESTO A LOS INGRESOS BRUTOS.- IMPUESTO-GRAVAMEN-TRIBUTO-IMPUESTO A LOS INGRESOS BRUTOS-EXENCIONES MODIFICACIONES-ACTIVIDADES-PRODUCCION PRIMARIA-AGRICULTURA-CAZA-...,www.saij.gob.ar/LPV0000210
Tierra del Fuego,Ley,309,"Vigente, de alcance general",1996-07-04,1996-08-02,LEY 309,Autorización al Poder Ejecutivo Provincial para suscribir un convenio de préstamo subsidiario destinado al programa de desarrollo municipal 2,PODER EJECUTIVO PROVINCIAL-PROGRAMA DE DESARROLLO MUNICIPAL 2- CONVENIO DE PRESTAMO SUBSIDIARIO-BIRF-BANCO INTERNACIONAL DE RECONSTRUCCION Y FOMENTO-COPARTICIPACION FEDERAL DE IMPUESTOS.,www.saij.gob.ar/LPV0000805
Tierra del Fuego,Ley,31,"Vigente, de alcance general",1972-10-05,1972-10-16,Ley 31,Fundación del pueblo Tolhuin,POBLAMIENTO-TOLHUIN-COMISIONES DE FOMENTO-ASENTAMIENTOS URBANOS,www.saij.gob.ar/LPV0000181
Tierra del Fuego,Ley,31,"Vigente, de alcance general",1992-09-10,1992-09-28,LEY 031,Adhesión de la provincia de Tierra del Fuego al código alimentario argentino.,ALIMENTOS-CODIGO ALIMENTARIO ARGENTINO-HIGIENE-SANIDAD-BROMATOLOGIA REGLAMENTO ALIMENTARIO-COMERCIALIZACION DE ALIMENTOS-TRIBUTOS- ROTULOS-ENVASES.,www.saij.gob.ar/LPV0000199
Tierra del Fuego,Ley,310,Derogada,1996-08-14,1996-08-21,LEY 310,n/d,DEROGADA POR LEY P. 313 S/LEY DE TIERRAS FISCALES PROVINCIALES.- TIERRAS FISCALES-ADMINISTRACION-DISPOSICION-POLITICA-AUTORIDAD DE APLICACION-ADJUDICACION-FONDO PROVINCIAL DE FOMENTO PARA LOS PLANES DE DESARROLLO DE TIERRAS FISCALES.,www.saij.gob.ar/LPV0000806
Tierra del Fuego,Ley,310,"Vigente, de alcance general",1987-11-26,1987-12-16,Ley 310,Creación de juzgado de faltas municipales,JUZGADOS DE FALTAS MUNICIPALES-CREACION DE ORGANISMOS-MISION Y FUNCIONES-CONTRAVENCIONES MUNICIPALES-JUECES DE FALTAS-INAMOVILIDAD -REMOCION-DENUNCIAS-PRESUPUESTO MUNICIPAL-MULTAS-ARRESTO- INHABILITACION-PRESCRIPCION-HABILITACION DE...,www.saij.gob.ar/LPV0000078
Tierra del Fuego,Ley,311,"Individual, Solo Modificatoria o Sin Eficacia",1987-11-26,1987-12-16,Ley 311.,n/d,OTORGA PENSION GRACIABLE A JULIAN SANTOS ARAYA.,www.saij.gob.ar/LPV0000517
Tierra del Fuego,Ley,311,"Individual, Solo Modificatoria o Sin Eficacia",1996-08-15,1996-09-11,LEY 311,n/d,GANADERIA-GANADO MAYOR-GANADO MENOR-REGISTRO PROVINCIAL DE MARCAS Y SEÑALES-NORMAS GENERALES-MINISTERIO DE ECONOMIA-DIRECCION GENERAL DE RECURSOS NATURALES-AUTORIDAD DE APLICACION-ADQUISICION-PERDIDA DE LA MARCA O...,www.saij.gob.ar/LPV0000807
Tierra del Fuego,Ley,312,"Vigente, de alcance general",1996-08-15,1996-09-11,LEY 312,Ley de acefalia,PODER EJECUTIVO PROVINCIAL-GOBERNADOR-ACEFALIA-LINEA SUCESORIA- ELECCIONES PROVINCIALES,www.saij.gob.ar/LPV0000808
Tierra del Fuego,Ley,312,"Individual, Solo Modificatoria o Sin Eficacia",1987-11-26,1987-12-16,Ley 312.,n/d,OTORGA PENSION GRACIABLE A DESCENDIENTES DE INDIGENAS-VIRGINIA CHONQUITEL.,www.saij.gob.ar/LPV0000516
Tierra del Fuego,Ley,313,"Vigente, de alcance general",1988-05-12,1988-05-20,Ley N. 313,Adhesión del instituto territorial de previsión social al régimen de reciprocidad jubilatoria (dl 9.316/46),SEGURIDAD SOCIAL-JUBILACION-PENSION-RETIRO-INSTITUTO TERRITORIAL DE PREVISION SOCIAL-(I.T.P.S.)-RECIPROCIDAD JUBILATORIA,www.saij.gob.ar/LPV0000077
Tierra del Fuego,Ley,313,"Vigente, de alcance general",1996-08-15,1996-09-11,LEY 313,Ley de tierras fiscales provinciales,TIERRAS FISCALES-ADMINISTRACION-ACCXION SOCIAL-AUTORIDAD DE APLICACION-ADJUDICACION-FONDO PROVINCIAL DE FOMENTO PARA LOS  PLANES DE DESARROLLO DE TIERRAS FISCALES.DEROGACION LEY P. 310.,www.saij.gob.ar/LPV0000809
Tierra del Fuego,Ley,314,"Vigente, de alcance general",1987-09-29,1988-06-01,Ley N. 314,Creación del instituto antárquico fueguino del seguro (I.A.F.U.S.).,SEGURO-INSTITUTO AUTARQUICO FUEGUINO DEL SEGURO (I.A.F.U.S.),www.saij.gob.ar/LPV0000076
Tierra del Fuego,Ley,314,"Vigente, de alcance general",1996-09-05,1996-09-18,LEY 314,Ley de transformación del estado provincial.,EMERGENCIA ECONOMICA-REFORMA DEL ESTADO-PODERES DEL ESTADO PROVINCIAL-DEUDA PUBLICA-SUBSIDIOS- TITULOS DE DEUDA PUBLICA-RETIRO VOLUNTARIO.,www.saij.gob.ar/LPV0000810
Tierra del Fuego,Ley,315,"Vigente, de alcance general",1988-05-12,1988-06-24,Ley 315,Utilización obligatoria en vehículos oficiales de gas natural o propano,SUSTITUCION DE COMBUSTIBLES-GAS NATURAL-PROPANO-VEHICULOS OFICIALES,www.saij.gob.ar/LPV0000075
Tierra del Fuego,Ley,315,"Vigente, de alcance general",1996-09-05,1996-09-20,LEY 315,Presupuesto General de Erogaciones y cálculo de recursos de la administración pública-ejercicio 1996.,PODER EJECUTIVO PROVINCIAL-ADMINISTRACION PUBLICA CENTRAL- PRESUPUESTO GENERAL-DIRECCION DE OBRAS Y SERVICIOS PUBLICOS- SEGURIDAD-SALUD PUBLICA-BIENESTAR SOCIAL-CULTURA Y EDUCACION- CIENCIA Y TECNOLOGIA-ENERGIA ELECTRICA-ORGANISMOS...,www.saij.gob.ar/LPV0000811
Tierra del Fuego,Ley,316,Derogada,1996-08-29,1996-09-20,*LEY 316,n/d,NORMA DEROGADA POR LEY 330 (B.O. 20-11-96) SOBRE TASAS JUDICIALES.,www.saij.gob.ar/LPV0000812
Tierra del Fuego,Ley,316,"Individual, Solo Modificatoria o Sin Eficacia",1988-06-02,1988-07-11,Ley 316.,n/d,OTORGA PENSION GRACIABLE JOSE HERNANDEZ VIDAL.,www.saij.gob.ar/LPV0000515
Tierra del Fuego,Ley,317,"Individual, Solo Modificatoria o Sin Eficacia",1988-06-02,1988-07-12,Ley 317.,n/d,"OTORGA PENSIONES GRACIABLES A MARIA FLORA LIDIA OJEDA  VDA. DE CALVO,ERNESTINA LEUQUEN OYARZO,JULIO NORBERTO SORIA,JOSEDEL TRANSITO NAHUELQUIR Y MARIA ANTONIA GARCIA PEREZ VDA. DE CASTILLO.",www.saij.gob.ar/LPV0000514
Tierra del Fuego,Ley,317,"Individual, Solo Modificatoria o Sin Eficacia",1996-09-05,1996-09-30,LEY 317,n/d,PREVISION SOCIAL-PENSION-PENSION GRACIABLE-SANTIAGO YUCRA.,www.saij.gob.ar/LPV0000813
Tierra del Fuego,Ley,318,"Vigente, de alcance general",1996-09-05,1996-10-02,LEY 318,Régimen jurídico del ejercicio de la psicología.,SALUD PUBLICA-EJERCICIO PROFESIONAL-PSICOLOGO-REGIMEN LEGAL- INCUMBENCIAS-AREAS OCUPACIONALES-AMBITO DE APLICACION-CONDICIONES- INHABILIDADES-INCOMPATIBILIDADES-DERECHOS-OBLIGACIONES- SANCIONES.,www.saij.gob.ar/LPV0000814
Tierra del Fuego,Ley,318,"Individual, Solo Modificatoria o Sin Eficacia",1988-06-09,1988-07-18,Ley 318.,n/d,MODIFICA LEY TERRITORIAL NRO. 291 SOBRE PENSION FUEGUINA DE ARRAIGO - PREVISION SOCIAL-JUBILACIONES-PENSIONES-RETIROS-PENSION FUEGUINA DE ARRAIGO.,www.saij.gob.ar/LPV0000420
Tierra del Fuego,Ley,319,Derogada,1988-06-09,1988-06-09,*Ley N. 319,Creación del consejo económico social,ECONOMIA-CONSEJO ECONOMICO SOCIAL,www.saij.gob.ar/LPV0000074
Tierra del Fuego,Ley,319,Derogada,1996-09-30,1996-10-04,[[p]]*LEY 319 [[/p]],Autoriza al Poder Ejecutivo Provincial a tomar un crédito mediante gestión del Banco Provincia de Tierra del Fuego.,PODER EJECUTIVO PROVINCIAL-BANCO PROVINCIA DE TIERRA DEL FUEGO- CREDITO-AUTORIZACION-GARANTIA-DESTINO.,www.saij.gob.ar/LPV0000815
Tierra del Fuego,Ley,32,Derogada,1972-10-16,1972-10-16,Ley 32,n/d,DEROGADA POR LEY 86 (B.O. 07-03-77) SOBRE CORPORACION DE FOMENTO DE TIERRA DEL FUEGO.- ECONOMIA-ABASTECIMIENTO-PRECIOS-ARTICULOS PRIMERA NECESIDAD- CORPORACION DE FOMENTO DE TIERRA DEL FUEGO-CORFO-CREACION DE...,www.saij.gob.ar/LPV0000229
Tierra del Fuego,Ley,32,"Individual, Solo Modificatoria o Sin Eficacia",1992-09-17,1992-10-09,Ley 32,n/d,MODIFICA LEY TERRITORIAL 357 SOBRE EJIDO MUNICIPAL DE RIO GRANDE.- URBANISMO-EJIDO MUNICIPAL-ZONA RURAL-RIO GRANDE.,www.saij.gob.ar/LPV0000380
Tierra del Fuego,Ley,320,"Individual, Solo Modificatoria o Sin Eficacia",1988-06-09,1988-07-18,Ley 320.,n/d,MODIFICA LEY TERRITORIAL NRO. 281 SOBRE COMISION DE CONSULTA Y ESTUDIO PARA LA ELABORACION DEL REGIMEN LABORAL DEL TRABAJADOR DEL ESTADO TERRITORIAL.- TRABAJO-REGIMEN LABORAL-EMPLEADO PUBLICO.,www.saij.gob.ar/LPV0000419
Tierra del Fuego,Ley,320,"Individual, Solo Modificatoria o Sin Eficacia",1996-09-30,1996-10-11,LEY 320,n/d,MODIFICANDO LEY P. NRO. 110 SOBRE LEY ORGANICA DEL PODER JUDICIAL.- PODER JUDICIAL-INTEGRACION-DISTRITOS-REGIMEN INTERNO-POTESTAD DISCIPLINARIA-FERIA DE TRIBUNALES-ORGANOS JUDICIALES-SUPERIOR TRIBUNAL DE JUSTICIA-TRIBUNAL DE JUICIO EN LO...,www.saij.gob.ar/LPV0000816
Tierra del Fuego,Ley,321,Derogada,1988-06-16,1988-07-18,*Ley 321.,n/d,"NORMA DEROGADA POR ART. 80 LEY 561 (B.O.P. 27-11-2002)- MODIFICA LEY TERRITORIAL NRO. 244 SOBRE REGIMEN DE JUBILACIONES, PENSIONES Y RETIROS.-",www.saij.gob.ar/LPV0000418
Tierra del Fuego,Ley,321,"Vigente, de alcance general",1996-09-30,1996-10-23,LEY 321,Creación del consejo económico y social,ECONOMIA-CONSEJO ECONOMICO Y SOCIAL-CREACION DE ORGANISMOS-MISION Y FUNCIONES-PRESIDENCIA-VICEPRESIDENCIA-QUORUM LEGAL.,www.saij.gob.ar/LPV0000817
Tierra del Fuego,Ley,322,"Vigente, de alcance general",1988-06-16,1988-07-18,Ley N. 322,Comisión para el estudio y consolidación del desarrollo de la Tierra del Fuego,ECONOMIA-DESARROLLO ECONOMICO-PROMOCION ECONOMICA-RADICACION DE EMPRESAS-COMISION-TIERRA DEL FUEGO,www.saij.gob.ar/LPV0000073
Tierra del Fuego,Ley,322,"Vigente, de alcance general",1996-08-29,1996-11-20,LEY 322,Día provincial de los trabajadores de la sanidad,SALUD PUBLICA-ESTABLECE EL 21 DE SETIEMBRE DE CADA AÑO COMO DIA DEL TRABAJADOR DE LA SANIDAD.,www.saij.gob.ar/LPV0000823
Tierra del Fuego,Ley,323,"Vigente, de alcance general",1988-06-09,1988-07-22,Ley 323,Requisitos para personas físicas o jurídicas que intervengan en licitaciones de obras publicas,LICITACIONES-CERTIFICADO DE OBRA PUBLICA:REQUISITOS-REGULARIZACION DEL EMPLEO-INFRACCIONES-SANCIONES-PLIEGOS DE CONDICIONES,www.saij.gob.ar/LPV0000072
Tierra del Fuego,Ley,323,"Vigente, de alcance general",1996-10-24,1996-11-13,LEY 323,Transferencia del dominio de las tierras urbanas fiscales en favor   de los municipios y comunas,URBANISMO-TIERRAS FISCALES-ESCRITURA TRASLATIVA DE DOMINIO- MUNICIPALIDADES-ADJUDICACION DE TIERRAS.,www.saij.gob.ar/LPV0000818
Tierra del Fuego,Ley,324,Derogada,1988-06-16,1988-07-27,Ley 324,Creación de la Defensoría Social,ACCION SOCIAL-MINORIDAD-FAMILIA-DEFENSORIA SOCIAL-CREACION DE ORGANISMOS,www.saij.gob.ar/LPV0000071
Tierra del Fuego,Ley,324,Derogada,1996-09-05,1996-11-20,*LEY 324,n/d,NORMA DEROGADA POR LEY P. 440 (B.O.P. 01-02-99)- MODIFICANDO LEY P.290 SOBRE LEY IMPOSITIVA-EJERCICIO 1996.- IMPUESTO-GRAVAMEN-TRIBUTO-TASA-LEY IMPOSITIVA-EJERCICIO 1996- DERECHO-CONTRIBUCION-DIRECCION GENERAL DE CATASTRO-CERTIFICADO...,www.saij.gob.ar/LPV0000819
Tierra del Fuego,Ley,325,Derogada,1996-10-24,1996-11-20,*LEY 325,Autorización al P.E.P. a otorgar viviendas de servicio a profesionales médicos que se desempeñen en los hospitales provinciales.,VIVIENDAS-MEDICOS-PODER EJECUTIVO PROVINCIAL- USO DE VIVIENDA-PLANTA PERMANENTE-ESTABLECIMIENTOS ASISTENCIALES.PROVINCIALES.,www.saij.gob.ar/LPV0000820
Tierra del Fuego,Ley,325,"Vigente, de alcance general",1988-06-23,1988-08-03,LEY 325,Censo general de tierras fiscales urbanas y rurales del territorio.,INMUEBLES-CENSO-TIERRAS FISCALES:URBANAS Y RURALES- CARGA PUBLICA.,www.saij.gob.ar/LPV0000064
Tierra del Fuego,Ley,326,Derogada,1996-11-07,1996-11-18,*LEY 326,n/d,NORMA DEROGADA por Art. 80 de Ley Provincial Nº 561 (BOP: 27-11-02)- MODIFICANDO LEY T.244 SOBRE REGIMEN DE JUBILACIONES.- PREVISION SOCIAL-JUBILACION-PENSION-RETIRO-PENSION FUEGUINA DE ARRAIGO-ADMINISTRACION PUBLICA-REPARTICIONES-ORGANISMOS...,www.saij.gob.ar/LPV0000821
Tierra del Fuego,Ley,326,"Vigente, de alcance general",1988-06-23,1988-08-03,LEY 326,Fondo permanente de apoyo Bomberos Voluntarios.,BOMBEROS-IMPUESTOS-FONDO DE APOYO-DISTRIBUCION DE LOS FONDOS-IMPUESTO AL CONSUMO DE ENERGIA ELECTRICA.,www.saij.gob.ar/LPV0000063
Tierra del Fuego,Ley,327,"Vigente, de alcance general",1988-06-23,1988-08-03,LEY 327,Creación de la Dirección de Defensa al Consumidor.,ECONOMIA-CONSUMIDOR-PROVEEDORES-MAYORISTAS-REGISTRO DE PROVEEDORES Y MAYORISTAS-DIRECCION DE DEFENSA AL CONSUMIDOR.CREACION DE ORGANISMOS-MISION Y FUNCIONES.,www.saij.gob.ar/LPV0000062
Tierra del Fuego,Ley,327,"Individual, Solo Modificatoria o Sin Eficacia",1996-11-07,1996-11-20,LEY 327,n/d,MODIFICANDO LEY P.323 SOBRE TRANSFERENCIA DEL DOMINIO DE LAS TIERRAS FISCALES PROVINCIALES.- URBANISMO-TIERRAS FISCALES PROVINCIALES-DOMINIO-TRANSFERENCIA- MUNICIPIOS-COMUNAS-RESERVA FISCAL PROVINCIAL-SISTEMA DE ADJUDICACION.,www.saij.gob.ar/LPV0000822
Tierra del Fuego,Ley,328,"Vigente, de alcance general",1988-06-30,1988-08-03,LEY 328,Prohibición de adjudicación de tierras y/o construcción edilicia sobre la costa de la bahía de Ushuaia.,URBANISMO-ADJUDICACION DE TIERRAS-EDIFICIO A CONSTRUIR- PROHIBICIONES-BAHIA DE USHUAIA.,www.saij.gob.ar/LPV0000061
Tierra del Fuego,Ley,328,"Individual, Solo Modificatoria o Sin Eficacia",1996-10-24,1996-11-20,LEY 328,n/d,MODIFICANDO LEY T.205 SOBRE CREACION DEL PUEBLO DE SAN SEBASTIAN.- SAN SEBASTIAN-PUEBLO-CREACION.,www.saij.gob.ar/LPV0000824
Tierra del Fuego,Ley,329,"Vigente, de alcance general",1996-10-24,1996-11-20,LEY 329,Adhesión de la provincia al 'acta fundacional de la región de la Patagonia'.,PODER EJECUTIVO PROVINCIAL-ACTA FUNDACIONAL DE LA REGION DE LA PATAGONIA-ADHESION PROVINCIAL-RATIFICACION DEL ACTA.,www.saij.gob.ar/LPV0000825
Tierra del Fuego,Ley,329,"Individual, Solo Modificatoria o Sin Eficacia",1988-07-28,1988-08-16,Ley 329.,n/d,OBJETO CUMPLIDO-IMPUESTO-GRAVAMEN-TRIBUTO-LEY IMPOSITIVA-EJERCICIO 1988-TASAS RETRIBUTIVAS-SERVICIOS ESPECIALES-RENTAS-CATASTRO- POLICIA-REGISTRO CIVIL-MARCAS-ACTUACIONES NOTARIALES-INGRESOS BRUTOS-,www.saij.gob.ar/LPV0000260
Tierra del Fuego,Ley,33,"Vigente, de alcance general",1972-10-23,1972-11-06,Ley 33,Convenio con gas del estado.,GAS DEL ESTADO-PODER EJECUTIVO PROVINCIAL-OBRA PUBLICA-SERVICIOS PUBLICOS-DERECHO DE HABILITACION GASODUCTOS-INSTALACIONES DOMICILIARIAS-LICITACIONES PUBLICAS-EXENCIONES IMPOSITIVAS,www.saij.gob.ar/LPV0000180
Tierra del Fuego,Ley,33,"Individual, Solo Modificatoria o Sin Eficacia",1992-09-17,1992-10-09,Ley 33.,n/d,OTORGA PENSION GRACIABLE A MARIA TERESA AHUMADA.,www.saij.gob.ar/LPV0000468
Tierra del Fuego,Ley,330,"Vigente, de alcance general",1988-06-02,1988-08-18,LEY N. 330,Obligatoriedad de impartir la materia 'derechos humanos' en establecimientos educacionales,EDUCACION-PROGRAMAS DE ESTUDIO-ASIGNATURA-DERECHOS HUMANOS,www.saij.gob.ar/LPV0000060
Tierra del Fuego,Ley,330,"Individual, Solo Modificatoria o Sin Eficacia",1996-10-24,1996-11-20,LEY 330,n/d,MODIFICANDO LEY P. 162 SOBRE TASAS JUDICIALES.- PODER JUDICIAL PROVINCIAL-TASAS JUDICIALES-AMBITO-TASA-TASA REDUCIDA-MONTO IMPONIBLE-JUICIOS DE MONTO INDETERMINABLE-JUICIOS NO SUSCEPTIBLES DE APRECIACION PECUNIARIA-TERCERIAS-AMPLIACION DEL VALOR DEL...,www.saij.gob.ar/LPV0000826
Tierra del Fuego,Ley,331,"Vigente, de alcance general",1988-08-11,1988-09-15,LEY N. 331,Aplicación del régimen jurídico básico de la función pública para  empleados del territorio.,ADMINISTRACION PUBLICA-EMPLEADO PUBLICO-REGIMEN LEGAL-ESCALAFON- REMUNERACION,www.saij.gob.ar/LPV0000059
Tierra del Fuego,Ley,331,"Vigente, de alcance general",1996-10-24,1996-11-20,LEY 331,Creación de una comisión investigadora legislativa.,PODER LEGISLATIVO-COMISION INVESTIGADORA-SALAS-DENUNCIAS- MISION Y FUNCIONES.,www.saij.gob.ar/LPV0000827
Tierra del Fuego,Ley,332,"Vigente, de alcance general",1988-08-18,1988-09-26,LEY N. 332,Obligación de denunciar malos tratos a menores.,VIOLENCIA FAMILIAR-MENORES-MALOS TRATOS-DOCENTES-DENUNCIA- DEFENSORIA SOCIAL,www.saij.gob.ar/LPV0000058
Tierra del Fuego,Ley,332,"Individual, Solo Modificatoria o Sin Eficacia",1996-10-24,1996-11-20,LEY 332,Día provincial del trabajador vial,VIALIDAD PROVINCIAL-ESTABLECE EL DIA 5 DE OCTUBRE DE CADA AÑO COMO DIA PROVINCIAL DEL TRABAJADOR VIAL.,www.saij.gob.ar/LPV0000828
Tierra del Fuego,Ley,333,"Vigente, de alcance general",1996-10-24,1996-11-20,LEY 333,Procedimiento de habeas corpus.,PODER JUDICIAL-HABEAS CORPUS-PROCEDIMIENTO-AMBITO DE APLICACION-INFORME NEGATIVO DE LA DETENCION- INCUMPLIMIENTO-SANCIONES-APERTURA A PRUEBA- RECURSO DE APELACION-COSTAS,www.saij.gob.ar/LPV0000829
Tierra del Fuego,Ley,333,"Individual, Solo Modificatoria o Sin Eficacia",1988-08-25,1988-09-30,Ley 333.,n/d,"MODIFICA LEYES TERRITORIALES NROS. 244 Y 291 SOBRE REGIMEN DE JUBILACIONES,PENSIONES Y RETIROS.- PREVISION SOCIAL-JUBILACIONES-PENSIONES-RETIROS.",www.saij.gob.ar/LPV0000417
Tierra del Fuego,Ley,334,"Vigente, de alcance general",1988-06-09,1988-09-30,LEY N. 334,Caja compensadora de la Policía Territorial,PREVISION SOCIAL-JUBILACION-PENSION-RETIRO-POLICIA-CAJA COMPENSADORA,www.saij.gob.ar/LPV0000056
Tierra del Fuego,Ley,334,"Vigente, de alcance general",1996-11-07,1996-11-29,LEY 334,Procedimiento a seguir con animales sueltos o abandonados en rutas Nacionales o provinciales en el territorio de la provincia.,POLICIA PROVINCIAL-RUTAS-ANIMALES-FAENA DE ANIMALES- TRANSPORTE DE ANIMALES-INFRACCIONES-SANCIONES-MULTAS.,www.saij.gob.ar/LPV0000830
Tierra del Fuego,Ley,335,"Vigente, de alcance general",1996-11-07,1996-11-29,LEY 335,Creación del Consejo Provincial de informática,CREACION DE ORGANISMOS-CONSEJO PROVINCIAL DE INFORMATICA- MISION Y FUNCIONES-SECRETARIA GENERAL DE GOBIERNO- PARTIDA PRESUPUESTARIA.,www.saij.gob.ar/LPV0000831
Tierra del Fuego,Ley,335,"Individual, Solo Modificatoria o Sin Eficacia",1988-09-15,1988-10-05,Ley 335.,n/d,MODIFICATORIA DE LEY SIN EFICACIA-LEY IMPOSITIVA-EJERCICIO 1988- MODIFICACION.,www.saij.gob.ar/LPV0000259
Tierra del Fuego,Ley,336,"Vigente, de alcance general",1996-11-07,1996-11-29,LEY 336,Ley de marcas y señales: régimen de sanciones.,GANADERIA-GANADO MAYOR-GANADO MENOR-REGISTRO PROVINCIAL DE MARCAS Y SEÑALES-MINISTERIO DE ECONOMIA-DIRECCION GENERAL DE RECURSOS NATURALES-AUTORIDAD DE APLICACION-TRANSFERENCIA-DUPLICADOS- RECTIFICACIONES-MARCACION-SEÑALADA-CERTIFICADOS DE...,www.saij.gob.ar/LPV0000832
Tierra del Fuego,Ley,336,"Individual, Solo Modificatoria o Sin Eficacia",1988-09-01,1988-10-13,Ley 336.,n/d,OTORGA PENSION GRACIABLE A HERNAN ARANEDA LEAL.,www.saij.gob.ar/LPV0000513
Tierra del Fuego,Ley,337,"Vigente, de alcance general",1996-11-07,1996-12-04,LEY 337,Aprobación de la incorporación de la provincia al programa de reforma e inversiones en el sector educativo.,CULTURA Y EDUCACION-PROGRAMA DE REFORMAS E INVERSIONES EN EL SECTOR EDUCATIVO BID-BANCO INTERAMERICANO DE DESARROLLO- PRESTAMO INTERNACIONAL-COOPERACION ECONOMICA- COPARTICIPACION FEDERAL DE IMPUESTOS.,www.saij.gob.ar/LPV0000833
Tierra del Fuego,Ley,337,"Individual, Solo Modificatoria o Sin Eficacia",1988-06-23,1988-10-13,Ley 337.,n/d,"MODIFICA LEY TERRITORIAL NRO. 244 SOBRE REGIMEN DE JUBILACIONES, PENSIONES Y RETIROS.- PREVISION SOCIAL-JUBILACIONES-PENSIONES-RETIROS.",www.saij.gob.ar/LPV0000416
Tierra del Fuego,Ley,338,Derogada,1996-09-30,1996-12-13,LEY 338,Creación de los sistemas de gestión y administración financiera del sector publico provincial.,ADMINISTRACION PUBLICA PROVINCIAL-PODER EJECUTIVO PROVINCIAL-SISTEMA DE GESTION-SISTEMA DE ADMINISTRACION FINANCIERA- GESTION PUBLICA-SISTEMA PRESUPUESTARIO-NORMAS TECNICAS- RECURSOS-ORGANIZACION-PRESUPUESTO-ESTRUCTURA DE LA LEY-...,www.saij.gob.ar/LPV0000834
Tierra del Fuego,Ley,338,"Vigente, de alcance general",1988-07-07,1988-10-13,LEY 338,Guías de turismo.,TURISMO-GUIAS DE TURISMO-INSCRIPCION REGISTRAL,www.saij.gob.ar/LPV0000051
Tierra del Fuego,Ley,339,"Vigente, de alcance general",1988-09-29,1988-11-09,LEY N. 339,Promoción del turismo.,TURISMO-PROMOCION-DESARROLLO,www.saij.gob.ar/LPV0000050
Tierra del Fuego,Ley,339,"Vigente, de alcance general",1996-12-05,1996-12-13,LEY 339,"Facultad de prorrogar la jurisdicción en favor de los tribunales federales, Nacionales o extranjeros.",- PODER EJECUTIVO PROVINCIAL-OPERACIONES FINANCIERAS INTERNACIONALES- -FACULTADES-PRORROGA JURISDICCION-TRIBUNALES FEDERALES-NACIONALES-- EXTRANJEROS-EJECUTORIEDAD SENTENCIA CONDENATORIA-,www.saij.gob.ar/LPV0000835
Tierra del Fuego,Ley,34,"Individual, Solo Modificatoria o Sin Eficacia",1972-10-23,1972-11-06,Ley 34.,n/d,MODIFICATORIA DE LEY SIN EFICACIA-PODER EJECUTIVO TERRITORIAL- ADMINISTRACION PUBLICA-PRESUPUESTO-RECURSOS-GASTOS-MODIFICACION- EJERCICIO 1972.,www.saij.gob.ar/LPV0000363
Tierra del Fuego,Ley,34,"Individual, Solo Modificatoria o Sin Eficacia",1992-09-17,1992-10-09,Ley 34.,n/d,OTORGA PENSION GRACIABLE A ISOLINA DEL CARMEN FIGUEROA.,www.saij.gob.ar/LPV0000467
Tierra del Fuego,Ley,340,"Vigente, de alcance general",1988-10-06,1988-11-14,LEY N. 340,Radicación de entidades financieras y control por el Poder Ejecutivo territorial,ENTIDADES FINANCIERAS-RADICACION-PODER EJECUTIVO-CONTROL,www.saij.gob.ar/LPV0000049
Tierra del Fuego,Ley,340,"Vigente, de alcance general",1996-12-05,1996-12-18,LEY 340,Viviendas para médicos de hospitales provinciales.,- VIVIENDAS-VIVIENDAS DE SERVICIOS-PODER EJECUTIVO PROVINCIAL- AUTORIZACION-OTORGACION-PROFESIONALES MEDICOS-PLANTA PERMANENTE- HOSPITALES PROVINCIALES-- DEROGA LEY P. 325,www.saij.gob.ar/LPV0000836
Tierra del Fuego,Ley,341,"Individual, Solo Modificatoria o Sin Eficacia",1988-10-13,1988-11-18,Ley 341.,n/d,OTORGA PENSION GRACIABLE A CANDELARIA DIAZ AGUILAR.,www.saij.gob.ar/LPV0000512
Tierra del Fuego,Ley,341,"Individual, Solo Modificatoria o Sin Eficacia",1996-12-05,1996-12-18,LEY 341.,n/d,MODIFICA LA LEY P. 313 SOBRE LEY DE TIERRAS FISCALES.- TIERRAS FISCALES-ADJUDICACION-AUTORIDAD DE APLICACION-FONDO PROVINCIAL DE FOMENTO PARA LOS PLANES DE DESARROLLO DE TIERRAS FISCALES,www.saij.gob.ar/LPV0000837
Tierra del Fuego,Ley,342,"Vigente, de alcance general",1988-10-13,1988-11-18,LEY N. 342,Incorporación del enfoque ambiental a programas de educación formal y no formal,MEDIO AMBIENTE-EDUCACION-DIFUSION-MEDIOS DE COMUNICACION,www.saij.gob.ar/LPV0000048
Tierra del Fuego,Ley,342,"Individual, Solo Modificatoria o Sin Eficacia",1996-11-07,1996-12-18,LEY 342,n/d,MODIFICA LA LEY P. 65 SOBRE CREACION DEL ENTE FUEGUINO DE TURISMO-PROMOCION AL TURISMO-REGISTRO PROVINCIAL DE EMPRESAS Y ACTIVIDADES TURISTICAS-INSCRIPCION REGISTRAL-INFRACCIONES-SANCIONES AUTORIDAD DE APLICACION-INSTITUTO FUEGUINO DE...,www.saij.gob.ar/LPV0000838
Tierra del Fuego,Ley,343,"Vigente, de alcance general",1988-07-07,1988-09-12,LEY N. 343,Impuestos y regalías: coparticipación entre el territorio y Municipalidades.,IMPUESTOS-IMPUESTOS TERRITORIALES:RECAUDACION-IMPUESTOS NACIONALES -REGALIAS POR COMBUSTIBLE:COPARTICIPACION-PORCENTAJE-TERRITORIO- MUNICIPIOS-MODIFICACION LEY 191,www.saij.gob.ar/LPV0000047
Tierra del Fuego,Ley,343,"Vigente, de alcance general",1996-12-10,1996-12-18,LEY 343,Capitalización del banco provincia de Tierra del Fuego.,- PODER EJECUTIVO PROVINCIAL-AUTORIZACION-PRESTAMOS-CAPITALIZACION- BANCO PROVINCIA DE TIERRA DEL FUEGO-,www.saij.gob.ar/LPV0000839
Tierra del Fuego,Ley,344,"Individual, Solo Modificatoria o Sin Eficacia",1988-10-13,1988-11-18,Ley 344.,n/d,"MODIFICA LEY TERRITORIAL NRO. 280 SOBRE SUBSIDIO A AUTORIDADES, SECRETARIOS,PRECEPTORES Y PERSONAL ADMINISTRATIVO Y DE MAESTRANZA DE ESCUELAS SECUNDARIAS Y TERCIARIAS DEPENDIENTES DEL TERRITORIO.- EDUCACION-ESCUELA SECUNDARIA-ESCUELA...",www.saij.gob.ar/LPV0000415
Tierra del Fuego,Ley,344,"Individual, Solo Modificatoria o Sin Eficacia",1996-11-28,1996-12-23,LEY 344,n/d,FIJA UN PLAZO DE 5 DIAS PARA LA INTEGRACION DEL FONDO ESTABLECIDO EN EL ACUERDO NRO. 2533 SOBRE CONFLICTO FABRIL EMPRESA ELECTRODOMESTICOS AURORA S.A.- ESTABLECIMIENTOS INDUSTRIALES-UOMRA-ASIMRA- ELECTRODOMESTICOS AURORA S.A.-ACUERDO NRO. 2533-...,www.saij.gob.ar/LPV0000840
Tierra del Fuego,Ley,345,"Vigente, de alcance general",1996-12-05,1996-12-30,LEY 345,Asociación bomberos voluntarios,ASOCIACIONES CIVILES-CREACION DE ORGANISMOS- BOMBEROS VOLUNTARIOS-MISION Y FUNCIONES-CUERPO ACTIVO- DIRECCION PROVINCIAL DE DEFENSA CIVIL-AUTORIDAD DE APLICACION.,www.saij.gob.ar/LPV0000841
Tierra del Fuego,Ley,345,"Individual, Solo Modificatoria o Sin Eficacia",1988-10-20,1988-11-18,Ley 345.,n/d,OBJETO CUMPLIDO-ADMINISTRACION PUBLICA TERRITORIAL-PRESUPUESTO GENERAL-EJERCICIO 1988.,www.saij.gob.ar/LPV0000258
Tierra del Fuego,Ley,346,"Vigente, de alcance general",1988-10-06,1988-12-09,LEY N. 346,Comisión permanente de investigación de delitos económicos.,DELITOS ECONOMICOS-INVESTIGACION-COMISION PERMANENTE,www.saij.gob.ar/LPV0000046
Tierra del Fuego,Ley,346,"Vigente, de alcance general",1996-12-05,1996-12-30,LEY 346,Cambio de nombre del rio 'Mac Lennan' por el de 'Ona'.,HIDROGRAFIA-SERVICIO DE HIDROGRAFIA NAVAL-CARTOGRAFIA-DIRECCION GENERAL DE CATASTRO-CAMBIO DE DENOMINACION.,www.saij.gob.ar/LPV0000842
Tierra del Fuego,Ley,347,"Vigente, de alcance general",1996-12-05,1996-12-30,LEY 347,Adhesión de la provincia a la ley Nacional 23162 que autoriza a registrar personas con nombres aborígenes.,REGISTRO NACIONAL DE LAS PERSONAS-INSCRIPCION DE NOMBRE- NOMBRE ABORIGEN-CAMBIO DE NOMBRE.LEY NACIONAL.,www.saij.gob.ar/LPV0000843
Tierra del Fuego,Ley,347,"Individual, Solo Modificatoria o Sin Eficacia",1988-10-06,1988-12-09,Ley 347.,n/d,MODIFICA LEY TERRITORIAL NRO. 010 SOBRE CREACION Y FUNCIONAMIENTO DEL INSTITUTO DE SERVICIOS SOCIALES DEL TERRITORIO.- SEGURIDAD SOCIAL-OBRA SOCIAL-INSTITUTO DE SERVICIOS SOCIALES DEL TERRITORIO-ISST-SALUD-OBJETIVO-BENEFICIARIOS-PRESTACIONES-...,www.saij.gob.ar/LPV0000414
Tierra del Fuego,Ley,348,"Vigente, de alcance general",1988-10-20,1988-12-30,LEY N. 348,Defensoría del Pueblo,PODER EJECUTIVO-ADMINISTRACION PUBLICA-DEFENSORIA DEL PUEBLO- PRERROGATIVAS-INCOMPATIBILIDADES-INMUNIDADES-INVESTIGACIONES ADMINISTRATIVAS-PROCEDIMIENTO-DEBER DE COLABORACION-RESOLUCIONES- INFORME ANUAL,www.saij.gob.ar/LPV0000045
Tierra del Fuego,Ley,348,"Vigente, de alcance general",1996-11-28,1997-01-03,LEY 348,Cese  de  la  intervención  al instituto de Servicios sociales de la provincia.,OBRAS SOCIALES-INSTITUTO DE SERVICIOS SOCIALES DE LA PROVINCIA- INTERVENCION-COMISION NORMALIZADORA-CONSEJO DE ADMINISTRACION- MIEMBROS.,www.saij.gob.ar/LPV0000844
Tierra del Fuego,Ley,349,"Vigente, de alcance general",1996-11-28,1997-01-03,LEY 349,Modifica la ley de transformación del estado provincial y devolución de las deducciones salariales.,REFORMA DEL ESTADO-LEY DE TRANSFORMACION-ADMINISTRACION PUBLICA PROVINCIAL-EMPLEADOS PUBLICOS-REMUNERACION-DEDUCCIONES SALARIALES- APORTES JUBILATORIOS-RESTITUCION DE APORTES-LETRAS DE TESORERIA.,www.saij.gob.ar/LPV0000845
Tierra del Fuego,Ley,349,"Individual, Solo Modificatoria o Sin Eficacia",1988-10-27,1988-12-07,Ley 349.,n/d,MODIFICA LEY TERRITORIAL NRO. 334 SOBRE CAJA COMPENSADORA DE LA POLICIA TERRITORIAL.- PREVISION SOCIAL-JUBILACION-PENSION-RETIRO-POLICIA-CAJA COMPENSADORA.,www.saij.gob.ar/LPV0000413
Tierra del Fuego,Ley,35,"Vigente, de alcance general",1972-11-13,1972-11-20,Ley 35,Convenio entre el ministerio de economía y finanzas y el instituto Nacional de tecnología agropecuaria,INSTITUTO NACIONAL DE TECNOLOGIA AGROPECUARIA-MINISTERIO DE ECONOMIA Y FINANZAS-PROMOCION AGROPECUARIA-CONSEJO DE TECNOLOGIA AGROPECUARIA-CREACION DE ORGANISMOS-ACTIVIDAD AGRICOLA GANADERA- INVESTIGACIONES AGROPECUARIAS-RESCISION DEL CONTRATO,www.saij.gob.ar/LPV0000179
Tierra del Fuego,Ley,35,"Vigente, de alcance general",1992-09-17,1992-01-01,LEY 035,Creación del servicio provincial de prevención y asistencia a las víctimas de violencia familiar.,VIOLENCIA FAMILIAR-MALOS TRATOS-SERVICIO PROVINCIAL DE PREVENCION Y ASISTENCIA A LAS VICTIMAS DE LA VIOLENCIA-CREACION DE ORGANISMOS- MISION Y FUNCIONES-MENORES-FAMILIA-ESTABLECIMIENTOS ASISTENCIALES- PRESTACIONES MEDICO ASISTENCIALES,www.saij.gob.ar/LPV0000200
Tierra del Fuego,Ley,350,"Vigente, de alcance general",1988-10-27,1988-12-07,LEY N. 350,Declarando de interés territorial el estudio sobre el petróleo argentino,EDUCACION-RECURSOS NATURALES-HIDROCARBUROS-PETROLEO-ENSEÑANZA PRIMARIA-INTERES TERRITORIAL,www.saij.gob.ar/LPV0000044
Tierra del Fuego,Ley,350,"Vigente, de alcance general",1996-12-23,1997-01-17,LEY 350,"Creación de la comisión de desarrollo, seguimiento y fiscalización del programa de reforma e inversiones en el sector educativo.",EDUCACION-PROGRAMA DE REFORMA E INVERSIONES EN EL SECTOR EDUCATIVO- PRISE-CREACION DE ORGANISMOS-COMISION DE DESARROLLO SEGUIMIENTO Y FISCALIZACION-MISION Y FUNCIONES.,www.saij.gob.ar/LPV0000846
Tierra del Fuego,Ley,351,"Vigente, de alcance general",1988-10-27,1988-12-07,LEY N. 351,Red de comunicaciones de escuelas rurales y periféricas,EDUCACION-TELECOMUNICACIONES-ESCUELAS-RED DE COMUNICACIONES DE ESCUELAS RURALES Y PERIFERICAS-SECRETARIA DE EDUCACION Y CULTURA- DEFENSA CIVIL,www.saij.gob.ar/LPV0000043
Tierra del Fuego,Ley,351,"Individual, Solo Modificatoria o Sin Eficacia",1996-12-23,1997-01-20,LEY 351,n/d,MODIFICA LEY P. 168 CODIGO PROCESAL PENAL DE LA PROVINCIA- PODER JUDICIAL PROVINCIAL-CODIGO PROCESAL PENAL-ACCION PENAL PUBLICA-ACCION CIVIL-JUEZ-JURISDICCION-COMPETENCIA-MATERIA- DETERMINACION-TERRITORIAL-POR CONEXION-RELACIONES JURISDICCIONALES-...,www.saij.gob.ar/LPV0000847
Tierra del Fuego,Ley,352,Derogada,1988-10-27,1988-12-07,*LEY N. 352,Ambientes y recursos naturales,RECURSOS NATURALES-MEDIO AMBIENTE-FLORA-FAUNA-AMBIENTES NATURALES- VIDA SILVESTRE-PARQUES NACIONALES-PARQUES NATURALES-MONUMENTOS NATURALES-RUTAS ESCENICAS-REFUGIOS TURISTICOS RECREATIVOS-RESERVAS CULTURALES Y NATURALES-RESERVAS HIDRICAS-RESERVAS...,www.saij.gob.ar/LPV0000042
Tierra del Fuego,Ley,352,"Vigente, de alcance general",1996-12-23,1997-01-20,LEY 352,Régimen de declaraciones juradas patrimoniales y requerimientos de justificación de incrementos patrimoniales.,FUNCIONARIOS PUBLICOS-REGIMEN DE DECLARACIONES JURADAS PATRIMONIALES-REGISTRO-DEPENDENCIAS- AMBITO DE APLICACION-INCREMENTO PATRIMONIAL.,www.saij.gob.ar/LPV0000848
Tierra del Fuego,Ley,353,"Vigente, de alcance general",1988-10-27,1988-12-07,LEY N. 353,Declarando de interés territorial la enseñanza del ajedrez,EDUCACION-AJEDREZ-ESCUELAS PRIMARIAS-INTERES TERRITORIAL,www.saij.gob.ar/LPV0000041
Tierra del Fuego,Ley,353,"Individual, Solo Modificatoria o Sin Eficacia",1997-03-13,1997-03-26,LEY 353,n/d,MODIFICA LA LEY P. 278 y 349 SOBRE TRANSFORMACION DEL ESTADO PROVINCIAL-EMERGENCIA ECONOMICA-TRANSFORMACION DEL ESTADO PROVINCIAL-PODERES DEL ESTADO PROVINCIAL-DEUDA PUBLICA- SUSPENSIONES-SUBSIDIOS-REDUCCIONES-TITULOS PUBLICOS-RETIRO...,www.saij.gob.ar/LPV0000849
Tierra del Fuego,Ley,354,"Vigente, de alcance general",1988-10-27,1988-12-07,LEY N. 354,Servicio de facilitación de frontera,FRONTERA-PASO FRONTERIZO-TRANSITO-PERSONAS-CARGAS-SERVICIO FACILITACION DE FRONTERA-TURISMO,www.saij.gob.ar/LPV0000040
Tierra del Fuego,Ley,354,"Individual, Solo Modificatoria o Sin Eficacia",1997-03-13,1997-03-31,LEY 354,n/d,"APRUEBA CONVENIO NRO. 2548 SOBRE INVERSIONES DESTINADAS A HORTICULTURA Y TURISMO EN PEQUEÑA ESCALA.- PROVINCIA DE TIERRA DEL FUEGO,ANTARTIDA E ISLAS DEL ATLANTICO SUR-BANCO DE LA NACION ARGENTINA-APROBACION-CONVENIO-NRO.2548-...",www.saij.gob.ar/LPV0000850
Tierra del Fuego,Ley,355,"Individual, Solo Modificatoria o Sin Eficacia",1988-12-13,1988-12-21,Ley 355.,n/d,MODIFICATORIA DE LEY SIN EFICACIA-ADMINISTRACION PUBLICA TERRITORIAL-PRESUPUESTO GENERAL-EJERCICIO 1988-MODIFICACION.,www.saij.gob.ar/LPV0000257
Tierra del Fuego,Ley,355,"Individual, Solo Modificatoria o Sin Eficacia",1997-03-13,1997-03-13,LEY 355,n/d,"APRUEBA CONVENIO NRO. 2526 SOBRE RATIFICACION PRESTAMO SUBSIDIARIO-PROVINCIA DE TIERRA DEL FUEGO,ANTARTIDA E ISLAS DEL ATLANTICO SUR-MINISTERIO DEL INTERIOR DE LA NACION-APROBACION-CONVENIO-NRO. 2526-RATIFICACION PRESTAMO SUBSIDIARIO-DECRETO...",www.saij.gob.ar/LPV0000851
Tierra del Fuego,Ley,356,"Vigente, de alcance general",1988-06-16,1988-12-26,LEY N. 356,Instituto de servicios sociales del territorio.,SALUD-OBRA SOCIAL-INSTITUTO SERVICIOS SOCIALES DEL TERRITORIO (I.S.S.T.)-EMPLEADO PUBLICO,www.saij.gob.ar/LPV0000039
Tierra del Fuego,Ley,356,"Individual, Solo Modificatoria o Sin Eficacia",1997-03-13,1997-03-31,LEY 356,n/d,APRUEBA CONVENIO NRO. 2529 SOBRE FINANCIACION SEGUNDO PROGRAMA DE DESARROLLO MUNICIPAL.- PROVINCIA DE TIERRA DEL FUEGO ANTARTIDA E ISLAS DEL ATLANTICO SUR- SECRETARIA DE DESARROLLO SOCIAL DE LA PRESIDENCIA DE LA NACION-...,www.saij.gob.ar/LPV0000852
Tierra del Fuego,Ley,357,Derogada,1997-03-25,1997-04-09,LEY 357,Juegos de azar,INSTITUTO PROVINCIAL DE REGULACION DE APUESTAS-IPRA-JUEGOS DE AZAR- OBJETO-CONTRAVENCIONES-PENALIDADES-PROCEDIMIENTOS.,www.saij.gob.ar/LPV0000853
Tierra del Fuego,Ley,357,"Vigente, de alcance general",1988-06-02,1989-06-07,LEY N. 357,Ejido municipal de Rio Grande,URBANISMO-EJIDO MUNICIPAL-ZONA RURAL-RIO GRANDE-MODIFICACION LEY 72 (B.O. 17/9/73).,www.saij.gob.ar/LPV0000038
Tierra del Fuego,Ley,358,"Vigente, de alcance general",1997-04-17,1997-05-21,LEY 358,Creación de la cuenta especial 'fondo de recupero para el desarrollo de la Dirección Provincial de aeronáutica'.,PODER EJECUTIVO PROVINCIAL-DIRECCION PROVINCIAL DE AERONAUTICA- CUENTA ESPECIAL-FONDO DE RECUPERO.,www.saij.gob.ar/LPV0000854
Tierra del Fuego,Ley,358,"Individual, Solo Modificatoria o Sin Eficacia",1989-05-04,1989-06-16,Ley 358.,n/d,OTORGA PENSION GRACIABLE A MARIA ANTONIA GARCIA PEREZ VDA. DE CASTILLO.,www.saij.gob.ar/LPV0000511
Tierra del Fuego,Ley,359,"Vigente, de alcance general",1997-04-17,1997-05-21,LEY 359,Creación de la escribanía de minas.,MINERIA-CREACION DE ORGANISMOS-MISION Y FUNCIONES- ESCRIBANIA DE MINAS-CREACION DE ORGANISMOS-ESCRIBANO GENERAL DE GOBIERNO.,www.saij.gob.ar/LPV0000855
Tierra del Fuego,Ley,359,"Individual, Solo Modificatoria o Sin Eficacia",1989-06-22,1989-07-12,Ley 359.,n/d,OTORGA PENSION GRACIABLE A AUGUSTO AGUILERA BARRIA.,www.saij.gob.ar/LPV0000510
Tierra del Fuego,Ley,36,"Vigente, de alcance general",1972-11-15,1973-02-26,Ley 36,Ratificación de modificaciones al convenio multilateral entre provincias (impuesto a las actividades lucrativas).,IMPUESTO A LAS ACTIVIDADES LUCRATIVAS-DOBLE IMPOSICION-CONVENIO MULTILATERAL-ACTIVIDADES INTERJURISDICCIONALES-FISCO MUNICIPAL- DISTRIBUCION DEL IMPUESTO,www.saij.gob.ar/LPV0000178
Tierra del Fuego,Ley,36,"Vigente, de alcance general",1992-10-01,1992-01-01,LEY 036,Creación del consejo consultivo para la promoción y fomento de la innovación.,"CONSEJO CONSULTIVO PARA LA PROMOCION Y FOMENTO DE LA INNOVACION- MISION Y FUNCIONES-ESTRUCTURA ORGANICA-CREACION DE ORGANISMOS- SECRETARIA DE PLANEAMIENTO,CIENCIA Y TECNOLOGIA-AUTORIDAD DE APLICACION-INVESTIGACIONES CIENTIFICAS Y TECNICAS",www.saij.gob.ar/LPV0000201
Tierra del Fuego,Ley,360,"Vigente, de alcance general",1997-05-23,1997-05-26,LEY 360,Emisión de letras de tesorería.,PODER EJECUTIVO PROVINCIAL-TITULOS PUBLICOS- LETRAS DE TESORERIA-GARANTIA-COPARTICIPACION FEDERAL DE IMPUESTOS.,www.saij.gob.ar/LPV0000856
Tierra del Fuego,Ley,360,"Individual, Solo Modificatoria o Sin Eficacia",1989-06-22,1989-07-12,Ley 360.,n/d,OTORGA PENSION GRACIABLE A JULIO CESAR IGOR SOTO.,www.saij.gob.ar/LPV0000509
Tierra del Fuego,Ley,361,"Vigente, de alcance general",1997-05-08,1997-06-02,LEY 361,Remisión al poder legislativo de los tratados y convenios que celebre para su aprobación.,PODER EJECUTIVO PROVINCIAL-PODER LEGISLATIVO-CONVENIOS-TRATADOS INTERNACIONALES-APROBACION-PLAZO.,www.saij.gob.ar/LPV0000857
Tierra del Fuego,Ley,361,"Individual, Solo Modificatoria o Sin Eficacia",1989-06-22,1989-07-12,Ley 361.,n/d,OTORGA PENSION GRACIABLE A FRANCISCO RENIN.,www.saij.gob.ar/LPV0000508
Tierra del Fuego,Ley,362,"Individual, Solo Modificatoria o Sin Eficacia",1989-06-22,1989-07-12,Ley 362.,n/d,OTORGA PENSION GRACIABLE A MARIA LUIS LEIVA.,www.saij.gob.ar/LPV0000507
Tierra del Fuego,Ley,362,"Individual, Solo Modificatoria o Sin Eficacia",1997-05-08,1997-06-02,LEY 362,n/d,ESTABLECE FERIADO PROVINCIAL EL DIA 2 DE ABRIL.,www.saij.gob.ar/LPV0000858
Tierra del Fuego,Ley,363,Derogada,1997-05-08,1997-06-02,LEY 363,Creación de la comisión provincial de análisis y seguimiento de la situación de las islas del Atlántico Sur .,ESTADO PROVINCIAL-CREACION DE ORGANISMOS-COMISION DE  ANALISIS Y SEGUIMIENTO DE LA SITUACION DE LAS ISLAS  DEL ATLANTICO SUR-MISION Y FUNCIONES-INTEGRACION-  REGLAMENTACION DE LA LEY.,www.saij.gob.ar/LPV0000859
Tierra del Fuego,Ley,363,"Individual, Solo Modificatoria o Sin Eficacia",1989-06-07,1989-07-14,Ley 363.,n/d,AMBITO TEMPORAL CUMPLIDO-DECLARA AL TERRITORIO EN EMERGENCIA SOCIO ECONOMICA POR 60 DIAS.,www.saij.gob.ar/LPV0000256
Tierra del Fuego,Ley,364,"Vigente, de alcance general",1997-06-03,1997-06-30,LEY 364,"Autorización de ingreso a taxímetros a todos los puertos, aeropuertos y aeródromos provinciales.",PUERTO-AEROPUERTO-AERODROMO-PROVINCIAL-AUTORIZACION-TAXIS- TAXIMETROS-AUTOS DE ALQUILER-EXCEPCION-PAGO-DE ESTACIONAMIENTO- DERECHO-CANON-TASA DE INGRESO-DE EGRESO.,www.saij.gob.ar/LPV0000860
Tierra del Fuego,Ley,364,"Individual, Solo Modificatoria o Sin Eficacia",1989-06-29,1989-06-29,Ley 364.,n/d,OTORGA PENSION GRACIABLE A MARIA PALMEÑA VERA VERA.,www.saij.gob.ar/LPV0000506
Tierra del Fuego,Ley,365,"Vigente, de alcance general",1997-06-26,1997-07-04,LEY 365,Aprobación del acuerdo Nacion-Provincia registrado bajo el nro. 2556 y ratificado por decreto 2263/96.,PODER EJECUTIVO PROVINCIAL-CONVENIOS CON LA NACION- DECRETO PROVINCIAL-RATIFICACION LEGISLATIVA.,www.saij.gob.ar/LPV0000861
Tierra del Fuego,Ley,365,"Individual, Solo Modificatoria o Sin Eficacia",1989-07-06,1989-08-02,Ley 365.,n/d,"INCORPORA ARTICULO 63 BIS A LA LEY TERRITORIAL NRO. 244 SOBRE REGIMEN DE JUBILACIONES,PENSIONES Y RETIROS.- PREVISION SOCIAL-JUBILACIONES-PENSIONES-RETIROS-PENSION FUEGUINA DE ARRAIGO.",www.saij.gob.ar/LPV0000412
Tierra del Fuego,Ley,366,Derogada,1989-06-28,1989-08-02,LEY 366,Sistema de asistencia al celiaco,SALUD-CELIACOS:ASISTENCIA-FUNDACION DE AYUDA AL CELIACO FUEGUINO (FACELFU),www.saij.gob.ar/LPV0000037
Tierra del Fuego,Ley,366,Derogada,1997-06-19,1997-07-18,LEY 366.,"Papelería  oficial:  obligatoriedad  de  uso  al pie de página de  la leyenda 'las islas Malvinas, Georgias y Sandwich  del  sur,  son",ADMINISTRACION PUBLICA PROVINCIAL-USO OFICIAL-COMUNICACIONES OFICIALES-PAPELERIA-SOBRES PIE DE PAGINA.OBLIGATORIEDAD.,www.saij.gob.ar/LPV0000862
Tierra del Fuego,Ley,367,"Vigente, de alcance general",1997-06-19,1997-07-18,LEY 367,Creación del Consejo Provincial de la mujer.,MINISTERIO DE SALUD Y ACCION SOCIAL-CONSEJO PROVINCIAL DE LA MUJER- CREACION DE ORGANISMOS-MISION Y FUNCIONES-INTEGRACION-DIRECTORIO- PRESIDENTE-CUERPO ASESOR-PLANTA PERMANENTE-RECURSOS FINANCIEROS.,www.saij.gob.ar/LPV0000863
Tierra del Fuego,Ley,367,"Individual, Solo Modificatoria o Sin Eficacia",1989-07-06,1989-08-02,Ley 367.,n/d,OTORGA PENSION GRACIABLE A MOTIRAM DETERAM PUNJAVI.,www.saij.gob.ar/LPV0000505
Tierra del Fuego,Ley,368,"Vigente, de alcance general",1997-07-02,1997-07-23,LEY 368,Emisión de letras de tesorería en concepto de capitalización del instituto provincial de previsión social.,PODER EJECUTIVO PROVINCIAL-LETRAS DE TESORERIA-EMISION-I.P.P.S.- INSTITUTO PROVINCIAL DE PREVISION SOCIAL-CAPITALIZACION.,www.saij.gob.ar/LPV0000864
Tierra del Fuego,Ley,368,"Individual, Solo Modificatoria o Sin Eficacia",1989-07-06,1989-08-02,Ley 368.,n/d,OTORGA PENSION GRACIABLE A BLANCA BLANCO RODRIGUEZ.,www.saij.gob.ar/LPV0000504
Tierra del Fuego,Ley,369,Derogada,1988-10-20,1989-08-30,LEY N. 369,Plazo para remitir informes o actuaciones requeridos por resoluciones emanadas de la legislatura territorial.,"PODER EJECUTIVO-PODER LEGISLATIVO-FACULTADES COLEGISFERANTES- RESOLUCION DE CAMARA-REMISION DE INFORMES,ACTUACIONES-PLAZO- INCUMPLIMIENTO DEBERES DE FUNCIONARIO PUBLICO",www.saij.gob.ar/LPV0000036
Tierra del Fuego,Ley,369,Derogada,1997-07-02,1997-08-06,LEY 369,Creación de la Inspección General de Justicia.,PODER EJECUTIVO PROVINCIAL-MINISTERIO DE GOBIERNO TRABAJO Y JUSTICIA-SUBSECRETARIA DE GOBIERNO Y JUSTICIA-INSPECCION GENERAL DE JUSTICIA-CREACION DE ORGANISMOS-MISION Y FUNCIONES-COMPETENCIA- SOCIEDADES POR ACCIONES-ASOCIACIONES...,www.saij.gob.ar/LPV0000865
Tierra del Fuego,Ley,37,"Vigente, de alcance general",1992-10-01,1992-01-01,LEY 037,Adhesión a la ley 23843 de creación del consejo federal agropecuario.,CONSEJO FEDERAL AGROPECUARIO-DELEGACION DE FACULTADES-RECURSOS NATURALES,www.saij.gob.ar/LPV0000202
Tierra del Fuego,Ley,37,"Individual, Solo Modificatoria o Sin Eficacia",1972-11-22,1972-12-26,Ley 37.,n/d,OBJETO CUMPLIDO-PODER EJECUTIVO TERRITORIAL-ADMINISTRACION PUBLICA- GOBIERNO NACIONAL-MINISTERIO DE BIENESTAR SOCIAL-SUBSECREATARIA DE VIVIENDA-CONVENIO-RATIFICACION-PRESUPUESTO-RECURSOS-MODIFICACION- EJERCICIO 1972.,www.saij.gob.ar/LPV0000362
Tierra del Fuego,Ley,370,"Vigente, de alcance general",1988-10-20,1989-08-30,LEY N. 370,Comisión de estudio y apoyo al instituto de servicios sociales del territorio.,SALUD PUBLICA-OBRA SOCIAL-INSTITUTO DE SERVICIOS SOCIALES DEL TERRITORIO-COMISION DE ESTUDIO Y APOYO,www.saij.gob.ar/LPV0000035
Tierra del Fuego,Ley,370,"Vigente, de alcance general",1997-07-02,1997-08-13,LEY 370,Régimen del patrimonio cultural y paleontológico provincial,PATRIMONIO CULTURAL-YACIMIENTOS PALEONTOLOGICOS-CONSERVACION- RESTAURACION-SITIOS ARQUEOLOGICOS-LUGARES HISTORICOS- OBRAS ARTISTICAS-ARTESANOS-SUSPENSION DE OBRAS-LIMITE DEL DOMINIO-MINISTERIO DE EDUCACION Y CULTURA-DIRECCION DE CULTURA-AUTORIDAD DE...,www.saij.gob.ar/LPV0000866
Tierra del Fuego,Ley,371,"Individual, Solo Modificatoria o Sin Eficacia",1989-08-03,1989-08-16,Ley 371.,n/d,MODIFICATORIA DE LEY SIN EFICACIA-ADMINISTRACION PUBLICA TERRITORIAL-PRESUPUESTO GENERAL-EJERCICIO 1988-MODIFICACION.,www.saij.gob.ar/LPV0000255
Tierra del Fuego,Ley,371,"Individual, Solo Modificatoria o Sin Eficacia",1997-07-31,1997-09-03,LEY 371,n/d,AEROPUERTO-ACCESO-DENOMINACION-DIPUTADO NACIONAL (MC) DR. ROQUE SANCHEZ GALDEANO.,www.saij.gob.ar/LPV0000867
Tierra del Fuego,Ley,372,Derogada,1989-08-17,1989-09-06,LEY N. 372,Censo poblacional rural,ESTADISTICAS-CENSOS-CENSO:POBLACIONAL-RURAL,www.saij.gob.ar/LPV0000034
Tierra del Fuego,Ley,372,"Individual, Solo Modificatoria o Sin Eficacia",1997-08-21,1997-09-15,LEY 372,n/d,MODIFICA LA LEY DEL INSTITUTO DE SERVICIOS SOCIALES-INSTITUTO DE SERVICIOS SOCIALES DE LA PROVINCIA-COBRO JUDICIAL DE APORTES- JUICIO EJECUTIVO.,www.saij.gob.ar/LPV0000868
Tierra del Fuego,Ley,373,"Individual, Solo Modificatoria o Sin Eficacia",1989-08-17,1989-09-06,Ley 373.,n/d,OTORGA PENSION GRACIABLE ALADINO CARVAJAL ORTIZ.,www.saij.gob.ar/LPV0000503
Tierra del Fuego,Ley,373,"Individual, Solo Modificatoria o Sin Eficacia",1997-09-04,1997-09-17,LEY 373,n/d,PODER EJECUTIVO PROVINCIAL-AUTORIZACION-DIRECCION PROVINCIAL DE ENERGIA-ARMADA-INMUEBLE-TRANSMISION DEL DOMINIO.,www.saij.gob.ar/LPV0000869
Tierra del Fuego,Ley,374,"Vigente, de alcance general",1997-09-04,1997-09-17,LEY 374,Adhesión  a  la  ley  24.784  sobre  año  del  cincuentenario de la consagración de los derechos políticos de la mujer.,DERECHOS POLITICOS-CONSAGRACION-MUJER-ADHESION PROVINCIAL- LEY NACIONAL.,www.saij.gob.ar/LPV0000870
Tierra del Fuego,Ley,374,"Individual, Solo Modificatoria o Sin Eficacia",1989-08-17,1989-09-06,Ley 374.,n/d,OTORGA PENSION GRACIABLE A CLAUDIO MARCELO DIAZ.,www.saij.gob.ar/LPV0000502
Tierra del Fuego,Ley,375,"Vigente, de alcance general",1997-09-04,1997-09-17,LEY 375,Adhesión  a  la  ley  24.785  sobre  el día Nacional de los Derechos Políticos de la Mujer.,DERECHOS POLITICOS-DIA NACIONAL-MUJER-ADHESION PROVINCIAL- LEY NACIONAL.,www.saij.gob.ar/LPV0000871
Tierra del Fuego,Ley,375,"Individual, Solo Modificatoria o Sin Eficacia",1989-08-31,1989-09-11,Ley 375.,n/d,AMBITO TEMPORAL CUMPLIDO-EMERGENCIA SOCIO ECONOMICA-BONO SOLIDARIO FUEGUINO-CREACION,www.saij.gob.ar/LPV0000254
Tierra del Fuego,Ley,376,"Vigente, de alcance general",1989-09-10,1989-09-13,LEY N. 376,"Subsidio a autoridades, secretarios, preceptores, etc. de establecimientos educativos de nivel terciario y secundario dependientes de nación",EDUCACION-ESTABLECIMIENTOS EDUCATIVOS NACIONALES-NIVEL SECUNDARIO- NIVEL TERCIARIO-AUTORIDADES-SECRETARIOS-PRECEPTORES-PERSONAL ADMINISTRATIVO-PERSONAL DE MAESTRANZA-SUBSIDIO-RECIBO DE SUELDO,www.saij.gob.ar/LPV0000033
Tierra del Fuego,Ley,376,"Vigente, de alcance general",1997-09-04,1997-09-17,LEY 376,Ley provincial de tránsito y seguridad vial.,TRANSITO-SEGURIDAD VIAL-AUTORIDAD COMPETENTE-INTERPRETACION- PUBLICIDAD EN LA VIA PUBLICA-CONDICIONES DE SEGURIDAD-PEATONES- DISCAPACITADOS-ADHESION PROVINCIAL-LEY NACIONAL.,www.saij.gob.ar/LPV0000872
Tierra del Fuego,Ley,377,"Vigente, de alcance general",1989-08-24,1989-09-22,LEY N. 377,Asignación de pensiones graciables otorgadas por legislatura territorial,LEGISLATURA TERRITORIAL-PENSIONES GRACIABLES-DESCENDIENTES DE ABORIGENES-HOMBRES PUBLICOS-ASIGNACION MAXIMA-ASIGNACION MINIMA,www.saij.gob.ar/LPV0000032
Tierra del Fuego,Ley,377,"Vigente, de alcance general",1997-09-04,1997-10-13,LEY 377,Plan provincial de lucha y erradicación de la triquinosis en la especie porcina.,GANADERIA-ESPECIE PORCINA-ENFERMEDADES-TRIQUINOSIS-PLAN DE LUCHA- ERRADICACION-REGISTRO PROVINCIAL DE ESTABLECIMIENTOS-PROHIBICIONES- AUTORIDAD SANITARIA PROVINCIAL-SANCIONES.,www.saij.gob.ar/LPV0000873
Tierra del Fuego,Ley,378,"Vigente, de alcance general",1989-08-16,1989-09-25,LEY N. 378,Caja compensadora de policía territorial.,PREVISION SOCIAL-JUBILACIONES Y PENSIONES-POLICIA PROVINCIAL- CAJA COMPENSADORA.,www.saij.gob.ar/LPV0000031
Tierra del Fuego,Ley,378,"Vigente, de alcance general",1997-10-16,1997-11-12,LEY 378,Contrato de préstamo subsidiario destinado a la financiación del 'programa de mejoramiento de barrios'.,PODER EJECUTIVO PROVINCIAL-CONVENIOS CON LA NACION-PRESTAMO SUBSIDIARIO-FINANCIACION-COPARTICIPACION FEDERAL-PROGRAMA DE MEJORAMIENTO DE BARRIOS.,www.saij.gob.ar/LPV0000874
Tierra del Fuego,Ley,379,"Individual, Solo Modificatoria o Sin Eficacia",1989-08-24,1989-09-22,Ley 379.,n/d,OTORGA PENSION GRACIABLE A RAUL GOMEZ.,www.saij.gob.ar/LPV0000501
Tierra del Fuego,Ley,379,"Individual, Solo Modificatoria o Sin Eficacia",1997-10-16,1997-11-12,LEY 379,n/d,MODIFICATORIA DE  LEY P.376 SOBRE LEY PROVINCIAL DE TRANSITO Y SEGURIDAD VIAL-ADHESION LEY NACIONAL 24.449.- TRANSITO-SEGURIDAD VIAL-AUTORIDAD COMPETENTE-INTERPRETACION- PUBLICIDAD EN LA VIA PUBLICA-CONDICIONES DE SEGURIDAD-PEATONES-...,www.saij.gob.ar/LPV0000875
Tierra del Fuego,Ley,38,Derogada,1992-10-01,1992-10-01,LEY 038,Declaración  de  la  provincia  como  zona libre de la fiebre aftosa,SANIDAD ANIMAL-FIEBRE AFTOSA-EXPLOTACIONES AGROPECUARIAS,www.saij.gob.ar/LPV0000203
Tierra del Fuego,Ley,38,"Individual, Solo Modificatoria o Sin Eficacia",1972-11-22,1973-01-02,Ley 38.,n/d,MODIFICATORIA DE LEY SIN EFICACIA-ADMINISTRACION PUBLICA TERRITORIAL MODIFICACION PRESUPUESTO GENERAL EJERCICIO 1972. PODER EJECUTIVO-ADMINISTRACION PUBLICA-PRESUPUESTO-RECURSOS-MODIFICACION- EJERCICIO 1972.,www.saij.gob.ar/LPV0000361
Tierra del Fuego,Ley,380,"Vigente, de alcance general",1989-09-07,1989-09-25,LEY N. 380,Homologación convenio entre poder Ejecutivo y secretaria de recursos hídricos,CONVENIO-HOMOLOGACION-PODER EJECUTIVO TERRITORIAL-SECRETARIA RECURSOS HIDRICOS-AGUA POTABLE,www.saij.gob.ar/LPV0000030
Tierra del Fuego,Ley,380,"Vigente, de alcance general",1997-10-16,1997-11-12,LEY 380,Creación del relevamiento socioeconómico de la provincia para los asentamientos rurales y/o comunidades de asentamiento precario.,BIENESTAR SOCIAL-ESTADISTICAS Y CENSOS-RELEVAMIENTO SOCIOECONOMICO-ASENTAMIENTOS RURALES-VIVIENDA PRECARIA.,www.saij.gob.ar/LPV0000876
Tierra del Fuego,Ley,381,Derogada,1997-11-13,1997-11-26,LEY 381,Salud pública. Creación  de  los  consejos  de administración.,SALUD PUBLICA-ASISTENCIA SANITARIA-ESTABLECIMIENTOS ASISTENCIALES-HOSPITAL PUBLICO-GESTION HOSPITALARIA-CREACION DE ORGANISMOS-CONSEJO DE ADMINISTRACION HOSPITALARIA.,www.saij.gob.ar/LPV0000877
Tierra del Fuego,Ley,381,"Individual, Solo Modificatoria o Sin Eficacia",1989-09-07,1989-09-25,Ley 381.,n/d,MODIFICA LEY TERRITORIAL NRO. 175 SOBRE IMPUESTO DE SELLOS.- IMPUESTO-GRAVAMEN-TRIBUTO-IMPUESTO DE SELLO-DIRECCION GENERAL DE RENTAS-VALUACION FISCAL-ACTOS IMPONIBLES-CONTRATOS-OPERACIONES- BOLETOS-ESTRUCTURAS-PERMUTAS-HIPOTECAS-INSTRUMENTO PUBLICO-...,www.saij.gob.ar/LPV0000411
Tierra del Fuego,Ley,382,"Vigente, de alcance general",1997-11-27,1997-12-18,Ley 382,Presupuesto general de erogaciones y cálculo de recursos de la administración pública para el ejercicio 1997.,PODER EJECUTIVO PROVINCIAL-ADMINISTRACION PUBLICA PROVINCIAL- ORGANISMOS DESCENTRALIZADOS-PRESUPUESTO GENERAL-EROGACIONES- CALCULO DE RECURSOS-CUENTAS GENERALES.,www.saij.gob.ar/LPV0000878
Tierra del Fuego,Ley,382,"Individual, Solo Modificatoria o Sin Eficacia",1989-09-07,1989-09-25,Ley 382,n/d,OTORGA PENSION GRACIABLE A JOSE RAMON RODRIGUEZ.,www.saij.gob.ar/LPV0000500
Tierra del Fuego,Ley,383,"Individual, Solo Modificatoria o Sin Eficacia",1989-09-07,1989-09-25,Ley 383,n/d,OTORGA PENSION GRACIABLE A ANGEL SILVANO GORZA.,www.saij.gob.ar/LPV0000499
Tierra del Fuego,Ley,383,"Individual, Solo Modificatoria o Sin Eficacia",1997-11-27,1997-12-23,Ley 383,Tribunal de cuentas: modificación.,MODIFICANDO LA LEY P.50 SOBRE TRIBUNAL DE CUENTAS.ADMINISTRACION PUBLICA-FONDOS PUBLICOS-TRIBUNAL DE CUENTAS-FUNCIONES-ATRIBUCIONES-MIEMBROS DEL TRIBUNAL-PRESIDENCIA-ESTRUCTURA-ACUERDOS PLENARIOS- CONTROL-RENDICION DE CUENTAS-FUNCIONARIO PUBLICO-...,www.saij.gob.ar/LPV0000879
Tierra del Fuego,Ley,384,"Vigente, de alcance general",1989-09-07,1989-09-25,LEY N. 384,Implementación de programas de educación sexual,EDUCACION SEXUAL-DIFUSION-PROGRAMAS-PODER EJECUTIVO- DOCENTES,www.saij.gob.ar/LPV0000029
Tierra del Fuego,Ley,384,"Vigente, de alcance general",1997-11-27,1997-12-23,Ley 384,Creación de la reserva cultural-natural 'playa larga'.,ECOLOGIA-RESERVAS NATURALES-CULTURALES-PLAYA LARGA-ZONAS DE USO RESTRINGIDO-ZONAS DE USO CONTROLADO-SECRETARIA DE DESARROLLO Y PLANEAMIENTO-DIRECCION DE MUSEOS MONUMENTOS Y SITIOS HISTORICOS.,www.saij.gob.ar/LPV0000880
Tierra del Fuego,Ley,385,Derogada,1989-09-07,1989-09-25,*LEY N. 385,Declara de interés territorial la prevención y lucha contra el síndrome de inmune deficiencia adquirida (S.I.D.A.),SALUD PUBLICA-SINDROME DE INMUNO DEFICIENCIA ADQUIRIDA (S.I.D.A.)- SUBSECRETARIA SALUD PUBLICA-CONTROL MEDICO OBLIGATORIO-EDUCACION SANITARIA-ENFERMEDADES DE NOTIFICACION OBLIGATORIA-MULTAS-GRUPOS DE RIESGO-,www.saij.gob.ar/LPV0000028
Tierra del Fuego,Ley,385,"Individual, Solo Modificatoria o Sin Eficacia",1997-11-27,1997-12-23,Ley 385,Despido  o  suspensión de trabajadores. Facultad del poder Ejecutivo Provincial. Derogación.,DEROGANDO LA LEY P.207 SOBRE FACULTADES DEL PODER EJECUTIVO PROVINCIAL ANTE EL DESPIDO O SUSPENSION DE TRABAJADORES.PODER EJECUTIVO PROVINCIAL-TRABAJO-LEY 19.640-EMPRESAS-TRABAJADORES- DESPIDOS-SUSPENSIONES-FACULTADES.,www.saij.gob.ar/LPV0000881
Tierra del Fuego,Ley,386,Derogada,1997-11-27,1997-12-30,Ley 386,Creación del circulo de legisladores de Tierra del Fuego,NOTA DE REDACCIÓN: Derogada por Art. 14 Ley Provincial Nº 1256 (B.O.P.: 26/12/18).PODER LEGISLATIVO PROVINCIAL-CIRCULO DE LEGISLADORES-  EX-LEGISLADORES-COMISION DIRECTIVA-DEBERES Y ATRIBUCIONES-  PATRIMONIO.,www.saij.gob.ar/LPV0000882
Tierra del Fuego,Ley,386,"Vigente, de alcance general",1989-09-14,1989-09-25,LEY N. 386,"Prohibición de depositar o procesar sustancias que atenten contra el medio ambiente, flora, fauna y salud de las personas",MEDIO AMBIENTE-FAUNA-FLORA-SALUD-PROTECCION-SUSTANCIAS TOXICAS,www.saij.gob.ar/LPV0000027
Tierra del Fuego,Ley,387,"Vigente, de alcance general",1997-11-27,1998-01-06,LEY 387,Creación del seguro provincial de salud (S.P.S.),SALUD PUBLICA-SEGURO PROVINCIAL DE SALUD-SPS-MINISTERIO DE SALUD Y ACCION SOCIAL-ASISTENCIA SANITARIA.,www.saij.gob.ar/LPV0000883
Tierra del Fuego,Ley,387,"Individual, Solo Modificatoria o Sin Eficacia",1989-09-14,1989-09-25,Ley 387,n/d,OTORGA PENSION GRACIABLE A TAMURAN MARIA LUZMEÑA.,www.saij.gob.ar/LPV0000498
Tierra del Fuego,Ley,388,"Vigente, de alcance general",1997-11-27,1998-01-06,Ley 388,Creación  de  la unidad renal en el hospital regional de Río Grande.,SALUD PUBLICA-ESTABLECIMIENTOS ASISTENCIALES-HOSPITAL REGIONAL DE RIO GRANDE-UNIDAD RENAL-MINISTERIO DE SALUD Y ACCION SOCIAL.,www.saij.gob.ar/LPV0000884
Tierra del Fuego,Ley,388,"Individual, Solo Modificatoria o Sin Eficacia",1989-09-14,1989-09-25,Ley 388,n/d,OTORGA PENSION GRACIABLE A JUAN MANUEL GOYCOCHEA.,www.saij.gob.ar/LPV0000497
Tierra del Fuego,Ley,389,Derogada,1989-08-24,1989-10-06,*LEY N. 389,Ley de deportes,"DEPORTES:PROMOCION-FOMENTO-DEPORTE ESCOLAR,POPULAR,RECREATIVO, REGIONAL,LABORAL-DISCAPACITADOS,AFICIONADOS-PROFESIONALES-MISION DEL ESTADO-PODER EJECUTIVO-MINISTERIO DE GOBIERNO-SUBSECRETARIA DE DEPORTE-CONSEJO DEPORTIVO TERRITORIAL-CONSEJO...",www.saij.gob.ar/LPV0000026
Tierra del Fuego,Ley,389,"Vigente, de alcance general",1997-11-27,1998-01-06,LEY 389,R'gimen Unico de Pensiones Especiales (R.U.P.E.).,PREVISION SOCIAL-PENSIONES ESPECIALES-REGIMEN UNICO-RUPE-AUTORIDADDE APLICACION-MINISTERIO DE SALUD Y ACCION SOCIAL-ASISTENCIA MEDICA-REGIMEN FINANCIERO-FALLECIMIENTO DEL TITULAR.DEROGA LEY T. 303 DEROGA LEY P. 256,www.saij.gob.ar/LPV0000885
Tierra del Fuego,Ley,39,Derogada,1992-10-01,1992-10-14,LEY 039,Procedimiento judicial de protección a las víctimas de violencia familiar.,VIOLENCIA FAMILIAR-MALOS TRATOS-LESIONES-DENUNCIA-MENORES-INCAPACES MUJERES-DEFENSORIA OFICIAL-PROCEDIMIENTO JUDICIAL-PROCESO SUMARISIMO-SANCIONES-EXCLUSION DEL HOGAR CONYUGAL-GUARDA JUDICIAL- ALIMENTOS-TENENCIA DE HIJOS MENORES-REGIMEN DE...,www.saij.gob.ar/LPV0000204
Tierra del Fuego,Ley,39,"Individual, Solo Modificatoria o Sin Eficacia",1972-11-22,1973-01-02,Ley 39.,n/d,MODIFICATORIA DE LEY SIN EFICACIA-PODER EJECUTIVO TERRITORIAL- ADMINISTRACION PUBLICA-PRESUPUESTO-RECURSOS-MODIFICACION-EJERCICIO 1972.,www.saij.gob.ar/LPV0000360
Tierra del Fuego,Ley,390,Derogada,1988-09-15,1989-10-11,*LEY N. 390,Creación del instituto fueguino de turismo.,ADMINISTRACION PUBLICA-TURISMO-INSTITUTO FUEGUINO DE TURISMO- INFUETUR-ENTE AUTARQUICO-TURISMO SOCIAL,www.saij.gob.ar/LPV0000025
Tierra del Fuego,Ley,390,"Vigente, de alcance general",1997-11-27,1998-01-06,Ley 390,Obligatoriedad de publicación del procedimiento de denuncia de maltrato en dependencias públicas y sitios privados,ACCION SOCIAL-VIOLENCIA FAMILIAR-MUJER GOLPEADA-MALTRATO-FISICO- PSIQUICO-VICTIMA-DENUNCIA-OBLIGATORIEDAD DE PUBLICACION- ORGANISMOS PUBLICOS-SITIOS PRIVADOS.,www.saij.gob.ar/LPV0000886
Tierra del Fuego,Ley,391,"Individual, Solo Modificatoria o Sin Eficacia",1989-09-07,1989-10-13,Ley 391.,n/d,DEROGA LEY TERRITORIAL NRO. 309 SOBRE MODIFICACION LEY IMPOSITIVA NRO. 298 IMPUESTO A LOS INGRESOS BRUTOS.- IMPUESTO-GRAVAMEN-TRIBUTO-IMPUESTO A LOS INGRESOS BRUTOS-EXENCIONES MODIFICACIONES-ACTIVIDADES-PRODUCCION PRIMARIA-AGRICULTURA-CAZA-...,www.saij.gob.ar/LPV0000410
Tierra del Fuego,Ley,391,"Individual, Solo Modificatoria o Sin Eficacia",1997-11-27,1998-01-06,Ley 391,Modificación de la ley orgánica de la policía provincial,MODIFICANDO LA LEY P.263 SOBRE LEY ORGANICA DE LA POLICIA PROVINCIAL.SEGURIDAD-POLICIA PROVINCIAL-JURISDICCION-COMPETENCIA-DEPENDENCIA-FUNCIONES- ATRIBUCIONES-ORGANIZACION-DESIGNACIONES-DIRECCIONES GENERALES-MISIONES-ESTADO MAYOR.,www.saij.gob.ar/LPV0000887
Tierra del Fuego,Ley,392,"Vigente, de alcance general",1988-06-09,1989-10-13,LEY N. 392,Creación de la dirección territorial del servicio de empleo.,ADMINISTRACION PUBLICA-DIRECCION TERRITORIAL DEL SERVICIO DE EMPLEO -TRABAJO,www.saij.gob.ar/LPV0000024
Tierra del Fuego,Ley,392,"Vigente, de alcance general",1997-09-04,1998-01-06,Ley 392,Ley  de  transformación  del  estado  provincial: obligatoriedad  de abonar  diferencias  salariales  a  agentes acogidos al  régimen  de retiro voluntario.,PODER EJECUTIVO PROVINCIAL-ADMINISTRACION PUBLICA-AGENTES- RETIRO VOLUNTARIO-REMUNERACIONES.,www.saij.gob.ar/LPV0000888
Tierra del Fuego,Ley,393,"Vigente, de alcance general",1989-09-14,1989-10-18,LEY N. 393,"Régimen previsional solidario y obligatorio de vida, incapacidad total y permanente y sepelio para el personal del territorio de Tierra del Fuego",PREVISION SOCIAL-CONTINGENCIAS SOCIALES-MUERTE-INCAPACIDAD TOTAL Y PERMANENTE-INCAPACIDAD PARCIAL-SERVICIOS FUNEBRES-INDEMNIZACION- INSTITUTO AUTARQUICO FUEGUINO DE SEGUROS (I.A.F.U.S.)-EMPLEADO PUBLICO,www.saij.gob.ar/LPV0000023
Tierra del Fuego,Ley,393,"Vigente, de alcance general",1997-12-11,1997-12-30,Ley 393,Creación del registro provincial de sociedades cooperativas,COOPERATIVAS-REGISTRO PROVINCIAL DE SOCIEDADES- MISION Y FUNCIONES-BENEFICIOS TRIBUTARIOS-INSPECCION GENERAL DE JUSTICIA.,www.saij.gob.ar/LPV0000889
Tierra del Fuego,Ley,394,Derogada,1997-12-18,1998-01-13,*LEY 394,Modificación  del sistema de gestión y administración financiera del sector público.,NORMA DEROGADA POR ART. 133 LEY 495 (B.O.P. 10-11-2000)- MODIFICANDO LA LEY P 338 SOBRE CREACION DE LOS SISTEMAS DE GESTION Y ADMINISTRACION FINANCIERA DEL SECTOR PUBLICO PROVINCIAL. SECTOR PUBLICO PROVINCIAL-PODER EJECUTIVO PROVINCIAL-...,www.saij.gob.ar/LPV0000890
Tierra del Fuego,Ley,394,"Individual, Solo Modificatoria o Sin Eficacia",1989-09-14,1989-10-18,Ley 394.,n/d,MODIFICA LEY TERRITORIAL NRO. 352 SOBRE AMBIENTES Y RECURSOS NATURALES.- RECURSOS NATURALES-MEDIO AMBIENTE-FLORA-FAUNA-AMBIENTES NATURALES- VIDA SILVESTRE-PARQUES NACIONALES-PARQUES NATURALES-MONUMENTOS NATURALES-RUTAS ESCENICAS-REFUGIOS TURISTICOS...,www.saij.gob.ar/LPV0000409
Tierra del Fuego,Ley,395,"Vigente, de alcance general",1997-12-18,1998-01-13,Ley 395,Adhesión  de la provincia a la ley 24855 de fondo fiduciario federal de infraestructura regional,PODER EJECUTIVO PROVINCIAL-FONDO FIDUCIARIO FEDERAL DE INFRAESTRUCTURA REGIONAL-ADHESION PROVINCIAL-LEY NACIONAL.,www.saij.gob.ar/LPV0000891
Tierra del Fuego,Ley,395,"Individual, Solo Modificatoria o Sin Eficacia",1989-09-14,1989-10-18,Ley 395.,n/d,AMBITO TEMPORAL CUMPLIDO-SUBSECRETARIA DE ACCION SOCIAL-CONSEJO DE EMERGENCIA-BONO SOLIDARIO FUEGUINO-GAS ENVASADO-SUBSIDIO.,www.saij.gob.ar/LPV0000253
Tierra del Fuego,Ley,396,"Vigente, de alcance general",1997-12-11,1998-01-13,Ley 396,Creación de los espacios públicos provinciales,DERECHO AMBIENTAL-ECOLOGIA-TIERRAS FISCALES RURALES- ESPACIOS PUBLICOS PROVINCIALES-AREAS NATURALES PROTEGIDAS.,www.saij.gob.ar/LPV0000892
Tierra del Fuego,Ley,396,"Individual, Solo Modificatoria o Sin Eficacia",1989-09-14,1989-10-20,Ley 396,n/d,MODIFICA ARTICULO 3 DE LA LEY TERRITORIAL NRO. 314 SOBRE CREACION DEL INSTITUTO AUTARQUICO FUEGUINO DEL SEGURO (IAFUS).- SEGURO-INSTITUTO AUTARQUICO FUEGUINO DEL SEGURO-CREACION DE ORGANISMOS-MISION Y FUNCIONES-CAPITAL-FONDO DE GARANTIAS-DIRECTORIO...,www.saij.gob.ar/LPV0000408
Tierra del Fuego,Ley,397,Derogada,1989-09-28,1989-11-08,Ley 397,n/d,NORMA DEROGADA POR LEY PROVINCIAL N° 48 (B.O. 21-12-92)- MODIFICATORIA DE LEY TERRITORIAL NRO. 296 SOBRE REGIMEN DE PROMOCION INTEGRAL PARA PERSONAS DISCAPACITADAS- SUBSECRETARIA DE ACCION SOCIAL-DISCAPACITADOS-CENTROS DE...,www.saij.gob.ar/LPV0000407
Tierra del Fuego,Ley,397,"Vigente, de alcance general",1998-04-15,1998-04-22,Ley 397,Autorización  a  ampliar  contrato  referente  a la obra 'nuevo puerto en caleta la misión-Rio Grande'.,PODER EJECUTIVO PROVINCIAL-OBRAS PUBLICAS-NUEVO PUERTO CALETA LA MISION RIO GRANDE-LICITACION PUBLICA-CONTRATO-AMPLIACION- CREDITO BANCARIO.,www.saij.gob.ar/LPV0000893
Tierra del Fuego,Ley,398,"Vigente, de alcance general",1989-09-28,1989-11-08,LEY N. 398,Obligatoriedad de determinados requisitos en los pliegos licitatorios,ADMINISTRACION PUBLICA-OBRA PUBLICA-LICITACION-PLIEGO LICITARIO:REQUISITOS-PROTECCION PERSONAL DEL TRABAJADOR-EQUIPOS-ELEMENTOS- ROPA DE TRABAJO-HIGIENE-SEGURIDAD,www.saij.gob.ar/LPV0000022
Tierra del Fuego,Ley,398,"Vigente, de alcance general",1998-03-26,1998-05-04,Ley 398,P.E.P.: prohibición de suscribir acuerdo o transferencia en relación con el sistema previsional provincial sin ley que así lo instituya.,PODER EJECUTIVO PROVINCIAL-REGIMEN PREVISIONAL-IPPS-PROHIBICION- ACUERDO-TRANSFERENCIA DE ORGANISMOS-LEGISLATURA PROVINCIAL.,www.saij.gob.ar/LPV0000894
Tierra del Fuego,Ley,399,"Vigente, de alcance general",1989-09-28,1989-11-08,LEY N. 399,"Fondo compensador de jubilaciones, pensiones y retiros.",JUBILACION-PENSION-RETIRO-FONDO COMPENSADOR-DEVOLUCION DE APORTES- PREVISION SOCIAL,www.saij.gob.ar/LPV0000021
Tierra del Fuego,Ley,399,"Vigente, de alcance general",1998-04-23,1998-06-17,Ley 399,Creación del Consejo Provincial de atención a emergencias agroganaderas.,RECURSOS NATURALES-RECURSOS AGROPECUARIOS-EMERGENCIA AGROPECUARIA-CREACION DE ORGANISMOS-CONSEJO PROVINCIAL DE ATENCION A EMERGENCIAS AGROGANADERAS-MISION Y FUNCIONES.,www.saij.gob.ar/LPV0000895
Tierra del Fuego,Ley,4,"Vigente, de alcance general",1992-03-12,1992-04-01,Ley 4,Sistema de prevención y lucha contra el cólera,SALUD PUBLICA-EPIDEMIAS-COLERA-CONTROL SANITARIO-PRODUCTOS ALIMENTICIOS-AGUA POTABLE-EDUCACION SANITARIA-INFRACCIONES- SANCIONES,www.saij.gob.ar/LPV0000126
Tierra del Fuego,Ley,4,"Individual, Solo Modificatoria o Sin Eficacia",1971-10-13,1971-10-13,Ley 4.,n/d,OBJETO CUMPLIDO-ADMINISTRACION PUBLICA TERRITORIAL-PLAN DE GASTOS- EJERCICIO 1971.,www.saij.gob.ar/LPV0000376
Tierra del Fuego,Ley,40,"Vigente, de alcance general",1992-10-29,1992-11-09,LEY 40,Adhesión de la provincia a la ley 24059 sobre seguridad interior.,PODER EJECUTIVO PROVINCIAL-SEGURIDAD INTERIOR-LEY 24.059-ADHESION.,www.saij.gob.ar/LPV0000205
Tierra del Fuego,Ley,40,"Individual, Solo Modificatoria o Sin Eficacia",1972-11-22,1973-02-26,Ley 40.,n/d,MODIFICATORIA DE LEY SIN EFICACIA-PODER EJECUTIVO TERRITORIAL- ADMINISTRACION PUBLICA-PRESUPUESTO-RECURSOS-MODIFICACION-EJERCICIO 1972.,www.saij.gob.ar/LPV0000359
Tierra del Fuego,Ley,400,"Individual, Solo Modificatoria o Sin Eficacia",1989-10-26,1989-11-08,Ley 400,n/d,OTORGA PENSION GRACIABLE A EUGENIO GOMEZ.,www.saij.gob.ar/LPV0000496
Tierra del Fuego,Ley,400,"Individual, Solo Modificatoria o Sin Eficacia",1998-06-11,1998-06-22,Ley 400,Modificación  del  presupuesto  general  de erogaciones y cálculo  de recursos de la administración pública ejercicio 1997.,MODIFICANDO LA LEY P. 382 SOBRE PRESUPUESTO GENERAL Y CALCULO DE RECURSOS EJERCICIO 1997. PODER EJECUTIVO PROVINCIAL-ADMINISTRACION PUBLICA CENTRAL-ORGANISMOS DESCENTRALIZADOS-PRESUPUESTO GENERAL-EROGACIONES-CALCULO DE RECURSOS-EJERCICIO 1997.,www.saij.gob.ar/LPV0000896
Tierra del Fuego,Ley,401,"Individual, Solo Modificatoria o Sin Eficacia",1989-10-26,1989-11-08,Ley 401,n/d,OTORGA PENSION GRACIABLE A CARCAMO EMILIO VILLEGAS.,www.saij.gob.ar/LPV0000495
Tierra del Fuego,Ley,401,"Individual, Solo Modificatoria o Sin Eficacia",1998-05-21,1998-06-24,Ley 401,Modificación  del  Régimen  Unico de Pensiones Especiales (R.U.P.E  .),MODIFICANDO LA LEY P. 389 SOBRE REGIMEN UNICO DE PENSIONES ESPECIALES. PREVISION SOCIAL-PENSIONES ESPECIALES-REGIMEN UNICO-RUPE-AUTORIDAD DE APLICACION-MINISTERIO DE SALUD Y ACCION SOCIAL-ASISTENCIA MEDICA-REGIMEN FINANCIERO-FALLECIMIENTO DEL...,www.saij.gob.ar/LPV0000897
Tierra del Fuego,Ley,402,"Vigente, de alcance general",1998-06-11,1998-06-29,Ley 402,P.E.P.: aprobación  convenio con el Poder Judicial provincial sobre cesión de inmueble.,PODER EJECUTIVO PROVINCIAL-PODER JUDICIAL PROVINCIAL-CONVENIO- APROBACION POR LEY-CESION GRATUITA-COSAS INMUEBLES.,www.saij.gob.ar/LPV0000898
Tierra del Fuego,Ley,402,"Individual, Solo Modificatoria o Sin Eficacia",1989-10-26,1989-11-08,Ley 402,n/d,OTORGA PENSION GRACIABLE A MIGUEL JOSE GOMEZ.,www.saij.gob.ar/LPV0000494
Tierra del Fuego,Ley,403,Derogada,1998-06-11,1998-07-15,LEY 403,"Cartografía  provincial: obligatoriedad  de  inclusión de las islas Malvinas, Georgias, Sandwich del sur y sector antártico  argentino",Nota de Redacción: Derogada por Art. 8º Ley 1239 (B.O.P.: 12/09/2018).TURISMO-PROMOCION TURISTICA-CARTOGRAFIA PROVINCIAL-LIBROS- ISLAS MALVINAS-GEORGIAS-SANDWICH DEL SUR-SECTOR ANTARTICO ARGENTINO.,www.saij.gob.ar/LPV0000899
Tierra del Fuego,Ley,403,"Individual, Solo Modificatoria o Sin Eficacia",1989-10-26,1989-11-08,Ley 403,n/d,OTORGA PENSION GRACIABLE A PASCUAL DEL JESUS ASTUDILLO CID .,www.saij.gob.ar/LPV0000493
Tierra del Fuego,Ley,404,"Individual, Solo Modificatoria o Sin Eficacia",1989-10-26,1989-11-08,Ley 404,n/d,OTORGA PENSION GRACIABLE A JOSE NORBERTO GOY.,www.saij.gob.ar/LPV0000492
Tierra del Fuego,Ley,404,"Individual, Solo Modificatoria o Sin Eficacia",1998-07-02,1998-07-20,Ley 404,Banco Provincia de Tierra del Fuego: Modificación de estatuto.,MODIFICATORIA DE ESTATUTO DEL BANCO PROVINCIA DE TIERRA DEL FUEGO-ENTIDAD AUTARQUICA.,www.saij.gob.ar/LPV0000900
Tierra del Fuego,Ley,405,"Vigente, de alcance general",1998-04-23,1998-07-27,LEY 405,P.E.P.:  adjudicación de tierras a las comunidades del pueblo Ona de la provincia.,COMUNIDADES INDIGENAS-PUEBLO ONA-RESERVACION ABORIGEN-INSTITUTO NACIONAL DE ASUNTOS INDIGENAS-INAI-TIERRAS-ADJUDICACION.,www.saij.gob.ar/LPV0000901
Tierra del Fuego,Ley,405,"Individual, Solo Modificatoria o Sin Eficacia",1989-10-26,1989-11-08,Ley 405,n/d,OTORGA PENSION GRACIABLE A JUANA NEGRON GUTIERREZ.,www.saij.gob.ar/LPV0000491
Tierra del Fuego,Ley,406,"Vigente, de alcance general",1998-04-23,1998-07-24,Ley 406,Establece modificaciones al régimen electoral.,ELECCIONES-REGIMEN ELECTORAL-AMBITO DE APLICACION- ELECTORES-DEBERES-PADRON ELECTORAL PROVINCIAL- PERSONAL DE CUSTODIA-PADRON MUNICIPAL-PADRON COMUNAL- SISTEMAS ELECTORALES-GOBERNADOR-VICEGOBERNADOR-LEGISLADORES-...,www.saij.gob.ar/LPV0000902
Tierra del Fuego,Ley,406,"Individual, Solo Modificatoria o Sin Eficacia",1989-10-05,1989-11-07,Ley 406,n/d,OTORGA PENSION GRACIABLE A LUISA MARQUEZ HARO.,www.saij.gob.ar/LPV0000490
Tierra del Fuego,Ley,407,"Vigente, de alcance general",1998-07-02,1998-07-24,LEY 407,Ex-combatientes-beneficios-Registro Provincial de veteranos de guerra: Creación.,FUERZAS ARMADAS-TEATRO DE OPERACIONES MALVINAS-TOM-TEATRO DE OPERACIONES DEL ATLANTICO SUR-TOAS-CONFLICTO-EXCOMBATIENTES-VETERANOS DE GUERRA-SOLDADOS CONSCRIPTOS-OFICIALES-SUBOFICIALES-BENEFICIOS-PENSION-REGISTRO PROVINCIAL.,www.saij.gob.ar/LPV0000903
Tierra del Fuego,Ley,407,"Individual, Solo Modificatoria o Sin Eficacia",1989-10-05,1989-11-13,Ley 407.,n/d,OTORGA PENSION GRACIABLE A ONOFRE GONZALEZ.,www.saij.gob.ar/LPV0000489
Tierra del Fuego,Ley,408,"Individual, Solo Modificatoria o Sin Eficacia",1989-10-05,1989-11-13,Ley 408.,n/d,MODIFICA LEY TERRITORIAL NRO. 382 SOBRE PENSION GRACIABLE.- PREVISION SOCIAL-PENSION GRACIABLE-JUAN RAMON RODRIGUEZ,www.saij.gob.ar/LPV0000488
Tierra del Fuego,Ley,408,"Individual, Solo Modificatoria o Sin Eficacia",1998-07-02,1998-08-07,Ley 408,Ley electoral: modificación.,MODIFICATORIA DE LEY P.201 SOBRE REGIMEN ELECTORAL-ELECCIONES- DISPOSICIONES-AMBITO DE APLICACION-DERECHOS-ELECTORES-DEBERES- REGISTRO-PADRON ELECTORAL PROVINCIAL-PERSONAL DE CUSTODIA- PADRON MUNICIPAL-COMUNAL-SISTEMAS ELECTORALES-GOBERNADOR-...,www.saij.gob.ar/LPV0000904
Tierra del Fuego,Ley,409,"Vigente, de alcance general",1989-10-05,1989-11-13,LEY N. 409,"Obligatoriedad de transmisión en medios de difusión de conocimientos sobre historia, geografía, recursos económicos, etc. de Tierra del Fuego.",CULTURA-GEOGRAFIA-HISTORIA-RECURSOS ECONOMICOS-POLITICA-DIFUSION- MEDIOS DE COMUNICACION-RADIO-TELEVISION,www.saij.gob.ar/LPV0000020
Tierra del Fuego,Ley,409,"Vigente, de alcance general",1998-07-02,1998-08-07,LEY 409,Juegos   de  azar: contravenciones  y  penalidades.  Procedimiento.,INSTITUTO PROVINCIAL DE REGULACION DE APUESTAS-IPRA-JUEGOS DE AZAR-CONTRAVENCIONES-PENALIDADES-PROCEDIMIENTOS. DEROGACION LEY P.357.,www.saij.gob.ar/LPV0000905
Tierra del Fuego,Ley,41,"Individual, Solo Modificatoria o Sin Eficacia",1972-11-22,1973-01-15,Ley 41.,n/d,MODIFICATORIA DE LEY SIN EFICACIA-PODER EJECUTIVO TERRITORIAL- ADMINISTRACION PUBLICA-PRESUPUESTO-RECURSOS-MODIFICACION-EJERCICIO 1972.,www.saij.gob.ar/LPV0000358
Tierra del Fuego,Ley,41,"Individual, Solo Modificatoria o Sin Eficacia",1992-10-29,1992-11-09,Ley 41,n/d,MODIFICA LEY TERRITORIAL 310 SOBRE CREACION DEL JUZGADO DE FALTAS MUNICIPALES.- JUZGADO DE FALTAS MUNICIPALES-CREACION DE ORGANISMOS-MISION Y FUNCIONES-CONTRAVENCIONES MUNICIPALES-JUECES DE FALTAS-INAMOVILIDAD REMOCION-DENUNCIAS-PRESUPUESTO...,www.saij.gob.ar/LPV0000379
Tierra del Fuego,Ley,410,"Individual, Solo Modificatoria o Sin Eficacia",1989-10-19,1989-11-27,Ley 410.,n/d,OTORGA PENSION GRACIABLE A VICTOR MANUEL CRISTALDO.,www.saij.gob.ar/LPV0000487
Tierra del Fuego,Ley,410,"Individual, Solo Modificatoria o Sin Eficacia",1998-07-02,1998-08-14,Ley 410,Régimen único de pensiones especiales  (R.U.P.E.). Modificación.,PREVISION SOCIAL-PENSIONES ESPECIALES-REGIMEN UNICO-RUPE-AUTORIDAD DE APLICACION-MINISTERIO DE SALUD Y ACCION SOCIAL-ASISTENCIA MEDICA-REGIMEN FINANCIERO-FALLECIMIENTO DEL TITULAR.DEROGA LEY T. 303.DEROGA LEY P. 256.,www.saij.gob.ar/LPV0000906
Tierra del Fuego,Ley,411,"Vigente, de alcance general",1998-08-13,1998-08-28,Ley 411.,Pesca: adhesión  de  la  provincia  al régimen federal de pesca ley Nacional n. 24.922.,RECURSOS NATURALES-PESCA-REGIMEN FEDERAL DE PESCA-ADHESION PROVINCIAL-LEY NACIONAL.,www.saij.gob.ar/LPV0000907
Tierra del Fuego,Ley,411,"Individual, Solo Modificatoria o Sin Eficacia",1989-10-19,1989-11-27,Ley 411.,n/d,OTORGA PENSION GRACIABLE A RAFAEL CESAR BATTISTI.,www.saij.gob.ar/LPV0000486
Tierra del Fuego,Ley,412,"Vigente, de alcance general",1998-07-30,1998-09-23,Ley 412,Vialidad provincial-comisión regularizadora de rutas complementarias: creación.,VIALIDAD PROVINCIAL-RUTAS COMPLEMENTARIAS-COMISION REGULARIZADORA- CREACION.,www.saij.gob.ar/LPV0000908
Tierra del Fuego,Ley,412,"Individual, Solo Modificatoria o Sin Eficacia",1989-10-19,1989-11-27,Ley 412.,n/d,OTORGA PENSION GRACIABLE A JOSE OLIVERO MILLAPEL MILLAPEL.,www.saij.gob.ar/LPV0000485
Tierra del Fuego,Ley,413,"Vigente, de alcance general",1998-08-25,1998-09-18,Ley 413,Salud  pública-programa de asistencia mínima y obligatoria (P.M.O.  ): adhesión a la ley Nacional n. 24.754.,SALUD PUBLICA-PROGRAMA DE ASISTENCIA MINIMA Y OBLIGATORIA-PMO- ADHESION PROVINCIAL-LEY NACIONAL,www.saij.gob.ar/LPV0000909
Tierra del Fuego,Ley,413,"Individual, Solo Modificatoria o Sin Eficacia",1989-10-19,1989-11-27,Ley 413.,n/d,OTORGA PENSION GRACIABLE A ROSA NELIDA UTROBICIC.,www.saij.gob.ar/LPV0000484
Tierra del Fuego,Ley,414,"Vigente, de alcance general",1989-10-19,1989-12-06,LEY N. 414,Jubilación extraordinaria de bomberos voluntarios,BOMBEROS VOLUNTARIOS-JUBILACION EXTRAORDINARIA-INCAPACIDAD TOTAL- PREVISION SOCIAL-OBRA SOCIAL,www.saij.gob.ar/LPV0000019
Tierra del Fuego,Ley,414,"Vigente, de alcance general",1998-09-10,1998-09-23,Ley 414,Deportes-violencia   en  espectáculos  publicos-adhesion  a  la  ley Nacional n. 23.184.,DEPORTES-VIOLENCIA EN ESPECTACULOS PUBLICOS-ADHESION LEY 23.184.,www.saij.gob.ar/LPV0000910
Tierra del Fuego,Ley,415,"Vigente, de alcance general",1989-10-26,1989-12-07,LEY N. 415,Régimen para establecimientos privados de educación inicial y primaria.,EDUCACION:INICIAL Y PRIMARIA-ESTABLECIMIENTOS PRIVADOS-SECRETARIA DE EDUCACION Y CULTURA-SUPERVISION,www.saij.gob.ar/LPV0000018
Tierra del Fuego,Ley,415,"Vigente, de alcance general",1998-09-30,1998-11-02,LEY 415,Creación  de  la  reserva  costa  atlántica  de  tierra  del  fuego.,RECURSOS NATURALES-ECOLOGIA-DERECHO AMBIENTAL-AREA NATURAL PROTEGIDA-RESERVA COSTERA NATURAL-RESERVA COSTA ATLANTICA.,www.saij.gob.ar/LPV0000911
Tierra del Fuego,Ley,416,"Vigente, de alcance general",1998-09-30,1998-11-02,LEY 416,Obligatoriedad  de  la inclusión del número de habilitación en todas las promociones de la actividad turística.,TURISMO-REGISTRO DE ACTIVIDADES TURISTICAS-PROMOCIONES- AGENCIA DE TURISMO-OBLIGATORIEDAD.,www.saij.gob.ar/LPV0000912
Tierra del Fuego,Ley,416,"Individual, Solo Modificatoria o Sin Eficacia",1989-12-07,1989-12-26,Ley 416,n/d,MODIFICA LEY TERRITORIAL NRO. 11 SOBRE CODIGO FISCAL.- CODIGO FISCAL-LEY-FISCAL-OBLIGACION FISCAL-DIRECCION GENERAL DE RENTAS-FUNCIONES-FACULTADES-IMPUESTOS-GRAVAMENES-TASAS- CONTRIBUCIONES-DOMICILIO FISCAL-CONTRIBUYENTES-OBLIGACIONES-DEBERES...,www.saij.gob.ar/LPV0000406
Tierra del Fuego,Ley,417,"Vigente, de alcance general",1998-09-30,1998-11-02,LEY 417,Reglamentación para el funcionamiento de establecimientos destinados a la practica y enseñanza de actividades físicas y deportivas.,DEPORTE-INSTITUTOS-ENTIDADES DEPORTIVAS-DIRECCION TECNICA- TITULO HABILITANTE-SUBSECRETARIA DE DEPORTES-AUTORIDAD DE APLICACION-EDUCACION FISICA.,www.saij.gob.ar/LPV0000913
Tierra del Fuego,Ley,417,"Individual, Solo Modificatoria o Sin Eficacia",1989-12-07,1989-12-26,Ley 417.,n/d,OBJETO CUMPLIDO-IMPUESTO-GRAVAMEN-TRIBUTO-LEY IMPOSITIVA EJERCICIO 1989-TASAS RETRIBUTIVAS-SERVICIOS ESPECIALES-RENTAS-CATASTRO- POLICIA-REGISTRO CIVIL-MARCAS-ACTUACIONES NOTARIALES-INGRESOS BRUTOS,www.saij.gob.ar/LPV0000252
Tierra del Fuego,Ley,418,"Vigente, de alcance general",1998-09-30,1998-11-02,LEY 418,"Salud pública: adhesión a la ley Nacional 17.132 sobre régimen legal del ejercicio de la medicina, odontología y actividades auxiliares de las mismas.",SALUD PUBLICA-MEDICINA-PROFESIONALES-MEDICOS-AUXILIARES DE LA MEDICINA-ODONTOLOGOS-REGIMEN LEGAL-ADHESION PROVINCIAL- LEY NACIONAL.,www.saij.gob.ar/LPV0000914
Tierra del Fuego,Ley,418,"Individual, Solo Modificatoria o Sin Eficacia",1989-12-07,1989-12-26,Ley 418.,n/d,OBJETO CUMPLIDO-ADMINISTRACION PUBLICA TERRITORIAL-PRESUPUESTO GENERAL 1989,www.saij.gob.ar/LPV0000251
Tierra del Fuego,Ley,419,"Vigente, de alcance general",1998-10-14,1998-11-09,LEY 419,"Prohibición de venta, expendio o suministro de bebidas alcohólicas   a menores de 18 años.",ALCOHOLISMO-PROHIBICION-VENTA-EXPENDIO-SUMINISTRO-BEBIDAS ALCOHOLICAS-CONSUMO-VIA PUBLICA-MENORES-INFRACCIONES-PROGRAMA PROVINCIAL DE PREVENCION Y LUCHA CONTRA LAS ADICCIONES.,www.saij.gob.ar/LPV0000915
Tierra del Fuego,Ley,419,"Individual, Solo Modificatoria o Sin Eficacia",1989-12-07,1989-12-26,Ley 419,n/d,MODIFICA ARTICULO 018 DE LA LEY TERRITORIAL NRO. 118 SOBRE VALUACION INMOBILIARIA.- INMUEBLES-VALUACION INMOBILIARIA-GRAVAMEN-IMPUESTO-TIERRAS FISCALES PLANTA URBANA-PLANTA RURAL-AMBITO DE APLICACION-CONTENIDO- DETERMINACION DEL...,www.saij.gob.ar/LPV0000405
Tierra del Fuego,Ley,42,"Vigente, de alcance general",1992-11-05,1992-11-13,LEY 42,Adhesión al régimen de desregulación económica.,PODER EJECUTIVO PROVINCIAL-ECONOMIA-DESREGULACION ECONOMICA-DECRETO NACIONAL 2284/91-ADHESION.,www.saij.gob.ar/LPV0000206
Tierra del Fuego,Ley,42,"Individual, Solo Modificatoria o Sin Eficacia",1973-11-22,1973-01-15,Ley 42.,n/d,MODIFICATORIA DE LEY SIN EFICACIA-PODER EJECUTIVO TERRITORIAL- ADMINISTRACION PUBLICA-PRESUPUESTO-RECURSOS-MODIFICACION-EJERCICIO 1972.,www.saij.gob.ar/LPV0000357
Tierra del Fuego,Ley,420,"Vigente, de alcance general",1989-12-07,1990-01-17,LEY N. 420,Fondo de inversiones para la nueva provincia,IMPUESTO-CONTRIBUCION ESPECIAL-FONDO DE INVERSIONES PARA LA NUEVA PROVINCIA-DIRECCION GENERAL DE RENTAS,www.saij.gob.ar/LPV0000017
Tierra del Fuego,Ley,420,"Vigente, de alcance general",1998-10-28,1998-11-27,LEY 420,Presupuesto  general  de  erogaciones  y  cálculo  de recursos de la administración pública-ejercicio 1998.,PODER EJECUTIVO PROVINCIAL-ADMINISTRACION PUBLICA CENTRAL- ORGANISMOS DESCENTRALIZADOS-PRESUPUESTO GENERAL-EROGACIONES- CALCULO DE RECURSOS-EJERCICIO 1998.,www.saij.gob.ar/LPV0000916
Tierra del Fuego,Ley,421,"Vigente, de alcance general",1998-11-17,1998-12-09,LEY 421,Ley de expropiación,EXPROPIACION-UTILIDAD PUBLICA-SUJETOS-OBJETO EXPROPIABLE-INDEMNIZACION-PROCEDIMIENTO JUDICIAL-PLAZO-RETROCESION.,www.saij.gob.ar/LPV0000917
Tierra del Fuego,Ley,421,"Individual, Solo Modificatoria o Sin Eficacia",1990-02-01,1990-02-14,Ley 421.,n/d,AMBITO TEMPORAL CUMPLIDO-EMERGENCIA SOCIO ECONOMICA-PRORROGA HASTA EL 30.04.90.,www.saij.gob.ar/LPV0000250
Tierra del Fuego,Ley,422,"Vigente, de alcance general",1990-03-02,1990-03-19,LEY N. 422,Remuneración de legisladores y secretarios de la honorable legislatura territorial.,LEGISLATURA-LEGISLADOR-SECRETARIO ADMINISTRATIVO-SECRETARIO LEGISLATIVO-REMUNERACION-DIETA-ASIGNACIONES FAMILIARES-GASTOS DE REPRESENTACION,www.saij.gob.ar/LPV0000010
Tierra del Fuego,Ley,422,"Individual, Solo Modificatoria o Sin Eficacia",1998-11-17,1998-12-23,LEY 422,Dirección Provincial de Vialidad: Modificación.,SOLO MODIFICATORIA-MODIFICANDO LEY P. 22 SOBRE DIRECCION PROVINCIAL DE VIALIDAD-VIALIDAD-DIRECCIONES PROVINCIALES- CREACION-MISION Y FUNCIONES-FONDOS PROVINCIALES-CAMINOS- CONSORCIOS CAMINEROS-PODER DE POLICIA-TRANSITO AUTOMOTOR- PUBLICIDAD EN LA...,www.saij.gob.ar/LPV0000918
Tierra del Fuego,Ley,423,"Individual, Solo Modificatoria o Sin Eficacia",1990-03-02,1990-03-19,Ley 423.,n/d,MODIFICATORIA DE LEY SIN EFICACIA-ADMINISTRACION PUBLICA TERRITORIAL-PRESUPUESTO GENERAL-EJERCICIO 1989-MODIFICACION.,www.saij.gob.ar/LPV0000249
Tierra del Fuego,Ley,423,"Individual, Solo Modificatoria o Sin Eficacia",1997-12-11,1998-12-28,LEY 423,Ley orgánica de municipalidades: Modificación,SOLO MODIFICATORIA-MODIFICANDO LA LEY T. 236 SOBRE ORGANICA DE MUNICIPALIDADES-MUNICIPALIDAD-PODER EJECUTIVO MUNICIPAL-INTENDENTE- CONCEJO DELIBERANTE-CONCEJALES-DELEGACION MUNICIPAL-CONCESION ADMINISTRATIVA-COMISION DE FOMENTO.,www.saij.gob.ar/LPV0000919
Tierra del Fuego,Ley,424,"Vigente, de alcance general",1998-10-28,1999-01-04,LEY 424,Docentes provinciales: convención colectiva de trabajo.,CULTURA Y EDUCACION-DOCENTES PROVINCIALES-CONVENCIONES COLECTIVAS DE TRABAJO-COMISION NEGOCIADORA-COMISION PARITARIA.,www.saij.gob.ar/LPV0000920
Tierra del Fuego,Ley,424,"Individual, Solo Modificatoria o Sin Eficacia",1990-03-20,1990-05-21,Ley 424,n/d,MODIFICA LEY TERRITORIAL NRO. 420 SOBRE FONDO DE INVERSIONES PARA LA NUEVA PROVINCIA.- IMPUESTO-CONTRIBUCION ESPECIAL-FONDO DE INVERSIONES PARA LA NUEVA PROVINCIA-DIRECCION GENERAL DE RENTAS.,www.saij.gob.ar/LPV0000404
Tierra del Fuego,Ley,425,"Individual, Solo Modificatoria o Sin Eficacia",1990-04-19,1990-05-28,Ley 425,n/d,MODIFICA LEY TERRITORIAL NRO. 326 SOBRE FONDO PERMANENTE DE APOYO A BOMBEROS VOLUNTARIOS.- BOMBEROS VOLUNTARIOS-IMPUESTOS-FONDO DE APOYO-ENERGIA ELECTRICA- CONSUMO.,www.saij.gob.ar/LPV0000403
Tierra del Fuego,Ley,425,"Individual, Solo Modificatoria o Sin Eficacia",1998-12-15,1999-01-11,LEY 425,Presupuesto General de Erogaciones y Cálculo de Recursos de la Administración Pública - ejercicio 1998: modificación.,PODER EJECUTIVO PROVINCIAL-ADMINISTRACION PUBLICA-CENTRAL- ORGANISMOS DESCENTRALIZADOS-PRESUPUESTO GENERAL-EROGACIONES- CALCULO DE RECURSOS-EJERCICIO 1998-MODIFICACION.,www.saij.gob.ar/LPV0000921
Tierra del Fuego,Ley,426,"Vigente, de alcance general",1990-05-24,1990-06-19,LEY N. 426,Ex-combatientes de Malvinas,EX COMBATIENTES-ISLAS MALVINAS-PRIVILEGIOS-REQUISITOS-REGISTRO TERRITORIAL PERMANENTE-EMPLEO PUBLICO-VIVIENDA-BECAS DE ESTUDIO COBERTURA SOCIAL,www.saij.gob.ar/LPV0000009
Tierra del Fuego,Ley,426,"Vigente, de alcance general",1998-12-15,1999-01-11,LEY 426,Educación. Programa  de reformas e inversiones en el sector educativo (P.R.I.S.E.). Aprobación continuidad.,EDUCACION-PROGRAMA DE REFORMAS E INVERSIONES EN EL SECTOR EDUCATIVO-PRISE-CONTINUIDAD.,www.saij.gob.ar/LPV0000922
Tierra del Fuego,Ley,427,"Vigente, de alcance general",1998-12-15,1999-01-11,LEY 427,Presupuesto General de Erogaciones y cálculo de recursos de la administración pública-ejercicio 1999.,PODER EJECUTIVO PROVINCIAL-ADMINISTRACION PUBLICA-CENTRAL- ORGANISMOS DESCENTRALIZADOS-PRESUPUESTO GENERAL-EROGACIONES- CALCULO DE RECURSOS-EJERCICIO 1999.,www.saij.gob.ar/LPV0000923
Tierra del Fuego,Ley,427,"Individual, Solo Modificatoria o Sin Eficacia",1990-05-24,1990-07-30,LEY N. 427,Establece año territorial de la Antártida argentina desde 23/06/90 al 23/06/91,"ESTABLECE EL PERIODO QUE VA DESDE EL 23 DE JUNIO DE 1990 AL 23  DE  JUNIO  DE  1991,  COMO  'AÑO  TERRITORIAL DE LA ANTARTIDA ARGENTINA' Y CREA UNA COMISION ENCARGADA DE RECOPILAR Y COMPILAR TODO EL MATERIAL EDITADO E IMPRIMIRSE EN UN SOLO TEXTO.",www.saij.gob.ar/LPV0000008
Tierra del Fuego,Ley,428,"Vigente, de alcance general",1998-12-15,1999-01-11,LEY 428,Poder  Ejecutivo Provincial: adhesión de la provincia a la ley Nacional n. 21.154 sobre el día de la tradición.,PODER EJECUTIVO PROVINCIAL-CONMEMORACIONES-ADHESION PROVINCIAL- LEY NACIONAL-DIA DE LA TRADICION-MINISTERIO DE EDUCACION Y CULTURA.,www.saij.gob.ar/LPV0000924
Tierra del Fuego,Ley,428,"Individual, Solo Modificatoria o Sin Eficacia",1990-07-13,1990-07-30,Ley 428,n/d,MODIFICA LEY TERRITORIAL NRO. 422 SOBRE REMUNERACION DE LEGISLADORES Y SECRETARIOS DE LA HONORABLE LEGISLATURA TERRITORIAL.- LEGISLATURA-LEGISLADOR-SECRETARIO ADMINISTRATIVO-SECRETARIO LEGISLATIVO-REMUNERACION-DIETA-ASIGNACIONES FAMILIARES-GASTOS DE...,www.saij.gob.ar/LPV0000402
Tierra del Fuego,Ley,429,Derogada,1998-12-15,1999-01-11,*LEY 429.,"Régimen de jubilaciones, pensiones y retiros: modificación.","NORMA DEROGADA POR LEY P. 468 (B.O.P. 07-01-2000)- MODIFICA LEY T. 244 SOBRE REGIMEN DE JUBILACIONES, PENSIONES Y RETIROS-REGIMEN PREVISIONAL-JUBILACIONES-PENSIONES-RETIRO VOLUNTARIO- PENSION DE ARRAIGO-EMPLEADOS PUBLICOS-FUNCIONARIOS LEGISLATIVOS-...",www.saij.gob.ar/LPV0000925
Tierra del Fuego,Ley,429,"Individual, Solo Modificatoria o Sin Eficacia",1990-07-13,1990-07-30,Ley 429.,n/d,AMBITO TEMPORAL CUMPLIDO-EMERGENCIA SOCIOECONOMICA-PRORROGA HASTA EL 31.07.90-BONO SOLIDARIO FUEGUINO,www.saij.gob.ar/LPV0000248
Tierra del Fuego,Ley,43,"Individual, Solo Modificatoria o Sin Eficacia",1972-11-22,1973-01-22,Ley 43.,n/d,MODIFICATORIA DE LEY SIN EFICACIA-PODER EJECUTIVO TERRITORIAL- ADMINISTRACION PUBLICA-PRESUPUESTO-RECURSOS-MODIFICACION-EJERCICIO 1972.,www.saij.gob.ar/LPV0000356
Tierra del Fuego,Ley,43,"Individual, Solo Modificatoria o Sin Eficacia",1992-10-29,1992-11-23,Ley 43.,n/d,OTORGA PENSION GRACIABLE A RITA ACACIA DUVAL AGUILAR.,www.saij.gob.ar/LPV0000466
Tierra del Fuego,Ley,430,Derogada,1998-12-15,1999-01-11,*LEY 430,Estado provincial-sistema de gestión y administración financiera del sector público: modificación.,NORMA DEROGADA POR ART. 133 LEY 495 (B.O.P. 10-11-2000)- MODIFICA LEY P. 338 (B.O. 13-12-96) SOBRE SISTEMA DE GESTION Y ADMINISTRACION FINANCIERA DEL SECTOR PUBLICO PERO LEY 430 MODIFICADA (INC. L) DEROGADO) POR LEY P. 469...,www.saij.gob.ar/LPV0000926
Tierra del Fuego,Ley,430,"Individual, Solo Modificatoria o Sin Eficacia",1990-07-19,1990-07-30,Ley 430.,n/d,OTORGA PENSION GRACIABLE A MARIA LUCINDA DIAZ MUÑOZ VDA. DE ALVAREZ.,www.saij.gob.ar/LPV0000483
Tierra del Fuego,Ley,431,"Vigente, de alcance general",1998-12-15,1999-01-13,LEY 431,Campamentos turísticos,TURISMO-PROMOCION TIRISTICA-INFRAESTRUCTURA TURISTICA- CAMPAMENTOS TURISTICOS-REQUISITOS-FUNCIONAMIENTO- ADMINISTRACION.,www.saij.gob.ar/LPV0000927
Tierra del Fuego,Ley,431,"Individual, Solo Modificatoria o Sin Eficacia",1990-06-28,1990-08-06,Ley 431.,n/d,OTORGA PENSION GRACIABLE A MARIANO GABRIEL OLIVERA.,www.saij.gob.ar/LPV0000482
Tierra del Fuego,Ley,432,"Vigente, de alcance general",1998-12-03,1999-01-13,LEY 432,Dirección general del registro civil y capacidad de las personas-celebración  de matrimonios fuera de su sede: autorización.,DIRECCION GENERAL DEL REGISTRO CIVIL Y CAPACIDAD DE LAS PERSONAS- LIBRO DE REGISTROS DE MATRIMONIO-CELEBRACION DE MATRIMONIOS FUERA DE SU SEDE-AUTORIZACION.,www.saij.gob.ar/LPV0000928
Tierra del Fuego,Ley,432,"Individual, Solo Modificatoria o Sin Eficacia",1990-06-28,1990-08-06,Ley 432.,n/d,OBJETO CUMPLIDO-DECLARA AL AÑO 1990 COMO EL AÑO DE LA CONCIENCIA TURISTICA.,www.saij.gob.ar/LPV0000247
Tierra del Fuego,Ley,433,"Individual, Solo Modificatoria o Sin Eficacia",1990-05-17,1990-08-06,Ley 433.,n/d,OBJETO CUMPLIDO-SUBSIDIO DE USUARIOS DE GAS ENVASADO-BONO SOLIDARIO,www.saij.gob.ar/LPV0000246
Tierra del Fuego,Ley,433,"Individual, Solo Modificatoria o Sin Eficacia",1998-12-03,1999-01-13,LEY 433,Establece beneficios para ex combatientes de la guerra de Malvinas.,MODIFICA LEY P. 407 SOBRE EX-COMBATIENTES-ACCION SOCIAL-FUERZAS ARMADAS-TEATRO DE OPERACIONES MALVINAS-TOM-TEATRO DE OPERACIONES DEL ATLANTICO SUR-TOAS-CONFLICTO-EX-COMBATIENTES-VETERANOS DE GUERRA-SOLDADOS...,www.saij.gob.ar/LPV0000929
Tierra del Fuego,Ley,434,"Vigente, de alcance general",1990-06-28,1990-09-17,LEY N. 434,Area natural protegida Le Martial.,ECOLOGIA-RECURSOS NATURALES-AREA NATURAL PROTEGIDA-GLACIAR LE MARTIAL-CENTRO AUSTRAL DE INVESTIGACIONES CIENTIFICAS (C.A.D.I.C.) -INSTITUTO FORESTAL NACIONAL (I.FO.NA.),www.saij.gob.ar/LPV0000007
Tierra del Fuego,Ley,434,"Individual, Solo Modificatoria o Sin Eficacia",1998-12-03,1999-01-13,LEY 434,Banco Provincia Tierra del Fuego: Modificación del Estatuto.,BANCO-BANCO DEL TERRITORIO-BANCO PROVINCIA DE TIERRA DEL FUEGO-ESTATUTO-AUTARQUIA-DOMICILIO LEGAL-CAPITAL-RESERVAS- RESULTADOS-OPERACIONES-EXENCIONES-PRIVILEGIOS-GOBIERNO- -ADMINISTRACION-FISCALIZACION ESTATAL-MODIFICACION.,www.saij.gob.ar/LPV0000930
Tierra del Fuego,Ley,435,Derogada,1990-07-26,1990-09-03,LEY N. 435,Designación  de funcionarios con acuerdo de la honorable legislatura territorial,"FUNCIONARIOS PUBLICOS:DESIGNACION,ACUERDO LEGISLATIVO-LEGISLATURA TERRITORIAL",www.saij.gob.ar/LPV0000006
Tierra del Fuego,Ley,435,Derogada,1998-12-15,1999-01-20,LEY 435,Papelería de uso oficial: modificación.,MODIFICA LEY P. 366 SOBRE PAPELERIA DE USO OFICIAL-PAPELERIA OFICIAL- OBLIGATORIEDAD PIE DE PAGINA-LAS ISLAS MALVINAS GEORGIAS Y SANDWICH DEL SUR Y LOS HIELOS CONTINENTALES SON Y SERAN ARGENTINOS.,www.saij.gob.ar/LPV0000931
Tierra del Fuego,Ley,436,"Vigente, de alcance general",1990-08-09,1990-09-24,LEY N. 436,Microfilmación de documentos,ADMINISTRACION PUBLICA-MICROFILMACION-ARCHIVO-DOCUMENTACION- AUTENTICACION-DIRECCION GENERAL DE RENTAS-ARANCEL,www.saij.gob.ar/LPV0000005
Tierra del Fuego,Ley,436,"Vigente, de alcance general",1998-12-15,1999-01-20,LEY 436,Poder  Ejecutivo  provincial: adhesión  de  la  provincia  a la ley Nacional  n.  24.841 sobre día de la evangelización salesiana en  la Patagonia,EDUCACION Y CULTURA-EVANGELIZACION SALESIANA-ADHESION PROVINCIAL- LEY NACIONAL.,www.saij.gob.ar/LPV0000932
Tierra del Fuego,Ley,437,"Vigente, de alcance general",1998-12-15,1999-01-20,LEY 437,Ministerio  de  gobierno  trabajo  y justicia-Creación de la comisión provincial de relaciones interNacionales.,"PODER EJECUTIVO PROVINCIAL-MINISTERIO DE GOBIERNO, TRABAJO Y JUSTICIA-COMISION PROVINCIAL DE RELACIONES INTERNACIONALES:CREACION. FUNCIONES.",www.saij.gob.ar/LPV0000933
Tierra del Fuego,Ley,437,"Individual, Solo Modificatoria o Sin Eficacia",1990-08-09,1990-09-24,Ley 437.,n/d,OTORGA PENSION GRACIABLE A NICOLINO BELTRAME MOLINARO.,www.saij.gob.ar/LPV0000481
Tierra del Fuego,Ley,438,"Vigente, de alcance general",1990-08-09,1990-10-01,LEY N. 438,Fondo para el desarrollo educativo primario y secundario.,EDUCACION:DESARROLLO-FONDO PARA EL DESARROLLO EDUCATIVO PRIMARIO Y SECUNDARIO-CAPACITACION DOCENTE INVESTIGACION-COMEDORES ESCOLARES- INFRAESTRUCTURA EDILICIA-IMPUESTOS.- MODIFICACION LEY N. 420.,www.saij.gob.ar/LPV0000004
Tierra del Fuego,Ley,438,"Vigente, de alcance general",1998-12-03,1999-01-29,LEY 438,"Régimen  especial  de  promoción  de las micro, pequeñas, medianas y jóvenes empresas fueguinas.",REGIMEN ESPECIAL DE PROMOCION DE LAS MICRO PEQUEÑAS MEDIANAS Y JOVENES EMPRESAS FUEGUINAS-PYMES-AMBITO DE APLICACION-REQUISITOS- BENEFICIOS.,www.saij.gob.ar/LPV0000934
Tierra del Fuego,Ley,439,Derogada,1990-08-23,1990-10-01,LEY N. 439,"Lobos  marinos,  cetáceos,  pingüinos  y  pinnípedos: prohibición  de pesca, caza, industrialización y comercialización",FAUNA:PROTECCION LOBOS MARINOS-CETACEOS-PINGUINOS-PINNIPEDOS-CAZA- PESCA-INDUSTRIALIZACION-COMERCIALIZACION,www.saij.gob.ar/LPV0000003
Tierra del Fuego,Ley,439,"Vigente, de alcance general",1998-12-29,1999-02-01,LEY 439,Código Fiscal de Tierra del Fuego,CODIGO FISCAL DE TIERRA DEL FUEGO-OBLIGACIONES FISCALES- ORGANOS DE LA ADMINISTRACION FISCAL-SUJETOS PASIVOS DE OBLIGACIONES FISCALES-DOMICILIO FISCAL-CONTRIBUYENTES- DIRECCION GENERAL IMPOSITIVA-REGISTRO DE REINCIDENCIA DE ILICITOS...,www.saij.gob.ar/LPV0000935
Tierra del Fuego,Ley,44,"Individual, Solo Modificatoria o Sin Eficacia",1972-11-22,1973-01-22,Ley 44.,n/d,MODIFICATORIA DE LEY SIN EFICACIA-PODER EJECUTIVO TERRITORIAL- ADMINISTRACION PUBLICA-PRESUPUESTO-RECURSOS-MODIFICACION-EJERCICIO 1972.,www.saij.gob.ar/LPV0000355
Tierra del Fuego,Ley,44,"Individual, Solo Modificatoria o Sin Eficacia",1992-10-29,1992-11-23,Ley 44.,n/d,OTORGA PENSION GRACIABLE A ANA MARIA SACCO.,www.saij.gob.ar/LPV0000465
Tierra del Fuego,Ley,440,"Vigente, de alcance general",1998-12-29,1999-02-01,LEY 440,LEY IMPOSITIVA: EJERCICIO 1999.,IMPUESTOS PROVINCIALES-TASA RETRIBUTIVA DE SERVICIOS-CONTRIBUCIONES-LEY IMPOSITIVA-IMPUESTO SOBRE LOS INGRESOS BRUTOS-IMPUESTO INMOBILIARIO RURAL-IMPUESTO DE SELLOS.,www.saij.gob.ar/LPV0000936
Tierra del Fuego,Ley,440,"Individual, Solo Modificatoria o Sin Eficacia",1990-09-06,1990-10-22,Ley 440.,n/d,OTORGA PENSION GRACIABLE A ELEODORO ALVAREZ.,www.saij.gob.ar/LPV0000480
Tierra del Fuego,Ley,441,"Vigente, de alcance general",1990-09-13,1990-10-29,LEY N. 441,Defensa de soberanía en programas de estudio.,"EDUCACION:PRIMARIA,SECUNDARIA,TERCIARIA-PROGRAMAS DE ESTUDIO- ASIGNATURA-ISLAS MALVINAS-ANTARTIDA E ISLAS DEL ATLANTICO SUR- SOBERANIA",www.saij.gob.ar/LPV0000002
Tierra del Fuego,Ley,441,"Vigente, de alcance general",1998-12-29,1999-02-01,LEY 441,Creación de la Dirección General Penitenciaria.,REGIMEN PENITENCIARIO-SERVICIO PENITENCIARIO-ESTABLECIMIENTOS PENITENCIARIOS-MINISTERIO DE GOBIERNO TRABAJO Y JUSTICIA- DIRECCION GENERAL PENITENCIARIA-CREACION-MISION Y FUNCIONES-POLICIA PROVINCIAL.,www.saij.gob.ar/LPV0000937
Tierra del Fuego,Ley,442,Derogada,1990-09-27,1990-11-12,Ley 442,n/d,NOTA DE REDACCIÓN: DEROGADA POR ART. 30 LEY 1071 (B.O.P.: 13/01/16). MODIFICA LEY TERRITORIAL NRO. 10 SOBRE CREACION Y FUNCIONAMIENTO DEL INSTITUTO DE SERVICIOS SOCIALES DEL TERRITORIO-SEGURIDAD SOCIAL-OBRA SOCIAL-INSTITUTO DE SERVICIOS SOCIALES DEL...,www.saij.gob.ar/LPV0000401
Tierra del Fuego,Ley,442,"Individual, Solo Modificatoria o Sin Eficacia",1998-12-29,1999-02-08,LEY 442,Ley orgánica de municipalidades: modificación.,MUNICIPALIDAD-GOBIERNO MUNICIPAL-INTENDENTE-CONCEJO DELIBERANTE- CONCEJAL-INCOMPATIBILIDADES-ATRIBUCIONES-DEBERES-DELEGACION MUNICIPAL-CONVENIOS-PRESTAMOS-ADQUISICIONES-EXPROPIACIONES- SERVICIOS PUBLICOS-OBRAS PUBLICAS-RECURSOS MUNICIPALES-...,www.saij.gob.ar/LPV0000938
Tierra del Fuego,Ley,443,Derogada,1990-10-04,1990-12-03,*LEY N. 443,Declarando de interés territorial la práctica y difusión del scoutismo,SCOUTISMO-INSTITUCION NACIONAL DEL SCOUTISMO ARGENTINO (I.N.S.A.)- EMPLEADO PUBLICO-LICENCIAS ESPECIALES,www.saij.gob.ar/LPV0000001
Tierra del Fuego,Ley,443,"Individual, Solo Modificatoria o Sin Eficacia",1998-12-03,1999-02-08,LEY 443,"Ejidos urbanos de Ushuaia, Rio Grande y Tolhuin: modificación.",URBANISMO-USHUAIA-RIO GRANDE-TOLHUIN-EJIDO URBANO-MENSURAS- ASENTAMIENTOS URBANOS.,www.saij.gob.ar/LPV0000939
Tierra del Fuego,Ley,444,"Individual, Solo Modificatoria o Sin Eficacia",1990-10-04,1990-12-03,Ley 444.,n/d,OTORGA PENSION GRACIABLE A FERNANDO FERNANDEZ.,www.saij.gob.ar/LPV0000479
Tierra del Fuego,Ley,444,"Individual, Solo Modificatoria o Sin Eficacia",1999-03-30,1999-05-07,LEY 444,Instituto provincial de regulación de apuestas  (I.P.R.A.): modificación.,SOLO MODIFICATORIA-MODIFICA LEY P. 88 SOBRE CREACION DEL INSTITUTO PROVINCIAL DE REGULACION DE APUESTAS-IPRA-MINISTERIO DE SALUD Y ACCION SOCIAL-DIRECCION DE JUEGOS DE AZAR-INSTITUTO PROVINCIAL DE REGULACION DE APUESTAS-IPRA-CREACION DE...,www.saij.gob.ar/LPV0000940
Tierra del Fuego,Ley,445,Derogada,1990-10-30,1990-12-10,*LEY N. 445,Carrera sanitaria,CARRERA SANITARIA-AGRUPAMIENTOS-NIVELES-ENCUADRAMIENTOS-REGIMEN ESCALAFONARIO Y PREESCALAFONARIO-INGRESO-CONCURSO-COMISION PERMANENTE DE CARRERA-TRIBUNAL DE TACHAS-GUARDIA ACTIVA Y PASIVA- CALIFICACION ANUAL-JUNTA DE...,www.saij.gob.ar/LPV0000011
Tierra del Fuego,Ley,445,"Vigente, de alcance general",1999-04-20,1999-07-21,LEY 445,P.E.P.:  predio  para  la alcaidía de tribunales de la ciudad de Rio Grande.,PODER EJECUTIVO PROVINCIAL-ALCAIDIA-TRIBUNALES-RIO GRANDE- PREDIO-NOMENCLATURA CATASTRAL-EDIFICIO A CONSTRUIR.,www.saij.gob.ar/LPV0000941
Tierra del Fuego,Ley,446,"Individual, Solo Modificatoria o Sin Eficacia",1990-10-30,1990-12-17,Ley 446.,n/d,OBJETO CUMPLIDO-DEROGA ARTICULO 53 DE LA LEY TERRITORIAL NRO.  244 SOBRE REGIMEN DE JUBILACIONES.,www.saij.gob.ar/LPV0000245
Tierra del Fuego,Ley,446,"Individual, Solo Modificatoria o Sin Eficacia",1999-05-06,1999-06-11,LEY 446,Código fiscal: modificación.,SOLO MODIFICATORIA-SUSTITUYE ART. 124 DE LA LEY P 439 SOBRE CODIGO FISCAL (B.O. 01-02-99).,www.saij.gob.ar/LPV0000942
Tierra del Fuego,Ley,447,Derogada,1999-05-06,1999-06-11,LEY 447,Código fiscal: modificación.,LEY MODIFICATORIA-INCORPORA ART. 133 BIS A LA LEY P. 439  SOBRE CODIGO FISCAL (B.O. 01-02-99).NORMA DEROGADA POR ARTÍCULO 2 DE LA LEY PROVINCIAL Nº 832 BOP. 27/12/10.,www.saij.gob.ar/LPV0000943
Tierra del Fuego,Ley,447,"Individual, Solo Modificatoria o Sin Eficacia",1990-12-19,1991-01-07,Ley 447.,n/d,OBJETO CUMPLIDO-IMPUESTO-GRAVAMEN-TRIBUTO-LEY-IMPOSITIVA-EJERCICIO- 1990-TASAS RETRIBUTIVAS-SERVICIOS-SERVICIOS ESPECIALES-RENTAS- CATASTRO-POLICIA-REGISTRO CIVIL-MARCAS-ACTUACIONES NOTARIALES- INGRESOS BRUTOS-INDUSTRIA-IMPUESTO...,www.saij.gob.ar/LPV0000447
Tierra del Fuego,Ley,448,"Individual, Solo Modificatoria o Sin Eficacia",1990-12-20,1991-01-07,Ley 448,n/d,MODIFICA LEY TERRITORIAL NRO. 334 SOBRE CAJA COMPENSADORA DE LA POLICIA TERRITORIAL.- PREVISION SOCIAL-JUBILACION-PENSION-RETIRO-POLICIA-CAJA COMPENSADORA.,www.saij.gob.ar/LPV0000400
Tierra del Fuego,Ley,448,"Individual, Solo Modificatoria o Sin Eficacia",1999-05-06,1999-06-11,LEY 448,Ley impositiva. Ejercicio 1999: modificación.,SOLO MODIFICATORIA-MODIFICA LEY P. 440 SOBRE LEY IMPOSITIVA PARA EL EJERCICIO 1999.,www.saij.gob.ar/LPV0000944
Tierra del Fuego,Ley,449,"Vigente, de alcance general",1990-12-19,1991-01-07,LEY N. 449,Adhesión del ex territorio Nacional de Tierra del Fuego al programa de saneamiento y crecimiento de las provincias argentinas,PROGRAMA DE SANEAMIENTO FINANCIERO Y CRECIMIENTO DE PROVINCIAS ARGENTINAS-CREDITOS INTERNACIONALES-BANCO INTERNACIONAL DE RECONSTRUCCION Y FOMENTO-BANCO MUNDIAL,www.saij.gob.ar/LPV0000012
Tierra del Fuego,Ley,449,"Vigente, de alcance general",1999-06-03,1999-07-02,LEY 449,P.E.P.: Adhesión provincial al art. 1 de la ley Nacional n. 24.314 sobre accesibilidad de personas con movilidad reducida.,PODER EJECUTIVO PROVINCIAL-ADHESION PROVINCIAL-LEY NACIONAL- DISCAPACITADOS-PERSONAS CON MOVILIDAD REDUCIDA.,www.saij.gob.ar/LPV0000945
Tierra del Fuego,Ley,45,"Vigente, de alcance general",1992-11-26,1992-12-07,Ley 45,Adhesión de la provincia a la ley Nacional 24065 de servicio de electricidad.,ENERGIA-ELECTRICIDAD-ABASTECIMIENTO-TRANSPORTE-DISTRIBUCION-TARIFAS PRINCIPIOS TARIFARIOS-COPARTICIPACION-FONDO SUBSIDIARIO- COMPENSACIONES REGIONALES-COMPENSACIONES REGIONALES DE TARIFAS- USUARIOS FINALES-ADHESION LEY 24065.,www.saij.gob.ar/LPV0000426
Tierra del Fuego,Ley,45,"Individual, Solo Modificatoria o Sin Eficacia",1972-11-22,1973-01-22,Ley 45.,n/d,MODIFICATORIA DE LEY SIN EFICACIA-PODER EJECUTIVO TERRITORIAL- ADMINISTRACION PUBLICA-PRESUPUESTO-RECURSOS-MODIFICACION-EJERCICIO 1972.,www.saij.gob.ar/LPV0000354
Tierra del Fuego,Ley,450,"Vigente, de alcance general",1999-06-03,1999-07-12,LEY 450,Adhesión Provincial a la ley Nacional n. 23.753 y dto. reg. 1271/98 sobre problemática y prevención de la diabetes.,SALUD PUBLICA-PREVENCION DE ENFERMEDADES-DIABETES-ADHESION PROVINCIAL-LEY NACIONAL.,www.saij.gob.ar/LPV0000946
Tierra del Fuego,Ley,450,"Individual, Solo Modificatoria o Sin Eficacia",1990-12-19,1991-01-07,Ley 450,n/d,MODIFICA LEY TERRITORIAL NRO. 424 SOBRE FONDO DE INVERSIONES PARA LA NUEVA PROVINCIA.- IMPUESTO-CONTRIBUCION ESPECIAL-FONDO DE INVERSIONES PARA LA NUEVA PROVINCIA-DIRECCION GENERAL DE RENTAS.,www.saij.gob.ar/LPV0000399
Tierra del Fuego,Ley,451,"Vigente, de alcance general",1990-12-20,1991-01-07,LEY N. 451,Régimen de coparticipación federal de impuestos (ley n. 23548) adhesión del ex territorio Nacional de Tierra del Fuego,GRAVAMEN-IMPUESTO-DOBLE IMPOSICION-CONVENIO MULTILATERAL 1977-LEY 23.548-LEY 23.775,www.saij.gob.ar/LPV0000013
Tierra del Fuego,Ley,451,"Vigente, de alcance general",1998-12-15,1999-07-30,LEY 451,Creación del fondo para el control de la hidatidosis y zoonosis:,CONTROL ZOOSANITARIO-SANIDAD ANIMAL-HIDATIDOSIS-ZOONOSIS- FONDO PARA EL CONTROL DE LA HIDATIDOSIS Y ZOONOSIS- CONTROL.,www.saij.gob.ar/LPV0000947
Tierra del Fuego,Ley,452,"Vigente, de alcance general",1990-12-20,1991-01-07,LEY N. 452,Aprobación del convenio multilateral de la comisión plenaria de provincias de la falda.,APROBACION-CONVENIO MULTILATERAL-IMPUESTOS-INGRESOS BRUTOS- IMPUESTOS LOCALES-SUPERPOSICION,www.saij.gob.ar/LPV0000014
Tierra del Fuego,Ley,452,"Individual, Solo Modificatoria o Sin Eficacia",1999-07-06,1999-07-30,LEY 452,Derogación pensión graciable al Sr. Luis Orfilio Rosado.,SOLO DEROGATORIA-DEROGA LEY P. 184 SOBRE PENSION GRACIABLE- PREVISION SOCIAL-PENSION GRACIABLE-LUIS ORFILIO ROSADO-DEROGACION.,www.saij.gob.ar/LPV0000948
Tierra del Fuego,Ley,453,"Vigente, de alcance general",1999-07-06,1999-08-11,LEY 453,Salud pública. Régimen de pasantías en los servicios de Kinesiología de los hospitales regionales provinciales.,SALUD PUBLICA-HOSPITALES-SERVICIO DE KINESIOLOGIA-PASANTIAS- RESIDENCIAS.,www.saij.gob.ar/LPV0000949
Tierra del Fuego,Ley,453,"Individual, Solo Modificatoria o Sin Eficacia",1990-12-19,1991-02-11,Ley 453.,n/d,OBJETO CUMPLIDO-ADMINISTRACION PUBLICA TERRITORIAL-PRESUPUESTO GENERAL-EJERCICIO 1990.,www.saij.gob.ar/LPV0000243
Tierra del Fuego,Ley,454,"Vigente, de alcance general",1991-04-19,1991-06-25,LEY N. 454,Empresas del estado.,PODER EJECUTIVO-AUTORIZACION-SOCIEDAD ANONIMA DE ECONOMIA MIXTA- SOCIEDAD ANONIMA CON PARTICIPACION ESTATAL MAYORITARIA-EMPRESAS DEL ESTADO-SOCIEDADES,www.saij.gob.ar/LPV0000015
Tierra del Fuego,Ley,454,"Vigente, de alcance general",1999-09-02,1999-09-03,LEY 454,P.E.P.:  autorización  a  tomar  un  préstamo  y/o a  emitir  bonos destinados  a la reestructuración del perfil financiero del gobierno provincial.,ECONOMIA Y FINANZAS-PODER EJECUTIVO PROVINCIAL-CREDITO BANCARIO- PRESTAMO BANCARIO-EMISION DE BONOS.DEROGA LEY P. 215-216-228-248-250-269-319.,www.saij.gob.ar/LPV0000950
Tierra del Fuego,Ley,455,Derogada,1990-10-02,1991-06-17,LEY N. 455,Bingo  -  transferencia  de  su  explotación  y administración a los municipios,JUEGOS DE AZAR-BINGO-TRANSFERENCIA A MUNICIPIOS-ACCION SOCIAL- COMISIONES DE FOMENTO- MODIFICACION LEY 266- DEROGACION LEY 286,www.saij.gob.ar/LPV0000016
Tierra del Fuego,Ley,455,"Vigente, de alcance general",1999-09-02,1999-09-03,LEY 455,P.E.P.:  autorización  para  tomar un préstamo de dinero mediante la gestión del banco Pcia. de Tierra del Fuego. comisión de seguimiento: Creación.,PODER EJECUTIVO PROVINCIAL-PRESTAMO BANCARIO-CREDITO BANCARIO- COMISION DE SEGUIMIENTO.,www.saij.gob.ar/LPV0000951
Tierra del Fuego,Ley,456,"Vigente, de alcance general",1999-08-05,1999-10-13,LEY 456,P.E.P.:  Adhesión  de  la  Pcia.  a  la  ley  nac. N. 25.049 sobre Coparticipación federal de impuestos.,ECONOMIA Y FINANZAS-PODER EJECUTIVO PROVINCIAL-COPARTICIPACION DE IMPUESTOS-ADHESION PROVINCIAL-LEY NACIONAL.,www.saij.gob.ar/LPV0000952
Tierra del Fuego,Ley,456,"Individual, Solo Modificatoria o Sin Eficacia",1991-06-06,1991-07-08,Ley 456.,n/d,OTORGA PENSION GRACIABLE A ERNESTO GOMEZ.,www.saij.gob.ar/LPV0000478
Tierra del Fuego,Ley,457,"Vigente, de alcance general",1991-05-30,1991-08-05,LEY N. 457,Declarando patrimonio histórico a la División Remonta y Veterinaria de Policía,POLICIA-DIVISION REMONTA Y VETERINARIA-PATRIMONIO HISTORICO,www.saij.gob.ar/LPV0000052
Tierra del Fuego,Ley,457,"Individual, Solo Modificatoria o Sin Eficacia",1999-08-05,1999-10-13,LEY 457,Becas de estudio: modificación.,SOLO MODIFICATORIA-MODIFICA LEY P. 246 (B.O. 02-10-95) SOBRE OTORGAMIENTO DE BECAS DE ESTUDIO.,www.saij.gob.ar/LPV0000953
Tierra del Fuego,Ley,458,Derogada,1991-06-06,1991-08-05,*Ley 458,n/d,NORMA DEROGADA POR LEY PROVINCIAL N° 48 (B.O. 21-12-92) SOBRE REGIMEN DE PROMOCION INTEGRAL PARA PERSONAS DISCAPACITADAS,www.saij.gob.ar/LPV0000398
Tierra del Fuego,Ley,458,"Vigente, de alcance general",1999-11-09,1999-11-24,LEY 458,Bandera de la provincia: aprobación.,SIMBOLOS PATRIOS-BANDERA PROVINCIAL-APROBACION-DISEÑO.,www.saij.gob.ar/LPV0000954
Tierra del Fuego,Ley,459,"Vigente, de alcance general",1991-06-20,1991-08-05,LEY N. 459,Régimen de previsión social para empleados públicos.,PREVISION SOCIAL-JUBILACION-PENSION-RETIRO-PENSION FUEGUINA DE ARRAIGO-MODIFICACION LEY 244,www.saij.gob.ar/LPV0000053
Tierra del Fuego,Ley,459,"Vigente, de alcance general",1999-11-09,1999-11-24,LEY 459,P.E.P.: autorización a tomar un crédito destinado al cumplimiento de la ley p. 246.,PODER EJECUTIVO PROVINCIAL-CREDITO BANCARIO-INSTITUTO PROVINCIAL DE PREVISION SOCIAL-CONSEJO PROVINCIAL DE BECAS.,www.saij.gob.ar/LPV0000955
Tierra del Fuego,Ley,46,"Individual, Solo Modificatoria o Sin Eficacia",1972-11-22,1973-01-22,Ley 46.,n/d,MODIFICATORIA DE LEY SIN EFICACIA-PODER EJECUTIVO TERRITORIAL- ADMINISTRACION PUBLICA-PRESUPUESTO-RECURSOS-MODIFICACION-EJERCICIO 1972.,www.saij.gob.ar/LPV0000353
Tierra del Fuego,Ley,46,"Individual, Solo Modificatoria o Sin Eficacia",1992-12-02,1992-12-09,Ley 46.,n/d,AMBITO TEMPORAL CUMPLIDO-DECLARA EMERGENCIA LABORAL EN LA PROVINCIA POR UN PLAZO DE 120 DIAS-PODER EJECUTIVO PROVINCIAL-EMERGENCIA LABORAL-EMPRESAS BENEFICIARIAS-REGIMEN DE PROMOCION ECONOMICA-LEY 19.640-MINISTERIO DE GOBIERNO TRABAJO Y...,www.saij.gob.ar/LPV0000560
Tierra del Fuego,Ley,460,"Vigente, de alcance general",1999-12-15,2000-01-05,LEY 460,Presupuesto general de erogaciones y cálculo de recursos de la administración Pública para el ejercicio 2000.,ECONOMIA Y FINANZAS-PODER EJECUTIVO PROVINCIAL-PRESUPUESTO GENERAL- ADMINISTRACION PUBLICA PROVINCIAL-EJERCICIO 2000-GASTOS-CALCULO DE RECURSOS-RECURSOS FINANCIEROS-ORGANISMOS DE SEGURIDAD SOCIAL.DEROGA LEY T. 261-445-470.,www.saij.gob.ar/LPV0000956
Tierra del Fuego,Ley,460,"Individual, Solo Modificatoria o Sin Eficacia",1991-06-20,1991-08-05,Ley 460,n/d,"MODIFICA LEY TERRITORIAL NRO. 224 SOBRE BOLETIN OFICIAL DEL TERRITORIO Y LA OBLIGATORIEDAD DE PUBLICACION DE TEXTO COMPLETO DE CONTRATOS,CONVENIOS,CONCESIONES DE EXPLOTACION,ETC.- BOLETIN OFICIAL-PUBLICIDAD-CONTRATO-CONVENIO-CONCESION DE...",www.saij.gob.ar/LPV0000397
Tierra del Fuego,Ley,461,"Vigente, de alcance general",1991-06-20,1991-08-05,LEY N. 461,Talleres de violencia familiar.,FAMILIA-VIOLENCIA FAMILIAR,www.saij.gob.ar/LPV0000054
Tierra del Fuego,Ley,461,"Individual, Solo Modificatoria o Sin Eficacia",1999-11-24,2000-01-07,LEY 461,Tribunal de cuentas: modificación,SOLO MODIFICATORIA-SUSTITUYE ART. 32 DE LA LEY P. 50 (B.O. 23-12-92) SOBRE TRIBUNAL DE CUENTAS.,www.saij.gob.ar/LPV0000957
Tierra del Fuego,Ley,462,"Vigente, de alcance general",1991-06-27,1991-08-05,LEY N. 462,Régimen de innovación tecnológica en la producción.,PRODUCCION-TECNOLOGIA-INVESTIGACION-ASISTENCIA TECNICA-FOMENTO- DESARROLLO-ADHESION LEY 23.877,www.saij.gob.ar/LPV0000055
Tierra del Fuego,Ley,462,"Individual, Solo Modificatoria o Sin Eficacia",1999-11-24,2000-01-07,LEY 462,Régimen  de  equiparación  de  oportunidades  para personas con discapacidad: modificación,SOLO MODIFICATORIA-MODIFICA LEY P. 48 (B.O. 21-12-92) SOBRE REGIMEN DE EQUIPARACION DE OPORTUNIDADES PARA PERSONAS CON DISCAPACIDAD (INCORPORA INCISO K) AL ART.5º E INCORPORA ART. 5º BIS).,www.saij.gob.ar/LPV0000958
Tierra del Fuego,Ley,463,"Vigente, de alcance general",1991-08-01,1991-09-30,LEY N. 463,Extensión de cobertura social a los beneficiarios de la pensión fueguina de arraigo,OBRA SOCIAL-INSTITUTO SERVICIOS SOCIALES DEL TERRITORIO-PENSION FUEGUINA DE ARRAIGO,www.saij.gob.ar/LPV0000065
Tierra del Fuego,Ley,464,"Vigente, de alcance general",1991-08-01,1991-09-30,LEY N. 464,Creación de una comisión de estudio y propuesta sobre cuestión carcelaria.,CARCELES-COMISION DE ESTUDIO Y PROPUESTA,www.saij.gob.ar/LPV0000066
Tierra del Fuego,Ley,465,Derogada,1999-11-24,2000-01-01,*LEY 465,Ley de marcas y señales: modificaciones,SOLO MODIFICATORIA-SUSTITUYE ART. 71 DE LA LEY P. 262 (B.O. 11-11-85) SOBRE LEY DE MARCAS Y SEÑALES-NORMA DEROGADA POR ART. 2 LEY 541 (B.O.P. 16-01-2002),www.saij.gob.ar/LPV0000961
Tierra del Fuego,Ley,465,"Individual, Solo Modificatoria o Sin Eficacia",1991-08-01,1991-09-30,Ley 465.,n/d,OTORGA PENSION GRACIABLE A ROSA EMA BURGOS,www.saij.gob.ar/LPV0000477
Tierra del Fuego,Ley,466,Derogada,1991-08-08,1991-09-30,Ley 466.,n/d,OTORGA PENSION GRACIABLE A PROSPERO SANTILLAN.,www.saij.gob.ar/LPV0000476
Tierra del Fuego,Ley,466,"Individual, Solo Modificatoria o Sin Eficacia",1999-11-24,2000-01-07,LEY 466,Plan  provincial  de  lucha  y  erradicación de la triquinosis en la especie porcina: modificación,SOLO MODIFICATORIA-MODIFICA LEY P.377 (B.O. 22-09-89) SOBRE PLAN PROVINCIAL DE LUCHA Y ERRADICACION DE LA TRIQUINOSIS EN LA ESPECIE PORCINA (MODIFICANDO ART. 5º Y SUSTITUYENDO ARTS. 21 Y 25),www.saij.gob.ar/LPV0000962
Tierra del Fuego,Ley,467,"Vigente, de alcance general",1999-11-24,2000-01-07,LEY 467,Inscripción de alumnos extranjeros que hayan iniciado el tramite de regularización migratoria.,CULTURA Y EDUCACION-ESTABLECIMIENTOS EDUCACIONALES-INSCRIPCION DE ALUMNOS EXTRANJEROS.,www.saij.gob.ar/LPV0000963
Tierra del Fuego,Ley,467,"Individual, Solo Modificatoria o Sin Eficacia",1991-08-08,1991-09-30,Ley 467.,n/d,OTORGA PENSION GRACIABLE A MARIA RUFINO FUNES.,www.saij.gob.ar/LPV0000475
Tierra del Fuego,Ley,468,"Vigente, de alcance general",1991-08-15,1991-09-30,LEY N. 468,Cobertura por obras sociales de enfermos de SIDA.,OBRA SOCIAL-SINDROME DE INMUNO DEFICIENCIA ADQUIRIDA (S.I.D.A.)- COBERTURA-INSTITUTO DE SERVICIOS SOCIALES DEL TERRITORIO (ISST)- OBLIGACION-MEDICAMENTOS,www.saij.gob.ar/LPV0000067
Tierra del Fuego,Ley,468,"Individual, Solo Modificatoria o Sin Eficacia",1999-11-24,2000-01-07,LEY 468,"Régimen de jubilaciones, pensiones y retiros: modificación.","SOLO MODIFICATORIA-MODIFICA LEY T. 244 (B.O. 14-01-85) SOBRE REGIMEN DE JUBILACIONES, PENSIONES Y RETIROS-PREVISION SOCIAL-JUBILACIONES Y PENSIONES-RETIRO-ART. 1 DEROGADO POR ART. 80 LEY 561 (B.O.P. 27-11-2002)",www.saij.gob.ar/LPV0000964
Tierra del Fuego,Ley,469,Derogada,1999-11-24,2000-01-07,*LEY 469,Sistema de gestión y administración financiera del sector público: modificación.,NORMA DEROGADA POR ART. 133 LEY 495 (B.O.P. 10-11-2000)- SOLO MODIFICATORIA-MODIFICANDO LEY P. 338 (B.O. 13-12-96) Y LEY P. 430 (B.O. 30-07-90)-SOBRE SISTEMA DE GESTION Y ADMINISTRACION FINANCIERA DEL SECTOR PUBLICO-ESTADO PROVINCIAL-SISTEMA DE...,www.saij.gob.ar/LPV0000965
Tierra del Fuego,Ley,469,"Vigente, de alcance general",1991-08-15,1991-09-30,LEY N. 469,Isla de los estados: determinación de áreas de monumento natural y de reservas naturales,ECOLOGIA-MEDIO AMBIENTE-AREA NATURAL-ISLA DE LOS ESTADOS-AREA DE LOS ESTADOS-MONUMENTO NATURAL-RESERVA NATURAL,www.saij.gob.ar/LPV0000068
Tierra del Fuego,Ley,47,"Vigente, de alcance general",1992-12-14,1992-12-21,Ley 47,Adhesión a la ley 24145 sobre hidrocarburos y coparticipación de la explotación en áreas de la cuenca austral ya privatizadas.,EXPLOTACION DE HIDROCARBUROS-DERECHOS MINEROS-LECHO SUBMARINO,www.saij.gob.ar/LPV0000543
Tierra del Fuego,Ley,47,"Individual, Solo Modificatoria o Sin Eficacia",1972-12-07,1973-01-29,Ley 47.,n/d,URBANISMO-EJIDO URBANO-DESAFECTACION DEL USO PUBLICO DE LA CALLE PATAGONIA (USHUAIA).,www.saij.gob.ar/LPV0000541
Tierra del Fuego,Ley,470,Derogada,1991-08-15,1991-09-30,*LEY N. 470,"Estatuto profesional para el personal del banco del territorio Nacional de Tierra del Fuego, Antártida e islas del atlántico sur.",BANCOS-EMPLEADO BANCARIO-ESTATUTO DEL BANCARIO-ESTABILIDAD- INVALIDEZ-INDEMNIZACION POR ANTIGÜEDAD-REINSTALACION DEL EMPLEADO- FALLECIMIENTO-FACULTADES DISCIPLINARIAS-CAMBIO DE LUGAR DE TRABAJO-SUMARIO ADMINISTRATIVO-CARRERA BANCARIA,www.saij.gob.ar/LPV0000069
Tierra del Fuego,Ley,470,"Vigente, de alcance general",1999-11-24,2000-01-07,LEY 470,Régimen provincial de partidos políticos.,PARTIDOS POLITICOS-REGIMEN PROVINCIAL-CLASIFICACION-ALIANZAS- CONFEDERACION-CARTA ORGANICA-AFILIACION-EXTINCION-REGISTRO- ELECCIONES INTERNAS-ORGANO ELECTORAL-INHABILIDADES-PATRIMONIO -FONDO PARTIDARIO PERMANENTE-AUTORIDAD DE APLICACION-REGIMEN...,www.saij.gob.ar/LPV0000966
Tierra del Fuego,Ley,471,"Vigente, de alcance general",1991-08-15,1991-09-30,LEY N. 471,Carreras universitarias a distancia,EDUCACION-UNIVERSIDAD-CARRERA UNIVERSITARIA-EDUCACION A DISTANCIA,www.saij.gob.ar/LPV0000070
Tierra del Fuego,Ley,471,"Vigente, de alcance general",1999-12-15,2000-01-26,LEY 471,Scouts de argentina. Asociación  civil: reconocimiento como institución acreditada.,DEPORTES-SCOUTISMO-ASOCIACIONES CIVILES-SCOUTS DE ARGENTINA- MOVIMIENTO SCOUT-MINISTERIO DE EDUCACION Y CULTURA.DEROGA LEY T. 443 (BOP. 03-12-90).,www.saij.gob.ar/LPV0000967
Tierra del Fuego,Ley,472,"Vigente, de alcance general",1991-10-10,1991-10-21,LEY 472,Programa de saneamiento financiero y desarrollo económico de provincia.,ADMINISTRACION PUBLICA-CONVENIO-PRESTAMO-PROGRAMA DE SANEAMIENTO FINANCIERO Y DESARROLLO ECONOMICO DE PROVINCIAS.,www.saij.gob.ar/LPV0000116
Tierra del Fuego,Ley,472,"Vigente, de alcance general",1999-12-15,2000-01-26,LEY 472,P.E.P.:  adhesión de la Pcia. a la ley nac n. 24467 sobre regulación de las pymes.,PODER EJECUTIVO PROVINCIAL-PEQUEÑA Y MEDIANA EMPRESA-ADHESION PROVINCIAL-LEY NACIONAL.,www.saij.gob.ar/LPV0000968
Tierra del Fuego,Ley,473,"Vigente, de alcance general",1991-09-12,1991-10-21,LEY 473,Licencia especial a la mujer golpeada.,ACCION SOCIAL-ADMINISTRACION PUBLICA-LICENCIA-LICENCIA ESPECIAL-MUJER-MUJER GOLPEADA-VIOLENCIA FAMILIAR-MALOS TRATOS.,www.saij.gob.ar/LPV0000117
Tierra del Fuego,Ley,473,"Vigente, de alcance general",1999-12-15,2000-01-26,LEY 473,P.E.P.  Adhesión de la provincia al compromiso federal firmado en  la Ciudad de bs. as. el 06-12-99.,PODER EJECUTIVO PROVINCIAL-COMPROMISO FEDERAL-ADHESION PROVINCIAL- LEY NACIONAL.,www.saij.gob.ar/LPV0000969
Tierra del Fuego,Ley,474,Derogada,1991-09-12,1991-10-21,Ley 474,n/d,"NORMA DEROGADA POR ART. 10 LEY 728 (B.O.P. 05-01-2007)- SOLO MODIFICATORIA-MODIFICA LEY TERRITORIAL NRO. 284 SOBRE LICENCIAS POR MATERNIDAD, NACIMIENTO, LACTANCIA Y ADOPCION-ADMINISTRACION PUBLICA-REGIMEN DE LICENCIAS-EMPLEADOS PUBLICOS-NACIMIENTO...",www.saij.gob.ar/LPV0000396
Tierra del Fuego,Ley,474,"Vigente, de alcance general",1999-12-15,2000-01-26,LEY 474,P.E.P.: donación de inmueble al centro de jubilados Akainik.,PODER EJECUTIVO PROVINCIAL-CENTRO DE JUBILADOS AKAINIK-DONACION BIENES INMUEBLES,www.saij.gob.ar/LPV0000970
Tierra del Fuego,Ley,475,Derogada,1999-12-15,2000-01-26,*LEY 475,"Ejidos urbanos de Ushuaia, Rio Grande y Tolhuin: modificación.",URBANIZACION-CATASTRO-EJIDO URBANO-TOLHUIN.,www.saij.gob.ar/LPV0000971
Tierra del Fuego,Ley,475,"Individual, Solo Modificatoria o Sin Eficacia",1990-07-13,1991-10-28,Ley 475,n/d,MODIFICA LEY TERRITORIAL NRO. 234 SOBRE TRANSFORMACION EN ENTIDAD AUTARQUICA DEL BANCO DEL TERRITORIO Y APROBACION DEL ESTATUTO.- BANCO-BANCO DEL TERRITORIO-ENTIDAD-AUTARQUIA-ESTATUTO-DOMICILIO...,www.saij.gob.ar/LPV0000395
Tierra del Fuego,Ley,476,Derogada,1990-09-27,1991-10-28,*LEY 476,n/d,DEROGADA POR LEY P.126 SOBRE PESCA DEPORTIVA.- ECOLOGIA-PESCA-PESCA DEPORTIVA-PROHIBICIONES-MEDIO AMBIENTE- RESIDUOS TOXICOS-DEPORTE-CONCURSOS-PERMISO DE PESCA-TEMPORADA DE PESCA-FIESTA TERRITORIAL DE LA TRUCHA.,www.saij.gob.ar/LPV0000118
Tierra del Fuego,Ley,476,Derogada,1999-12-15,2000-01-26,LEY 476,Modificatoria de ley 274 sobre ejercicio de la profesión del servicio social o trabajo social.,NOTA DE REDACCIÓN: DEROGADA POR ART. 39 LEY 1165 (B.O.P.: 19/06/17).SOLO MODIFICATORIA-MODIFICANDO LEY P. 274 (B.O.P 16-01-96) SOBRE  EJERCICIO DE LA PROFESION DEL SERVICIO SOCIAL O TRABAJO SOCIAL-  TRABAJO SOCIAL-SEGURIDAD SOCIAL-EJERCICIO...,www.saij.gob.ar/LPV0000972
Tierra del Fuego,Ley,477,"Individual, Solo Modificatoria o Sin Eficacia",1991-10-17,1991-10-28,Ley 477.,n/d,OBJETO CUMPLIDO-ADMINISTRACION PUBLICA TERRITORIAL-PRESUPUESTO GENERAL-EJERCICIO 1991.,www.saij.gob.ar/LPV0000242
Tierra del Fuego,Ley,478,"Vigente, de alcance general",2000-03-23,2000-05-12,LEY 478,Banco de Tierra del Fuego: transformación  en sociedad anónima. Estatuto social,ECONOMIA Y FINANZAS-BANCOS PROVINCIALES-BANCO DE TIERRA DEL FUEGO- TRANSFORMACION DE SOCIEDADES-SOCIEDAD ANONIMA-ENTIDADES FINANCIERAS- PATRIMONIO-PASIVO SOCIETARIO-DESVINCULACION DE DEUDAS DEL ESTADO PROVINCIAL-DERECHO LABORAL-ESTATUTO...,www.saij.gob.ar/LPV0000974
Tierra del Fuego,Ley,478,"Individual, Solo Modificatoria o Sin Eficacia",1991-10-10,1991-10-28,Ley 478.,n/d,OBJETO CUMPLIDO-LEY IMPOSITIVA-EJERCICIO 1991-SERVICIOS ESPECIALES- RENTAS-CATASTRO-INDUSTRIA-COMERCIO-POLICIA-REGISTRO CIVIL- ACTUACIONES NOTARIALES-INGRESOS BRUTOS-INMOBILIARIO-RURAL.,www.saij.gob.ar/LPV0000241
Tierra del Fuego,Ley,479,"Vigente, de alcance general",1991-10-10,1991-10-28,LEY 479,Comisión de trabajo y estudios de actividades pesqueras en rio grande.,PESCA-ACTIVIDADES PESQUERAS-COMISION-C0MISION DE TRABAJO- RIO GRANDE.,www.saij.gob.ar/LPV0000119
Tierra del Fuego,Ley,479,"Vigente, de alcance general",2000-04-13,2000-06-09,LEY 479,Empresa   hidrocarburos  fueguinos  sociedad  anónima.  disolución   - Liquidación.,"PODER EJECUTIVO PROVINCIAL-HIDROCARBUROS-HIFUSA-HIDROCARBUROS FUEGUINOS SOCIEDAD ANONIMA-DISOLUCION-LIQUIDACION-DESTINO BONOS ALBATROS-PUERTO CALETA LA MISION-DEROGACION LEYES 91,109,243.",www.saij.gob.ar/LPV0000975
Tierra del Fuego,Ley,48,"Vigente, de alcance general",1992-11-26,1992-12-21,LEY 48,Régimen de equiparación de oportunidades para personas con discapacidad.,DISCAPACITADOS-ASISTENCIA SANITARIA-MINISTERIO DE SALUD Y ACCION SOCIAL-MINISTERIO DE EDUCACION-CENTROS DE REHABILITACION-SUBSIDIOS- BECAS-EDUCACION ESPECIAL-ASIGNACIONES FAMILIARES-TRANSPORTE PUBLICO OBRAS PUBLICAS-REGIMEN LABORAL-TRABAJO...,www.saij.gob.ar/LPV0000544
Tierra del Fuego,Ley,48,"Individual, Solo Modificatoria o Sin Eficacia",1972-12-07,1973-01-29,Ley 48.,n/d,AMBITO TEMPORAL CUMPLIDO-PODER EJECUTIVO TERRITORIAL-ADMINISTRACION PUBLICA-REMUNERACIONES-PERSONAL PERMANENTE-PERSONAL TRANSITORIO- PERSONAL CONTRATADO.,www.saij.gob.ar/LPV0000352
Tierra del Fuego,Ley,480,Derogada,1991-10-10,1991-10-28,*Ley 480,Código fiscal,CODIGO FISCAL-LEY FISCAL-OBLIGACION FISCAL-DIRECCION GENERAL DE RENTAS:FUNCIONES-FACULTADES-IMPUESTOS-GRAVAMENES-TASAS CONTRIBUCIONES-DOMICILIO FISCAL-CONTRIBUYENTE-OBLIGACIONES-DEBERES ILICITOS-SANCIONES-PROCEDIMIENTO CONTENCIOSO-PROCEDIMIENTO...,www.saij.gob.ar/LPV0000120
Tierra del Fuego,Ley,480,"Vigente, de alcance general",2000-05-23,2000-05-31,LEY 480,"P.E.P.:    ratificación    convenio   complementario  de  asistencia financiera  suscripto  el  12/04/00 entre  la  provincia,  el  fon  do fiduciario  para  el  desarrollo   provincial  y  la  secretaria  de programación económica y regional de la Nacion.",PODER EJECUTIVO PROVINCIAL-CONVENIO COMPLEMENTARIO DE ASISTENCIA FINANCIERA-FONDO FIDUCIARIO PARA EL DESARROLLO PROVINCIAL-SECRETARIA DE PROGRAMACION ECONOMICA Y REGIONAL-REGIMEN DE COPARTICIPACION FEDERAL DE IMPUESTOS.,www.saij.gob.ar/LPV0000976
Tierra del Fuego,Ley,481,"Vigente, de alcance general",2000-05-23,2000-05-31,LEY 481,P.E.P.:  ratificación convenio de asistencia financiera suscripto  el 09/02/00 entre la Pcia. y el gobierno Nacional.,PODER EJECUTIVO PROVINCIAL-CONVENIO DE ASISTENCIA FINANCIERA- GOBIERNO NACIONAL.,www.saij.gob.ar/LPV0000977
Tierra del Fuego,Ley,481,"Individual, Solo Modificatoria o Sin Eficacia",1991-09-26,1991-11-04,Ley 481.,n/d,OTORGA PENSION GRACIABLE A JOSE ALFREDO CANOBAS.,www.saij.gob.ar/LPV0000474
Tierra del Fuego,Ley,482,"Individual, Solo Modificatoria o Sin Eficacia",1991-09-26,1991-11-04,Ley 482.,n/d,OTORGA PENSION GRACIABLE A JOSE LATORRE GALLARDO.,www.saij.gob.ar/LPV0000473
Tierra del Fuego,Ley,482,"Individual, Solo Modificatoria o Sin Eficacia",2000-06-06,2000-08-01,LEY 482,Dirección Provincial de vialidad: modificación.,SOLO MODIFICATORIA-MODIFICANDO LEY P. 422 SOBRE DIRECCION PROVINCIAL DE VIALIDAD-VIALIDAD-DIRECCIONES PROVINCIALES-CREACIONMISION Y FUNCIONES-FONDOS PROVINCIALES-CAMINOS-CONSORCIOS CAMINEROS-PODER DE POLICIA-TRANSITO AUTOMOTOR-PUBLICIDAD EN LA VIA...,www.saij.gob.ar/LPV0000978
Tierra del Fuego,Ley,483,"Individual, Solo Modificatoria o Sin Eficacia",1991-09-26,1991-11-04,Ley 483.,n/d,OTORGA PENSION GRACIABLEA GONZALO NAVARRO LOPEZ.,www.saij.gob.ar/LPV0000472
Tierra del Fuego,Ley,483,"Individual, Solo Modificatoria o Sin Eficacia",2000-06-06,2000-08-01,LEY 483,Medio ambiente: Modificación.,MODIFICANDO LEY P. 55 SOBRE ECOLOGIA-RECURSOS NATURALES-MEDIO AMBIENTE-ECOSISTEMA-RECURSOS RENOVABLES-RECURSOS NO RENOVABLES- POLITICA AMBIENTAL-OBJETIVO-AMBITO DE APLICACION-PROTECCION- SANEAMIENTO-CALIDAD DE VIDA-FLORA-FAUNA-DEFENSA DEL...,www.saij.gob.ar/LPV0000979
Tierra del Fuego,Ley,484,Derogada,2000-06-29,2000-08-01,*LEY 484,Consejo  de  la  Magistratura. Ley  orgánica del Poder Judicial  Enjuiciamiento de magistrados y funcionarios  del ministerio publico del Poder Judicial: modificaciones.,"NORMA DEROGADA POR ART 37 LEY 525 (B.O.P. 03-09-01)-SOLO MODIFICATORIA- MODIFICALAS LEYES PROVINCIALES NROS. 8 (B.O.P 08-05-92), 110 (B.O.P.24-11-93) Y 210 (B.O.P. 23-01-95) SOBRE CONSEJO DE LA MAGISTRATURA- LEY ORGANICA DEL PODER...",www.saij.gob.ar/LPV0000980
Tierra del Fuego,Ley,484,"Individual, Solo Modificatoria o Sin Eficacia",1991-10-03,1991-11-04,Ley 484.,n/d,OTORGANDO PENSION GRACIABLE- PREVISION SOCIAL-PENSION-PENSION GRACIABLE-NORMA ISABEL DIAZ DE ALVARADO.,www.saij.gob.ar/LPV0000471
Tierra del Fuego,Ley,485,"Individual, Solo Modificatoria o Sin Eficacia",1991-10-24,1991-11-04,Ley 485,n/d,MODIFICA LEY TERRITORIAL NRO. 216 SOBRE MINISTERIOS.- ADMINISTRACION PUBLICA-PODER EJECUTIVO-GOBERNACION-MINISTERIO- SECRETARIA-SUBSECRETARIA-ASESOR LETRADO-ESCRIBANO DE GOBIERNO.,www.saij.gob.ar/LPV0000394
Tierra del Fuego,Ley,485,"Individual, Solo Modificatoria o Sin Eficacia",2000-06-29,2000-07-25,LEY 485,Código fiscal: Modificación.,SOLO MODIFICATORIA-MODIFICANDO LEY P. 439. (B.O.P. 01-02-99) SOBRE CODIGO FISCAL DE TIERRA DEL FUEGO.,www.saij.gob.ar/LPV0000981
Tierra del Fuego,Ley,486,"Vigente, de alcance general",2000-08-22,2000-09-01,LEY 486,Fondo residual de administración del Poder Ejecutivo Provincial creado por ley n. 478: regulación.,ECONOMIA Y FINANZAS-FONDO RESIDUAL DE ADMINISTRACION BANCO PROVINCIA TIERRA DEL FUEGO-OBJETO-FUNCIONES-FACULTADES- ADMINISTRACION-SUPERVISION-COMISION DE SEGUIMIENTO DE LEGISLATURA PROVINCIAL-DETERMINACION DE CREDITOS-REFINANCIACION DE CREDITOS-...,www.saij.gob.ar/LPV0000982
Tierra del Fuego,Ley,486,"Individual, Solo Modificatoria o Sin Eficacia",1991-10-31,1991-11-11,Ley 486.,n/d,AMBITO TEMPORAL CUMPLIDO-EMERGENCIA PREVISIONAL Y SOCIAL DEL GOBIERNO DEL EX TERRITORIO HASTA EL 10.12.91-BONOS LEY 23982-ITPS,www.saij.gob.ar/LPV0000240
Tierra del Fuego,Ley,487,"Vigente, de alcance general",1991-10-03,1991-11-12,Ley 487,Declaración de área de reserva recreativa natural a laguna del diablo,MEDIO AMBIENTE-RESERVA RECREATIVA NATURAL-LAGUNA DEL DIABLO,www.saij.gob.ar/LPV0000121
Tierra del Fuego,Ley,487,"Vigente, de alcance general",2000-08-22,2000-09-01,LEY 487,Ley de compromiso fiscal y transparencia de la gestión financiera.,ADMINISTRACION PUBLICA PROVINCIAL-RECURSOS PUBLICOS-GASTOS PUBLICOS-EQUILIBRIO PRESUPUESTARIO-COMPROMISO FISCAL- TRANSPARENCIA DE LA GESTION FINANCIERA-CREACION DE UNIDAD DE EVALUACION DE GESTION FISCAL DEL SECTOR PUBLICO NO FINANCIERO DE LA...,www.saij.gob.ar/LPV0000983
Tierra del Fuego,Ley,488,"Individual, Solo Modificatoria o Sin Eficacia",1991-10-10,1991-11-20,Ley 488,n/d,MODIFICA LEY TERRITORIAL NRO. 469 SOBRE DECLARACION DE LA ISLA DE LOS ESTADOS COMO AREA DE LOS ESTADOS Y DETERMINACION DE AREAS DE MONUMENTO NATURAL Y DE RESERVAS NATURALES.- ECOLOGIA-MEDIO AMBIENTE-AREA NATURAL-ISLA DE LOS ESTADOS-AREA DE LOS...,www.saij.gob.ar/LPV0000393
Tierra del Fuego,Ley,488,"Individual, Solo Modificatoria o Sin Eficacia",2000-08-10,2000-10-02,LEY 488,Ley electoral: modificación.,SOLO MODIFICATORIA-MODIFICANDO LEY P. 201 (B.O.P. 09/01/95) SOBRE ELECCIONES PROVINCIALES-REGIMEN ELECTORAL-LEY-DISPOSICIONES-AMBITO- DERECHOS-ELECTORES-DEBERES-REGISTRO-PADRON ELECTORAL PROVINCIAL-PERSONAL DE CUSTODIA-PADRON MUNICIPAL-PADRON...,www.saij.gob.ar/LPV0000984
Tierra del Fuego,Ley,489,Derogada,2000-08-29,2000-10-02,LEY 489,Ley de tránsito y seguridad vial. Adhesión Ley Nacional n. 24.449: modificación.,SOLO MODIFICATORIA-MODIFICANDO LEY P. 376 (B.O.P. 17/09/97) SOBRE TRANSITO-SEGURIDAD VIAL-AUTORIDAD COMPETENTE-INTERPRETACION- PUBLICIDAD EN LA VIA PUBLICA-CONDICIONES DE SEGURIDAD-PEATONES- DISCAPACITADOS-ADHESION PROVINCIAL-LEY NACIONAL 24.449.,www.saij.gob.ar/LPV0000985
Tierra del Fuego,Ley,489,"Vigente, de alcance general",1991-10-24,1991-12-10,Ley 489,Lucha contra la diabetes,SALUD PUBLICA-DIABETES-EDUCACION SANITARIA-TRATOS DISCRIMINATORIOS,www.saij.gob.ar/LPV0000122
Tierra del Fuego,Ley,49,"Vigente, de alcance general",1972-12-26,1973-01-29,Ley 49,Creación del instituto territorial de la salud,INSTITUTO TERRITORIAL DE LA SALUD-CREACION DE ORGANISMOS-MISION Y FUNCIONES-ESTRUCTURA ORGANICA-RECURSOS FINANCIEROS-ESTABLECIMIENTOS ASISTENCIALES-TRANSFERENCIA DE PERSONAL-CARRERA HOSPITALARIA- MODIFICA LEY 10.,www.saij.gob.ar/LPV0000177
Tierra del Fuego,Ley,49,"Individual, Solo Modificatoria o Sin Eficacia",1992-12-02,1992-12-23,Ley 49.,n/d,OTORGA PENSION GRACIABLE A JOSE MARIA ALVAREZ ALVAREZ. REZ.,www.saij.gob.ar/LPV0000562
Tierra del Fuego,Ley,490,Derogada,1991-12-02,1991-12-10,*Ley 490,n/d,SOLO MODIFICATORIA-MODIFICA LEY TERRITORIAL NRO. 389 SOBRE DEPORTES- DEPORTES-PROMOCION-FOMENTO-DEPORTE ESCOLAR-POPULAR-RECREATIVO- REGIONAL-LABORAL-DISCAPACITADOS-AFICIONADOS-PROFESIONALES-MISION DE ESTADO-PODER EJECUTIVO-MINISTERIO DE...,www.saij.gob.ar/LPV0000392
Tierra del Fuego,Ley,490,"Vigente, de alcance general",2000-08-31,2000-10-02,LEY 490,Programa  de  reformas  y  desarrollo de los municipios argentinos   - contrato de préstamo (BID n.  1164/ociar)  suscripto entre la Nacion argentina  y el banco interamericano de desarrollo: declaración de interés provincial.,MUNICIPALIDAD-DECLARACION DE INTERES PROVINCIAL-MUNICIPIOS ARGENTINOS-PROGRAMA DE REFORMA Y DESARROLLO-BANCO INTERAMERICANO DE DESARROLLO-(BID)-FINANCIACION-CONTRATO DE PRESTAMO BID Nº 1164/OC-AR-GARANTIA DE LA PROVINCIA-ACEPTACION RECURSOS DE...,www.saij.gob.ar/LPV0000986
Tierra del Fuego,Ley,491,Derogada,2000-09-26,2000-11-01,LEY 491,Instituto    Provincial   de  Vivienda: autorización  para  obtener financiamiento Nacional o  interNacional a través de la titulización de su cartera de créditos.,INSTITUTO PROVINCIAL DE LA VIVIENDA-I.P.V.-AUTORIZACION LEGISLATIVA-FINANCIAMIENTO NACIONAL E INTERNACIONAL. TITULIZACION CARTERA DE CREDITOS.,www.saij.gob.ar/LPV0000987
Tierra del Fuego,Ley,491,"Individual, Solo Modificatoria o Sin Eficacia",1991-12-02,1991-12-10,Ley 491.,n/d,OBJETO CUMPLIDO-INSTITUTO DE SERVICIOS SOCIALES DEL TERRITORIO- PRESUPUESTO GENERAL-EJERCICIO 1991.,www.saij.gob.ar/LPV0000239
Tierra del Fuego,Ley,492,Derogada,1991-12-02,1991-12-10,Ley 492,n/d,MODIFICA LEY TERRITORIAL NRO. 266 SOBRE CREACION DE LA DIRECCION DE JUEGOS DE AZAR.- JUEGOS DE AZAR-DIRECCION DE JUEGOS DE AZAR-LOTERIA-QUINIELA- CONCESION-COPARTICIPACION MUNICIPAL.,www.saij.gob.ar/LPV0000391
Tierra del Fuego,Ley,492,"Individual, Solo Modificatoria o Sin Eficacia",2000-09-26,2000-11-01,LEY 492,Impuestos de sellos: modificación.,SOLO MODIFICATORIA-MODIFICANDO LEY T.175 (B.O.T. 30-11-81) SOBRE:IMPUESTO DE SELLOS-TRANSFERENCIA DE INMUEBLES-PRECIO REAL DE VENTA.,www.saij.gob.ar/LPV0000988
Tierra del Fuego,Ley,493,"Vigente, de alcance general",2000-09-26,2000-11-01,LEY 493,Turismo: Adhesión  de  la  provincia  a  la Ley Nacional n. 25.198.,TURISMO-PROMOCION DEL TURISMO-ADHESION LEY NACIONAL Nº 25.198.,www.saij.gob.ar/LPV0000989
Tierra del Fuego,Ley,493,"Individual, Solo Modificatoria o Sin Eficacia",1991-12-02,1991-12-10,Ley 493,n/d,MODIFICA LEY TERRITORIAL NRO. 216 SOBRE MINISTERIOS.- ADMINISTRACION PUBLICA-PODER EJECUTIVO-GOBERNACION-MINISTERIO- SECRETARIA-SUBSECRETARIA-ASESOR LETRADO-ESCRIBANO DE GOBIERNO.,www.saij.gob.ar/LPV0000390
Tierra del Fuego,Ley,494,Derogada,1991-12-02,1991-12-10,Ley 494,Habilitación de locales destinados a juegos de azar.,JUEGOS DE AZAR-DIRECCION DE JUEGOS DE AZAR-HABILITACION DEL ESTABLECIMIENTO-CASINOS,www.saij.gob.ar/LPV0000123
Tierra del Fuego,Ley,494,"Vigente, de alcance general",2000-10-10,2000-11-01,LEY 494,Reserva  corazón  de  la  isla:  Creación.  Área  natural protegida.,DERECHO AMBIENTAL-AREAS NATURALES PROTEGIDAS-RESERVA CORAZON DE LA ISLA- RESERVA RECREATIVA NATURAL-RESERVA DE USO MULTIPLE-CUENTA PATRIMONIAL-DIAGNOSTICO AMBIENTAL.,www.saij.gob.ar/LPV0000990
Tierra del Fuego,Ley,495,"Vigente, de alcance general",2000-10-26,2000-11-10,LEY 495,Administración  financiera  y sistemas de control del sector Publico provincial.,ADMINISTRACION FINANCIERA-SECTOR PUBLICO PROVINCIAL-SISTEMAS DE CONTROL-CONTADURIA GENERAL-TRIBUNAL DE CUENTAS-PRESUPUESTO ADMINISTRACION PROVINCIAL-LEY DE PRESUPUESTO GENERAL-EJECUCION- CIERRE DE CUENTAS-EMPRESAS Y SOCIEDADES DEL ESTADO-CREDITO...,www.saij.gob.ar/LPV0000991
Tierra del Fuego,Ley,495,"Individual, Solo Modificatoria o Sin Eficacia",1991-12-02,1991-12-10,Ley 495.,n/d,MODIFICATORIA DE LEY SIN EFICACIA-MODIFICA LEY 477 DE PRESUPUESTO GENERAL DE ADMINISTRACION DEL TERRITORIO-EJERCICIO 1991- SUBSECRETARIA DE SALUD PUBLICA-PERSONAL MEDICO-ESCALA SALARIAL- INCREMENTO.,www.saij.gob.ar/LPV0000238
Tierra del Fuego,Ley,496,Derogada,1991-12-09,1991-12-16,Ley 496,n/d,DEROGADA POR LEY 13 (B.O. 10-06-92) SOBRE MODIFICACION CODIGO FISCAL.- IMPUESTO-GRAVAMEN-TRIBUTO-IMPUESTO A LOS INGRESOS BRUTOS-CODIGO FISCAL-MODIFICACION-ACTIVIDADES IMPONIBLES.,www.saij.gob.ar/LPV0000207
Tierra del Fuego,Ley,496,"Individual, Solo Modificatoria o Sin Eficacia",2000-10-26,2000-12-01,LEY 496,Poder  legislativo: institución  medalla  de  honor.  Modificación.,SOLO MODIFICATORIA-MODIFICA LEY P. 73 (B.O.P. 09-06-93) SOBRE MEDALLA-CONDECORACIONES-PODER LEGISLATIVO.,www.saij.gob.ar/LPV0001004
Tierra del Fuego,Ley,497,"Vigente, de alcance general",2000-10-26,2000-12-01,LEY 497,Poder  Ejecutivo  Provincial: Adhesión  de  la  provincia  a la ley Nacional n. 25.212 sobre pacto federal del trabajo.,DERECHO LABORAL-PODER EJECUTIVO PROVINCIAL-PACTO FEDERAL DEL TRABAJO-LEY NACIONAL N 25.212-ADHESION POVINCIAL.,www.saij.gob.ar/LPV0000992
Tierra del Fuego,Ley,497,"Individual, Solo Modificatoria o Sin Eficacia",1991-12-06,1991-12-16,Ley 497,n/d,MODIFICA LEY TERRITORIAL NRO. 486 SOBRE EMERGENCIA PREVISIONAL Y SOCIAL DEL GOBIERNO DEL EX TERRITORIO.- PODER EJECUTIVO-GOBIERNO-EX TERRITORIO-INSTITUTO TERRITORIAL DE PREVISION SOCIAL-INSTITUTO DE SERVICIOS SOCIALES DEL TERRITORIO- EMERGENCIA...,www.saij.gob.ar/LPV0000389
Tierra del Fuego,Ley,498,Derogada,2000-10-26,2000-12-01,LEY 498,Poder Ejecutivo provincial: adhesión de la provincia a la ley Nacional N. 25.273 sobre régimen especial de inasistencias de alumnas embarazadas,DEROGADA POR LA LEY PROVINCIAL N§ 953 (B.O.P.: 23/12/13.) PODER EJECUTIVO PROVINCIAL-EDUCACION-INASISTENCIAS-ALUMNAS EMBARAZADAS-REGIMEN ESPECIAL-LEY NACIONAL N§ 25.273-ADHESION PROVINCIAL-AUSENCIAS JUSTIFICADAS.,www.saij.gob.ar/LPV0000993
Tierra del Fuego,Ley,498,"Individual, Solo Modificatoria o Sin Eficacia",1991-12-06,1991-12-16,Ley 498.,n/d,MODIFICATORIA DE LEY SIN EFICACIA.MODIFICA LEY 477 DE PRESUPUESTO GENERAL ADMINISTRACION DEL TERRITORIO EJERCICIO 1991--PRESUPUESTO GENERAL-EJERCICIO 1991-MODIFICA LEY 477-CONVENIO DOCENTE-DEUDA SALARIAL.,www.saij.gob.ar/LPV0000237
Tierra del Fuego,Ley,499,"Vigente, de alcance general",2000-10-26,2000-12-01,LEY 499,Día del trabajador bancario: declaración.,BANCO-EMPLEADOS BANCARIOS-DIA DEL TRABAJADOR BANCARIO- DECLARACION JORNADA NO LABORABLE-FERIADO BANCARIO.,www.saij.gob.ar/LPV0000994
Tierra del Fuego,Ley,5,"Vigente, de alcance general",1992-04-09,1992-04-24,Ley 5,Coparticipación Federal de Impuestos.,COPARTICIPACION FEDERAL-DOBLE IMPOSICION-CONVENIO MULTILATERAL,www.saij.gob.ar/LPV0000155
Tierra del Fuego,Ley,5,"Individual, Solo Modificatoria o Sin Eficacia",1971-10-13,1971-10-18,Ley 5.,n/d,AMBITO TEMPORAL CUMPLIDO-PODER EJECUTIVO TERRITORIAL-ADMINISTRACION PUBLICA-MUNICIPALIDADES-PRESUPUESTO-PLANES DE GASTOS-NORMAS- DISPOSICIONES.,www.saij.gob.ar/LPV0000375
Tierra del Fuego,Ley,50,"Vigente, de alcance general",1992-11-26,1992-12-23,Ley 50,Tribunal de cuentas.,DERECHO ADMINISTRATIVO-TRIBUNAL DE CUENTAS PROVINCIAL-LEY ORGANICA DEL TRIBUNAL DE CUENTAS-MISION Y FUNCIONES-FISCALIZACION-FACULTADES Y ATRIBUCIONES-DEROGA LEY 305,www.saij.gob.ar/LPV0000545
Tierra del Fuego,Ley,50,"Individual, Solo Modificatoria o Sin Eficacia",1972-12-28,1973-01-29,Ley 50.,n/d,AMBITO TEMPORAL CUMPLIDO-POLICIA TERRITORIAL-PROMOCIONES-ASCENSOS- TIEMPO MINIMO-SUSPENSION,www.saij.gob.ar/LPV0000351
Tierra del Fuego,Ley,500,Derogada,2000-10-26,2000-12-01,LEY 500,Ley impositiva - Ejercicio 1999: modificación.,SOLO MODIFICATORIA-SUSTITUYE ART. 27 DE LEY P. 440 (B.O.P. 01-02-99) SOBRE IMPUESTOS PROVINCIALES-TASA RETRIBUTIVA DE SERVICIOS- CONTRIBUCIONES-LEY IMPOSITIVA-IMPUESTO SOBRE LOS INGRESOS BRUTOS- IMPUESTO INMOBILIARIO RURAL-IMPUESTO DE SELLOS.,www.saij.gob.ar/LPV0001005
Tierra del Fuego,Ley,501,"Vigente, de alcance general",2000-10-26,2000-12-01,LEY 501,Programa  de  reactivación  de  la construcción de Tierra del Fuego: Creación.,DERECHO LABORAL-OBRAS PUBLICAS-PROGRAMA DE REACTIVACION DE LA CONSTRUCCION DE TIERRA DEL FUEGO-EMPRESAS CONSTRUCTORAS-MANO DE OBRA- EXENCION DE INSCRIPCION EN REGISTRO NACIONAL DE CONSTRUCTORES DE OBRAS PUBLICAS-PYMES LOCALES-RADICACION MINIMA EN LA...,www.saij.gob.ar/LPV0000995
Tierra del Fuego,Ley,502,"Vigente, de alcance general",2000-06-06,2001-01-02,LEY 502,Bomberos voluntarios: cobertura médica integral gratuita.,BOMBEROS VOLUNTARIOS-SALUD-COBERTURA MEDICA INTEGRAL GRATUITA CON MOTIVO DE ACCIDENTES EN EL CUMPLIMIENTO DE ESA ACTIVIDAD- REGISTRACION ANTE DIRECCION PROVINCIAL DE DEFENSA CIVIL-SECRETARIA DE SALUD-EXAMEN MEDICO PREOCUPACIONAL.,www.saij.gob.ar/LPV0000996
Tierra del Fuego,Ley,503,"Vigente, de alcance general",2000-06-06,2001-01-02,LEY 503,"Poder  Ejecutivo provincial: acción social - programa de orientación y seguimiento  a  niños,  adolescentes  y  mujeres  en  situación  de Riesgo: Creación.","PODER EJECUTIVO PROVINCIAL-ACCION SOCIAL-SECRETARIA DE ACCION SOCIAL-PROGRAMA DE ORIENTACION Y SEGUIMIENTO A NIÑOS,ADOLESCENTES Y MUJERES EN SITUACION DE RIESGO-DERECHOS DEL NIÑO Y LA FAMILIA- DENUNCIAS-LINEA TELEFONICA GRATUITA.",www.saij.gob.ar/LPV0000997
Tierra del Fuego,Ley,504,"Vigente, de alcance general",2000-06-29,2001-01-02,LEY 504,Poder  Ejecutivo provincial - suspensión por 90 días hábiles de pago de deudas por servicios y/o prestaciones devengadas con anterioridad al 10-01-00: ratificación decreto n. 198/00.,PODER EJECUTIVO PROVINCIAL-ECONOMIA Y FINANZAS-ADMINISTRACION PUBLICA PROVINCIAL-RATIFICACION DECRETO Nº 198/00-SUSPENSION PAGO DE DEUDAS POR SERVICIOS Y/O PRESTACIONES DEVENGADAS CON ANTERIORIDAD AL 10/01/00- VERIFICACION DE PASIVOS-CONTADURIA...,www.saij.gob.ar/LPV0000998
Tierra del Fuego,Ley,505,"Vigente, de alcance general",2000-12-12,2001-02-01,LEY 505,"Poder Ejecutivo Provincial - compromiso federal por el crecimiento   y la  disciplina  fiscal  suscripto el 17/11/00 entre la provincia,  el gobierno Nacional y el gobierno de la ciudad autónoma: ratificación.",ECONOMIA Y FINANZAS-COMPROMISO FEDERAL POR EL CRECIMIENTO Y LA DISCIPLINA FISCAL-COPARTICIPACION FEDERAL-COPARTICIPACION DE IMPUESTOS,www.saij.gob.ar/LPV0000999
Tierra del Fuego,Ley,506,"Individual, Solo Modificatoria o Sin Eficacia",2000-12-12,2001-02-01,LEY 506,Ley impositiva. Ejercicio 1999: modificación.,SOLO MODIFICATORIA-INCORPORA PUNTO 9.14) AL ARTÍCULO 9 DE LEY P. 440 (B.O.P. 01/02/99) SOBRE IMPUESTOS PROVINCIALES-TASA RETRIBUTIVA DE SERVICIOS-CONTRIBUCIONES-LEY IMPOSITIVA-IMPUESTO SOBRE LOS INGRESOS BRUTOS-IMPUESTO INMOBILIARIO RURAL-IMPUESTO...,www.saij.gob.ar/LPV0001006
Tierra del Fuego,Ley,507,Derogada,2000-12-12,2001-02-01,LEY 507,Fondo Editorial Fueguino: Creación.,EDUCACION-CULTURA-FONDO EDITORIAL FUEGUINO CREACION-PROMOCION Y DIFUSION OBRAS LITERARIAS DE ESCRITORES FUEGUINOS-FONDOS- FUNCIONES-ATRIBUCIONES-INTEGRANTES-INSCRIPCION OBLIGATORIA DE OBRAS.,www.saij.gob.ar/LPV0001000
Tierra del Fuego,Ley,508,"Individual, Solo Modificatoria o Sin Eficacia",2000-12-12,2001-02-01,LEY 508,Becas de estudio: modificación.,SOLO MODIFICATORIA-SUSTITUYE ARTS. 17 Y 25 DE LA LEY P. 246 (B.O.P. 02/10/95) SOBRE CULTURA Y EDUCACION-BECAS-ESTUDIO-CONCURSO- SOLICITUD-OTORGAMIENTO-REQUISITOS-PRESTAMOS-OBLIGACIONES-CADUCIDAD- FONDO-AUTORIDAD DE APLICACION-DETERMINACION DEL MODO...,www.saij.gob.ar/LPV0001007
Tierra del Fuego,Ley,509,"Vigente, de alcance general",2000-12-12,2001-02-01,LEY 509,Salud  pública. Régimen Provincial de Salud Sexual y Reproductiva: Creación.,SALUD PUBLICA-REGIMEN PROVINCIAL DE SALUD SEXUAL Y REPRODUCTIVA- AUTORIDAD DE APLICACION-OBJETIVOS-CAMPAÑAS DE DIFUSION-HIV- METODOS ANTICONCEPTIVOS.,www.saij.gob.ar/LPV0001001
Tierra del Fuego,Ley,51,"Vigente, de alcance general",1992-11-26,1992-12-23,Ley 51,Creación de la comisión de transferencia de los servicios educativos de la nación a la provincia.,TRANSFERENCIA DE SERVICIOS-SERVICIOS EDUCATIVOS-CREACION DE ORGANISMOS-MISION Y FUNCIONES-INTEGRANTES-MESA COORDINADORA PROVINCIAL-PLAZO.,www.saij.gob.ar/LPV0000546
Tierra del Fuego,Ley,51,"Individual, Solo Modificatoria o Sin Eficacia",1973-01-08,1973-05-21,LEY 51,n/d,"EDUCACION-CONSEJO FEDERAL DE EDUCACION-ADHESION A LA LEY 19682 (B.O. 22-06-72),DEROGADA POR LEY 22047 (B.O. 15-08-87).",www.saij.gob.ar/LPV0000176
Tierra del Fuego,Ley,510,"Individual, Solo Modificatoria o Sin Eficacia",2000-12-12,2001-02-01,LEY 510,Ley de contabilidad: modificación.,SOLO MODIFICATORIA-SUSTITUYE INCISO  D)  DEL PUNTO 3) DEL ARTICULO 26 DE LA LEY T. 6 (B.O.T. 22/11/71) SOBRE ADMINISTRACION PUBLICA PROVINCIAL- LEY DE CONTABILIDAD-PRESUPUESTO PROVINCIAL-EJERCICIO FINANCIERO- IMPUTACIONES PRESUPUESTARIAS-RECURSOS...,www.saij.gob.ar/LPV0001008
Tierra del Fuego,Ley,511,"Vigente, de alcance general",2000-12-12,2001-02-01,*LEY 511,Poder   Ejecutivo  provincial  -  dirección  provincial  de  obras   y servicios  sanitarios:  autorización  para contraer empréstito por   $ 4.500.000 para obras de emergencia,PODER EJECUTIVO PROVINCIAL-DESARROLLO REGIONAL Y GENERACION DE EMPLEO-AUTORIZACION LEGISLATIVA PARA CONTRAER EMPRESTITO- AFECTACION DE COPARTICIPACION FEDERAL DE IMPUESTOS-FINANCIAMIENTO DE OBRAS DE EMERGENCIA DE LA DIRECCION DE OBRAS Y SERVICIOS...,www.saij.gob.ar/LPV0001002
Tierra del Fuego,Ley,512,"Vigente, de alcance general",2000-12-12,2001-02-01,LEY 512,Presupuesto general de erogaciones y cálculo de recursos de la Administración Pública: ejercicio 2001.,ECONOMIA Y FINANZAS-PODER EJECUTIVO PROVINCIAL-PRESUPUESTO  GENERAL-ADMINISTRACION PUBLICA PROVINCIAL-EJERCICIO 2001-  GASTOS-CALCULO DE RECURSOS-RECURSOS FINANCIEROS-ORGANISMOS DE  SEGURIDAD SOCIAL.,www.saij.gob.ar/LPV0001003
Tierra del Fuego,Ley,513,"Individual, Solo Modificatoria o Sin Eficacia",2000-12-12,2001-02-01,LEY 513,"Código procesal Civil, Comercial, Laboral, Rural y Minero: Modificación.",SOLO MODIFICATORIA-INCORPORA ART. 629 BIS DE LA LEY P. 147- PODER JUDICIAL-CODIGO PROCESAL CIVIL COMERCIAL LABORAL RURAL Y MINERO-PRINCIPIOS GENERALES-COMPETENCIA-CUESTIONES- RECUSACIONES Y EXCUSACIONES-EL TRIBUNAL-ORGANIZACION Y...,www.saij.gob.ar/LPV0001009
Tierra del Fuego,Ley,514,"Vigente, de alcance general",2001-01-30,2001-01-31,LEY 514,Instituto  Servicios  Sociales  de la Provincia (I.S.S.P.): Creación nueva  comisión normalizadora.,INSTITUTO SERVICIOS SOCIALES DEL TERRITORIO DE TIERRA DEL FUEGO- COMISION NORMALIZADORA-CESE DE FUNCIONES-COMISION NORMALIZADORA- INTEGRACION-MISION Y FUNCIONES-REMUNERACION.,www.saij.gob.ar/LPV0001010
Tierra del Fuego,Ley,515,Derogada,2001-01-30,2001-01-31,LEY 515,ex-combatientes: beneficios  suspensión  vigencia ley provincial  n. 407.,SEGURIDAD SOCIAL-EX-COMBATIENTES DE MALVINAS-SUSPENSION BENEFICIOS PREVISTOS POR LEY PROVINCIAL Nº 407-COMPROMISO FEDERAL POR EL CRECIMIENTO Y LA DISCIPLINA FISCAL-BASE DE CALCULO DE PENSIONES DE GUERRA.,www.saij.gob.ar/LPV0001011
Tierra del Fuego,Ley,516,"Vigente, de alcance general",2001-03-15,2001-04-03,LEY 516,"Poder  Ejecutivo  Provincial:  aprobación convenio sobre programa  de saneamiento fiscal y financiero  celebrado  el  04/01/01,  entre  el fondo  fiduciario  para  el desarrollo provincial y la secretaria  de promoción económica y regional  del  ministerio  de  economía  de  la Nacion.",ECONOMIA Y FINANZAS-PROGRAMA DE SANEAMIENTO FISCAL Y FINANCIERO CELEBRADO ENTRE FONDO FIDUCIARIO PARA EL DESARROLLO PROVINCIAL Y LA SECRETARIA DE PROMOCION ECONOMICA Y REGIONAL DEL MINISTERIO DE ECONOMIA.,www.saij.gob.ar/LPV0001012
Tierra del Fuego,Ley,517,"Individual, Solo Modificatoria o Sin Eficacia",2001-03-15,2001-04-03,LEY 517,Poder Ejecutivo Provincial: ratificación convenio suscripto entre  la provincia  de  tierra  del  fuego y la unión transitoria de empresas Ormas I.C.S.A. y constructora Andrade Gutierrez s.a.,OBJETO CUMPLIDO-CONVENIOS CON LA NACION-CONVENIO ENTRE PROVINCIA TIERRA DEL FUEGO Y U.T.E. ORMAS I.C.S.A. Y CONSTRUCTORA ANDRADE GUTIERREZ S.A.-APROBACION POR DECRETO 427/01.,www.saij.gob.ar/LPV0001013
Tierra del Fuego,Ley,518,"Individual, Solo Modificatoria o Sin Eficacia",2001-04-18,2001-06-04,LEY 518,Administración  financiera  y sistemas de control del sector público provincial: modificación.,SOLO MODIFICATORIA-MODIFICA LEY P. 495 (B.O. 10/11/00)- ADMINISTRACION FINANCIERA Y SISTEMA DE CONTROL DEL SECTOR PUBLICO PROVINCIAL-FACULTAD DEL PODER EJECUTIVO PARA APROBAR OPERACIONES DE CREDITO PUBLICO Y MODIFICACION DEL PRESUPUESTO GENERAL DEL...,www.saij.gob.ar/LPV0001024
Tierra del Fuego,Ley,519,"Individual, Solo Modificatoria o Sin Eficacia",2001-04-18,2001-06-04,LEY 519,Ley notarial: modificación.,SOLO MODIFICATORIA-MODIFICA LEY P. 285 (B.O. 15/04/96).LEY NOTARIAL-EJERCICIO DEL NOTARIADO INDEPENDIENTE-REQUISITOS PARA EJERCICIO DE LA PROFESION-REGISTRO NOTARIAL.,www.saij.gob.ar/LPV0001025
Tierra del Fuego,Ley,52,Derogada,1992-12-11,1992-12-23,*Ley 52,n/d,NORMA DEROGADA POR LEY PROVINCIAL N° 129 (B.O. 11-3-94)- IMPUESTO-GRAVAMEN-TRIBUTO-CONTRIBUCION ESPECIAL-FONDO DE INVERSIONES PARA LA NUEVA PROVINCIA-DIRECCION GENERAL DE RENTAS.,www.saij.gob.ar/LPV0000547
Tierra del Fuego,Ley,52,"Individual, Solo Modificatoria o Sin Eficacia",1973-03-13,1973-05-21,Ley 52.,n/d,AMBITO TEMPORAL CUMPLIDO-PODER EJECUTIVO TERRITORIAL-ADMINISTRACION PUBLICA-MUNICIPALIDADES-REMUNERACIONES-PERSONAL PERMANENTE-PERSONAL TRANSITORIO-PERSONAL CONTRATADO.,www.saij.gob.ar/LPV0000350
Tierra del Fuego,Ley,520,"Vigente, de alcance general",2001-05-10,2001-07-02,LEY 520,Recursos  naturales: declaración  como  santuario  provincial a los desovaderos  naturales  de  Trucha  Marrón  prohibición  de   pesca.,RECURSOS NATURALES-ACTIVIDADES ECONOMICAS-PESCA-TRUCHA MARRON- DESOVADEROS NATURALES-DECLARACION COMO SANTUARIO NATURAL- PROHIBICION DE PESCA.,www.saij.gob.ar/LPV0001014
Tierra del Fuego,Ley,521,"Vigente, de alcance general",2000-11-28,2001-07-02,LEY 521,"Ley de protección integral de los derechos de niños, niñas, adolescentes y sus familias.","ASISTENCIA SOCIAL-DERECHOS DEL NIÑO-PROTECCION INTEGRAL-REGLAS DE NACIONES UNIDAS-IGUALDAD Y NO DISCRIMINACION-OBLIGACION DEL ESTADO-DERECHOS Y GARANTIAS-POLITICAS PUBLICAS DE PROTECCION- AUTORIDAD DE APLICACION-CONSEJO PROVINCIAL DE LA NIÑEZ,...",www.saij.gob.ar/LPV0001015
Tierra del Fuego,Ley,522,"Vigente, de alcance general",2001-05-10,2001-08-01,LEY 522,Ley  de  tránsito y seguridad vial: adhesión ley Nacional n. 24.44  9: Modificación.,TRANSITO AUTOMOTOR-LEYES PROVINCIALES DE TRANSITO-SEGURIDAD VIAL- MODIFICACION LEY P. 376 (B.O. 17/09/97)-OBLIGATORIEDAD DEL USO PERMANENTE DE LUZ BAJA.,www.saij.gob.ar/LPV0001016
Tierra del Fuego,Ley,523,"Individual, Solo Modificatoria o Sin Eficacia",2001-07-12,2001-09-03,LEY 523,Poder   Ejecutivo  provincial  -  dirección  provincial  de  obras   y servicios  sanitarios  - autorización para contraer empréstito por   $ 4.500.000 para obras de emergencia: modificación.,SOLO MODIFICATORIA-MODIFICA LEY P. 511 (B.O. 01/02/01).DIRECCION DE OBRAS Y SERVICIOS SANITARIOS-AUTORIZACION PARA CONTRAER EMPRESTITO-FINANCIAMIENTO DEL PLAN DE OBRAS DE EMERGENCIA Y OBRAS DE INFRAESTRUCTURA BASICA.,www.saij.gob.ar/LPV0001026
Tierra del Fuego,Ley,524,"Vigente, de alcance general",2001-07-12,2001-09-03,LEY 524,Colegio de farmacéuticos de la provincia: Creación.,SALUD PUBLICA-FARMACEUTICOS-EJERCICIO PROFESIONAL-COLEGIO DE FARMACEUTICOS CREACION-INTEGRACION-AUTORIDADES-ASAMBLEA GENERAL-CONSEJO GENERAL- TRIBUNAL DE DISCIPLINA-RECURSOS FINANCIEROS-MATRICULA PROFESIONAL- DEBERES Y DERECHOS DE LOS...,www.saij.gob.ar/LPV0001017
Tierra del Fuego,Ley,525,"Vigente, de alcance general",2001-07-12,2001-09-03,LEY 525,Enjuiciamiento  de magistrados y funcionarios del ministerio publico del Poder Judicial.,PODER JUDICIAL PROVINCIAL-ENJUICIAMIENTO DE MAGISTRADOS Y FUNCIONARIOS DEL MINISTERIO PUBLICO-CONSEJO DE LA MAGISTRATURA- CAUSALES DE ENJUICIAMIENTO-PROCEDIMIENTO DE ENJUICIAMIENTO-REMOCION DE JUECES,www.saij.gob.ar/LPV0001018
Tierra del Fuego,Ley,526,Derogada,2001-07-12,2001-09-03,LEY 526,Ablación e implante de órganos,Nota de Redacción: Derogada por Art. 18 Ley 1238 (B.O.P: 12/09/2018).SALUD PUBLICA-TRANSPLANTE DE ORGANOS-ABLACION DE ORGANOS-COORDINACION DE ABLACION E IMPLANTES: CREACION (C.A.I.)-MISION Y FUNCIONES.,www.saij.gob.ar/LPV0001019
Tierra del Fuego,Ley,527,"Vigente, de alcance general",2001-08-09,2001-10-01,LEY 527,Poder  Ejecutivo provincial: aprobación convenio sobre fondo para  la transformación de los sectores públicos provinciales registrado bajo el n. 5.193  y  celebrado  el  02/03/01  entre  la  provincia  y  el Ministerio del interior de la Nacion.,PODER EJECUTIVO PROVINCIAL-FONDO PARA LA TRANSFORMACION DE LOS SECTORES PUBLICOS PROVINCIALES-MINISTERIO DEL INTERIOR DE LA NACION.,www.saij.gob.ar/LPV0001020
Tierra del Fuego,Ley,528,"Vigente, de alcance general",2001-08-09,2001-10-01,LEY 528,Educación - sistema de pasantías: aprobación.,EDUCACION-DOCENTES-SISTEMA DE PASANTIAS-OBJETOS.,www.saij.gob.ar/LPV0001021
Tierra del Fuego,Ley,529,"Individual, Solo Modificatoria o Sin Eficacia",2001-05-10,2001-10-01,LEY 529,Ejido    urbano  de  Tolhuin:  derogación  ley  provincial  n.  475.,SOLO DEROGATORIA-DEROGA LEY P. 475 (B.O. 26/01/00) TOLHUIN-EJIDO URBANO.,www.saij.gob.ar/LPV0001027
Tierra del Fuego,Ley,53,"Individual, Solo Modificatoria o Sin Eficacia",1973-04-04,1973-05-21,Ley 53.,n/d,OBJETO CUMPLIDO-PODER EJECUTIVO TERRITORIAL-ADMINISTRACION PUBLICA- PRESUPUESTO-EJERCICIO 1973.,www.saij.gob.ar/LPV0000349
Tierra del Fuego,Ley,53,"Individual, Solo Modificatoria o Sin Eficacia",1992-12-14,1992-12-23,Ley 53,n/d,REGULARIZACION IMPOSITIVA-OBLIGACION TRIBUTARIA-DEUDAS IMPOSITIVAS- DIRECCION GENERAL DE RENTAS-PRESENTACION ESPONTANEA-DECLARACION JURADDA-PLAN DE FACILIDADES DE PAGO-ACTUALIZACION MONETARIA- CADUCIDAD-MORRA-CODIGO FISCAL,www.saij.gob.ar/LPV0000548
Tierra del Fuego,Ley,530,Derogada,2001-07-12,2001-10-01,*LEY 530,Comuna de Tolhuin - 'reserva turística restringida'.,TURISMO-RESERVA TURISTICA RESTRINGIDA-SECTORES DESAFECTADOS DE EJIDO URBANO TOLHUIN.,www.saij.gob.ar/LPV0001022
Tierra del Fuego,Ley,531,"Vigente, de alcance general",2001-08-30,2001-10-01,LEY 531,Registro  de  deudores  alimentarios  morosos (RE.D.A.M.): Creación.,FAMILIA Y MINORIDAD-ALIMENTOS-REGISTRO DE DEUDORES ALIMENTARIOS  MOROSOS (Re.D.A.M.)-CREACION-FUNCIONES-INHABILITACIONES.,www.saij.gob.ar/LPV0001023
Tierra del Fuego,Ley,532,"Vigente, de alcance general",2001-10-11,2001-11-12,LEY 532,Registro de la propiedad inmueble: adhesión de la provincia a la ley Nacional n. 17.801.,REGISTRO DE LA PROPIEDAD INMUEBLE-LEY NACIONAL-ADHESION PROVINCIAL-CREACION-ORBITA DEL SUPERIOR TRIBUNAL DE JUSTICIA- DOCUMENTOS REGISTRALES-SOLICITUD Y DESISTIMIENTO DE REGISTRO- TOMA DE RAZON-TRACTO SUCESIVO-ABREVIADO-PUBLICIDAD DE LOS...,www.saij.gob.ar/LPV0001034
Tierra del Fuego,Ley,533,"Individual, Solo Modificatoria o Sin Eficacia",2001-10-11,2001-12-03,LEY 533,Salud pública. Régimen provincial de salud sexual y reproductiva: Modificación.,SOLO MODIFICATORIA-MODIFICA LEY P. 509 (B.O. 01/02/01)- SALUD PUBLICA-POLITICA SANITARIA-EDUCACION SEXUAL-REGIMEN PROVINCIAL DE SALUD SEXUAL Y REPRODUCTIVA-AUTORIDAD DE APLICACION -OBJETOS-CAMPAÑAS DE DIFUSION-HIV-METODOS ANTICONCEPTIVOS.,www.saij.gob.ar/LPV0001028
Tierra del Fuego,Ley,534,"Vigente, de alcance general",2001-11-27,2001-11-28,LEY 534,Instituto   provincial  autárquico  unificado  de  seguridad  social (I.P.A.U.S.S.): Creación.,INSTITUTO PROVINCIAL AUTARQUICO UNIFICADO DE SEGURIDAD SOCIAL- IPAUSS-CREACION-ORGANO-OBJETO-DOMICILIO SOCIAL-SEGURIDAD SOCIAL-ORGANISMOS PREVISIONALES-SERVICIOS SOCIALES-SISTEMA PREVISIONAL-ADMINISTRACION-AUTORIDADES-DERECHOS Y OBLIGACIONES-...,www.saij.gob.ar/LPV0001035
Tierra del Fuego,Ley,535,"Vigente, de alcance general",2001-11-15,2002-01-02,LEY 535,Personas de la tercera edad: protección integral e integración en la familia y sociedad fueguina.,PERSONAS DE LA TERCER EDAD-PROMOCION-PROTECCION-INTEGRACION- FAMILIA-SOCIEDAD-PROTECCION INTEGRAL-DERECHOS ANCIANIDAD- DEBERES Y FUNCIONES DEL ESTADO-ASISTENCIA SANITARIA-PLAN ALIMENTARIO-PREVISION-VIVIENDA-EDUCACION-DEPORTE- RECREACION-TURISMO.,www.saij.gob.ar/LPV0001036
Tierra del Fuego,Ley,536,"Individual, Solo Modificatoria o Sin Eficacia",2001-11-15,2002-01-02,LEY 536,Denominando 'Víctor Jesús Donoso' al paraje ubicado en las cercanías del rio claro.,OBJETO CUMPLIDO-PARAJE RIO CLARO-CAMBIO DE DENOMINACION- VICTOR JESUS DONOSO.,www.saij.gob.ar/LPV0001032
Tierra del Fuego,Ley,537,"Individual, Solo Modificatoria o Sin Eficacia",2001-11-27,2002-01-02,LEY 537,Ley de pesca: modificación.,SOLO MODIFICATORIA-MODIFICA LEY P. 244 (B.O. 08/09/95).PESCA-RESERVAS ICTICOLAS-CAZA SUBMARINA-JURISDICCION-AMBITO DE APLICACION-AUTORIDAD DE APLICACION-INVESTIGACION-REGIMEN DE ACCESO A LOS RECURSOS HIDROBIOLOGICOS-PESCA COMERCIAL- RESERVAS DE...,www.saij.gob.ar/LPV0001029
Tierra del Fuego,Ley,538,"Individual, Solo Modificatoria o Sin Eficacia",2001-11-15,2002-01-02,LEY 538,Régimen    del  patrimonio  cultural  y  paleontológico  provincial: modificación.,"SOLO MODIFICATORIA-MODIFICA LEY P. 370 (B.O. 13/08/97).PATRIMONIO CULTURAL-YACIMIENTOS PALEONTOLOGICOS-SITIOS ARQUEOLOGICOS-LUGARES HISTORICOS-OBRAS LITERARIAS, ARQUITECTONICAS-ARTESANIAS-PROTECCION-CONSERVACION-...",www.saij.gob.ar/LPV0001030
Tierra del Fuego,Ley,539,"Vigente, de alcance general",2001-12-11,2001-12-12,LEY 539,"Poder Ejecutivo Provincial: ratificación convenio de suscripción d  el programa  de  emisión  de  letras  de  cancelación  de  obligación  es provinciales  (LECOP),  entre  la provincia de Tierra del Fuego, el banco  de  la  Nacion  argentina  y  el  fondo  fiduciario  para  el desarrollo provincial.",PODER EJECUTIVO PROVINCIAL-PROGRAMA DE EMISION DE LETRAS DE CANCELACION DE OBLIGACIONES-LECOP-FONDOS FIDUCIARIOS-BANCO NACION ARGENTINA-CONVENIO.,www.saij.gob.ar/LPV0001037
Tierra del Fuego,Ley,54,"Individual, Solo Modificatoria o Sin Eficacia",1973-04-06,1973-05-21,Ley 54.,n/d,MODIFICATORIA DE LEY SIN EFICACIA-PODER EJECUTIVO TERRITORIAL- ADMINISTRACION PUBLICA-PRESUPUESTO-MODIFICACION-EJERCICIO 1973.,www.saij.gob.ar/LPV0000348
Tierra del Fuego,Ley,54,"Individual, Solo Modificatoria o Sin Eficacia",1992-12-11,1992-12-23,Ley 54,n/d,MODIFICA LEY TERRITORIAL 480-CODIGO FISCAL.- CODIGO FISCAL-FONDO DE ESTIMULO-DIRECCION GENERAL DE RENTAS- TESORERIA GENERAL.,www.saij.gob.ar/LPV0000561
Tierra del Fuego,Ley,540,"Individual, Solo Modificatoria o Sin Eficacia",2001-11-27,2002-01-18,LEY 540,Se denomina 'Comandante  José  María Pastoriza' al nuevo hangar del gobierno de la provincia ubicado  en  el  Aeropuerto Internacional Malvinas Argentinas,OBJETO CUMPLIDO-AERONUATICA-HANGAR DE GOBIERNO PROVINCIAL- DENOMINACION 'COMANDANTE JOSE MARIA PASTORIZA'.,www.saij.gob.ar/LPV0001033
Tierra del Fuego,Ley,541,Derogada,2001-11-27,2002-01-16,LEY 541,Ley de marcas y señales: modificación.,SOLO MODIFICATORIA-MODIFICA LEY P. 262 (B.O. 01/12/95).MARCAS Y SEÑALES-GANADERIA-REGISTRO PROVINCIAL DE MARCAS Y SEÑALES DE TIERRA DEL FUEGO-INSCRIPCION REGISTRAL-GANADO MAYOR- GANADO MENOR-MINISTERIO DE ECONOMIA-DIRECCION GENERAL DE RECURSOS...,www.saij.gob.ar/LPV0001031
Tierra del Fuego,Ley,542,"Vigente, de alcance general",2001-12-26,2002-01-18,LEY 542,Presupuesto  general  de  erogaciones  y  cálculo  de recursos de  la Administración pública - ejercicio 2002.,"ECONOMIA Y FINANZAS-PODER EJECUTIVO PROVINCIAL-PRESUPUESTO GENERAL-ADMINISTRACION PUBLICA PROVINCIAL-EJERCICIO 2002- GASTOS-CALCULO DE RECURSOS-RECURSOS FINANCIEROS-ORGANISMOS DE SEGURIDAD SOCIAL-SUSPENSION POR 2 AÑOS DE ARTICULOS 12,13,Y 14 DE LEY...",www.saij.gob.ar/LPV0001038
Tierra del Fuego,Ley,543,"Vigente, de alcance general",2002-03-14,2002-03-20,LEY 543,"Poder  Ejecutivo  Provincial: ratificación  decretos  nros. 89/00   y 1953/01, sobre ministerios.","OBJETO CUMPLIDO-PODER EJECUTIVO PROVINCIAL-MINISTERIOS- ADMINISTRACION PUBLICA-MINISTERIO DE GOBIERNO,TRABAJO Y JUSTICIA-MINISTERIO DE ECONOMIA, OBRAS Y SERVICIOS PUBLICOS- MINISTERIO DE EDUCACION Y CULTURA-MINISTRO COORDINADOR DE...",www.saij.gob.ar/LPV0001039
Tierra del Fuego,Ley,544,Derogada,2002-03-14,2002-04-19,LEY 544,Fondo  cultural  para  la  producción  musical de artistas fueguinos (FO.PRO.MU): Creación.,CULTURA-MUSICA-FONDO CULTURAL PARA LA PRODUCCION MUSICAL DE ARTISTAS FUEGUINOS (FO.PRO.MU)-CREACION.,www.saij.gob.ar/LPV0001040
Tierra del Fuego,Ley,545,Derogada,2002-03-14,2002-04-19,LEY 545,Comisión provincial de acción cultural: Creación.,POLITICA CULTURAL-CULTURA-COMISION PROVINCIAL DE ACCION CULTURAL- CREACION-PROMOCION CULTURAL,www.saij.gob.ar/LPV0001041
Tierra del Fuego,Ley,546,"Individual, Solo Modificatoria o Sin Eficacia",2002-03-14,2002-04-19,LEY 546,Becas de estudio: modificación.,SOLO MODIFICATORIA-SUSTITUYE ART. 1º LEY P. 457 (B.O.P. 13/10/99).SOBRE CULTURA Y EDUCACION-BECAS-ESTUDIO-CONCURSO-SOLICITUD- OTORGAMIENTO-REQUISITOS-PRESTAMOS-OBLIGACIONES-CADUCIDAD- FONDO-AUTORIDAD DE APLICACION-DETERMINACION DEL MODO DE...,www.saij.gob.ar/LPV0001046
Tierra del Fuego,Ley,547,"Vigente, de alcance general",2002-03-14,2002-05-03,LEY 547,"Ganadería  Ovina: Adhesión  de  la  provincia  a la ley Nacional n. 25.422, recuperación de la misma.",ACTIVIDAD AGROPECUARIA-GANADO-OVINOS-COMERCIALIZACION-EXENCIONES IMPOSITIVAS-IMPUESTO A LOS INGRESOS BRUTOS-ADHESION PROVINCIAL- LEY NACIONAL,www.saij.gob.ar/LPV0001042
Tierra del Fuego,Ley,548,"Vigente, de alcance general",2002-04-11,2002-05-24,LEY 548,"Fiscalía de estado: aprobación del 'compromiso de asistencia y reciprocidad' suscripto el 23/11/01, en la provincia de Santa Fe sobre asistencia mutua y gratuita de las fiscalías de estado integrantes del foro federal permanente.",FISCALIA DE ESTADO-APROBACION COMPROMISO ASISTENCIA Y RECIPROCIDAD ENTRE FISCALIAS DEL FORO PERMANENTE-ASISTENCIA GRATUITA MUTUA.,www.saij.gob.ar/LPV0001043
Tierra del Fuego,Ley,549,"Vigente, de alcance general",2002-04-11,2002-05-24,LEY 549,"Salud: adhesión  de la provincia a la ley Nacional n. 25.421, sobre programa de asistencia primaria de salud mental.",SALUD PUBLICA-SALUD MENTAL-ADHESION PROVINCIAL-LEY NACIONAL- PROGRAMA DE ASISTENCIA PRIMARIA DE SALUD MENTAL.,www.saij.gob.ar/LPV0001044
Tierra del Fuego,Ley,55,"Vigente, de alcance general",1992-12-02,1992-12-30,Ley 55,Protección del Medio Ambiente,DERECHO AMBIENTAL-RECURSOS NATURALES-POLITICA AMBIENTAL- PROTECCION DE LA FLORA-PROTECCION DE LA FAUNA SILVESTRE-ESPECIES EN  EXTINCION-ESPECIES NO AUTOCTONAS-CONTAMINACION DE AGUAS-DESECHOS  PELIGROSOS-TOXICIDAD-SUELOS-CAPA DE OZONO-PAISAJES...,www.saij.gob.ar/LPV0000549
Tierra del Fuego,Ley,55,"Individual, Solo Modificatoria o Sin Eficacia",1973-04-06,1973-05-28,Ley 55.,n/d,MODIFICATORIA DE LEY SIN EFICACIA-ADMINISTRACION PUBLICA TERRITORIAL-MODIFICACION PRESUPUESTO EJERCICIO 1973.,www.saij.gob.ar/LPV0000347
Tierra del Fuego,Ley,550,"Vigente, de alcance general",2002-04-11,2002-05-24,LEY 550,"Salud: Adhesión  de la provincia a la ley Nacional n. 25.501, sobre programa de prioridad  sanitaria  del  control  y  prevención de las enfermedades cardiovasculares.",SALUD PUBLICA-ENFERMEDADES CARDIOVASCULARES-ADHESION PROVINCIAL- LEY NACIONAL-PROGRAMA DE PRIORIDAD SANITARIA DEL CONTROL Y PREVENCION DE LAS ENFERMEDADES CARDIOVASCULARES.,www.saij.gob.ar/LPV0001045
Tierra del Fuego,Ley,551,"Individual, Solo Modificatoria o Sin Eficacia",2002-05-09,2002-06-14,LEY 551,Fondo residual de administración del Poder Ejecutivo Provincial creado por ley 478: modificación.,SOLO MODIFICATORIA-MODIFICA LEY P. 486 (B.O. 01/09/00). SOBRE FONDO RESIDUAL DE ADMINISTRACION CREADO POR LEY P. 478-BANCO PROVINCIA TIERRA DEL FUEGO-OBJETO-FUNCIONES- FACULTADES-ADMINISTRACION-SUPERVISION-COMISION DE SEGUIMIENTO DE LEGISLATURA...,www.saij.gob.ar/LPV0001050
Tierra del Fuego,Ley,552,"Individual, Solo Modificatoria o Sin Eficacia",2002-04-25,2002-06-10,LEY 552,"Código procesal Civil, Comercial, Laboral, Rural y Minero: Modificación",SOLO MODIFICATORIA:MODIFICA LEY P. 147 (B.O. 17-08-94).PODER JUDICIAL-CODIGO PROCESAL CIVIL COMERCIAL LABORAL RURAL Y MINERO-PRINCIPIOS GENERALES-COMPETENCIA-CUESTIONES- RECUSACIONES Y EXCUSACIONES-EL TRIBUNAL-ORGANIZACION Y...,www.saij.gob.ar/LPV0001051
Tierra del Fuego,Ley,553,"Vigente, de alcance general",2002-05-23,2002-07-03,LEY 553,Antártida    argentina:    periodo  de  celebración  provincial  del Centenario del inicio de la  actividad  antártica argentina hasta  el 2004. inclusión de texto documentación de uso oficial.,ANTARTIDA ARGENTINA-PERIODO DE CELEBRACION PROVINCIAL DEL  CENTENARIO DEL INICIO DE LA ACTIVIDAD ANTARTICA ARGENTINA-  AÑO 2002 A 2004-ADMINISTRACION PUBLICA PROVINCIAL-DOCUMENTACION  USO OFICIAL-OBLIGATORIEDAD.,www.saij.gob.ar/LPV0001047
Tierra del Fuego,Ley,554,"Vigente, de alcance general",2002-07-11,2002-08-14,LEY 554,Salud  pública. Hospitales  Rio Grande y Ushuaia: Creación de los  consejos y fondos hospitalarios.,SALUD PUBLICA-POLITICA SANITARIA-HOSPITALES PUBLICOS RIO GRANDE Y  USHUAIA-FONDOS DE ADMINISTRACION-CONSEJOS HOSPITALARIOS:CREACION DE CARGOS-INTEGRACION-MISION Y FUNCIONES,www.saij.gob.ar/LPV0001048
Tierra del Fuego,Ley,555,"Vigente, de alcance general",2002-07-11,2002-08-28,LEY 555,Salud  pública-comisión  provincial  de hemoterapia (ley Nacional  N 22990 - decreto Nacional n. 375/89): Creación.,SALUD PUBLICA-COMISION PROVINCIAL DE HEMOTERAPIA-LEY NACIONAL- DECRETOS NACIONALES-PRESUPUESTO-MISION Y FUNCIONES-REGISTRO PROVINCIAL DE HEMOTERAPIA-BANCOS DE SANGRE.,www.saij.gob.ar/LPV0001049
Tierra del Fuego,Ley,556,"Vigente, de alcance general",2002-06-27,2002-09-25,LEY 556,"Acción social: Adhesión de la provincia a la Ley Nacional n. 25.58  3, sobre  incorporación  de  actividades educacionales en los programas sociales para carenciados.",BIENESTAR SOCIAL-PROGRAMAS SOCIALES PARA CARENCIADOS-ACTIVIDADES EDUCACIONALES-ADHESION LEY NACIONAL Nº 25.583.,www.saij.gob.ar/LPV0001052
Tierra del Fuego,Ley,557,"Vigente, de alcance general",2002-09-19,2002-10-30,LEY 557,Salud-declaración de interés provincial a la lucha contra el cáncer: Creación Registro Poblacional de Cáncer.,SALUD PUBLICA-LUCHA CONTRA EL CANCER-DECLARACION DE INTERES  PROVINCIAL-REGISTRO POBLACIONAL DE CANCER O NEOPLASIAS  MALIGNAS-CREACION-AUTORIDAD DE APLICACION.,www.saij.gob.ar/LPV0001053
Tierra del Fuego,Ley,558,"Vigente, de alcance general",2002-09-19,2002-10-30,LEY 558,Fauna-cóndor  andino  (Vulgus  Gryphus)  patrimonio  natural  de  la provincia: declaración.,FAUNA-CONDOR ANDINO (VULGUS GRYPHUS)-DECLARACION DE PATRIMONIO NATURAL DE LA PROVINCIA-PROHIBICION DE SU CAZA-AUTORIDAD DE APLICACION-RECURSOS NATURALES-ESPECIES PROTEGIDAS,www.saij.gob.ar/LPV0001054
Tierra del Fuego,Ley,559,"Individual, Solo Modificatoria o Sin Eficacia",2002-08-29,2002-11-20,LEY 559,Bomberos voluntarios - régimen jubilatorio: modificación.,SOLO MODIFICATORIA-MODIFICA LEY T. 414 (B.O. 06/12/89) SOBRE:BOMBEROS VOLUNTARIOS-REGIMEN JUBILATORIO.,www.saij.gob.ar/LPV0001055
Tierra del Fuego,Ley,56,"Vigente, de alcance general",1992-12-14,1993-01-04,Ley 56,Creación del sistema de ayuda al enfermo diabético,SALUD-DIABETES-MINISTERIO DE SALUD Y ACCION SOCIAL-ASISTENCIA SANITARIA-INSULINA-EXAMENES MEDICOS-ADMINISTRACION PUBLICA NACIONAL INCORPORACION DE PERSONAL,www.saij.gob.ar/LPV0000550
Tierra del Fuego,Ley,56,"Individual, Solo Modificatoria o Sin Eficacia",1973-04-06,1973-05-28,Ley 56.,n/d,AMBITO TEMPORAL CUMPLIDO-PODER EJECUTIVO TERRITORIAL-ADMINISTRACION PUBLICA-AUTORIDADES SUPERIORES-FUNCIONARIOS-REMUNERACIONES.,www.saij.gob.ar/LPV0000346
Tierra del Fuego,Ley,560,"Vigente, de alcance general",2002-10-10,2002-11-27,LEY 560,"Salud: adhesión  de  la  provincia  a la ley Nacional n. 25.649,  Sobre  promoción  de  la  utilización  de  medicamentos   genéricos.",SALUD PUBLICA-MEDICAMENTOS GENERICOS-ADHESION  PROVINCIAL-LEY NACIONAL,www.saij.gob.ar/LPV0001056
Tierra del Fuego,Ley,561,"Vigente, de alcance general",2002-10-10,2002-11-27,LEY 561,Régimen de jubilaciones y pensiones para el personal dependiente del estado provincial.,SEGURIDAD SOCIAL-JUBILACIONES-PENSIONES-PENSION FUEGUINA DE  ARRAIGO-ADMINISTRACION PUBLICA-REPARTICIONES-ORGANISMOS  CENTRALIZADOS-DESCENTRALIZADOS-AUTARQUICOS-EMPRESAS DEL ESTADO -SERVICIOS DE  CUENTAS ESPECIALES-OBRAS SOCIALES-PODER...,www.saij.gob.ar/LPV0001057
Tierra del Fuego,Ley,562,"Vigente, de alcance general",2002-11-21,2002-12-18,LEY 562,"Poder  Ejecutivo  provincial: aprobación convenio registrado bajo  n 6041, sobre relación financiera y bases de un régimen de coparticipación de impuestos, celebrado el 27/02/02, entre el estado Nacional argentino y sus provincias.",IMPUESTOS PROVINCIALES-COPARTICIPACION DE IMPUESTOS-COPARTICIPACION FEDERAL-CONVENIOS CON LA NACION-APROBACION.,www.saij.gob.ar/LPV0001058
Tierra del Fuego,Ley,563,"Vigente, de alcance general",2002-11-21,2002-12-18,LEY 563,"Aprobación convenio celebrado entre el ministerio del interior de la Nacion, el Ministerio de Economía de la Nacion y la Provincia, sobre participación  en el programa  de  financiamiento  ordenado de las finanzas públicas provinciales.",PROGRAMA DE FINANCIAMIENTO ORDENADO DE LAS FINANZAS-CONVENIO DEL 03/06/02-CELEBRADO CON EL MINISTERIO DEL INTERIOR Y MINISTERIO DE ECONOMIA DE LA NACION-APROBACION.,www.saij.gob.ar/LPV0001059
Tierra del Fuego,Ley,564,"Vigente, de alcance general",2002-12-05,2002-12-23,LEY 564,Poder  Ejecutivo  provincial: autorización  para  ejecutar en nuevo Proyecto Ejecutivo del puerto caleta la misión.,DEROGA LEY P. 214 (B.O. 28/04/95).OBRAS PUBLICAS-CALETA LA MISION-AUTORIZACION AL PODER EJECUTIVO PARA SU EJECUCION.,www.saij.gob.ar/LPV0001060
Tierra del Fuego,Ley,565,"Vigente, de alcance general",2002-12-05,2002-12-23,LEY 565,"Poder Ejecutivo Provincial: ratificación convenio registrado bajo  n 7158,  celebrado  el  19/11/02, entre el estado Nacional y la Pcia  ., sobre afectación de fondos de participación provincial en el régimen de coparticipación de impuestos.",CONVENIOS CON LA NACION-IMPUESTOS PROVINCIALES-COPARTICIPACION DE IMPUESTOS-COPARTICIPACION FEDERAL-AFECTACION DE FONDOS-CONVENIO DEL 19/11/02.,www.saij.gob.ar/LPV0001061
Tierra del Fuego,Ley,566,Derogada,2002-12-05,2002-12-23,LEY 566,Obra puerto Caleta la Misión: Creación del fondo para su financiamiento.,OBRAS PUBLICAS-PUERTO CALETA LA MISION-FONDO PARA SU FINANCIAMIENTO-CREACION.,www.saij.gob.ar/LPV0001062
Tierra del Fuego,Ley,567,"Vigente, de alcance general",2002-12-05,2002-12-23,LEY 567,Deudas tributarias: régimen de regularización.,IMPUESTOS PROVINCIALES-REGULARIZACION IMPOSITIVA-DEUDAS IMPOSITIVAS-EXCLUSIONES,www.saij.gob.ar/LPV0001063
Tierra del Fuego,Ley,568,"Vigente, de alcance general",2002-12-17,2003-01-08,LEY 568,Presupuesto  general  de  erogaciones  y  cálculo  de recursos de  la Administración pública - ejercicio 2003.,ECONOMIA Y FINANZAS-PODER EJECUTIVO PROVINCIAL-PRESUPUESTO PROVINCIAL-ADMINISTRACION PUBLICA PROVINCIAL-EJERCICIO 2003- GASTOS-CALCULO DE RECURSOS-RECURSOS FINANCIEROS-ORGANISMOS DE SEGURIDAD SOCIAL.,www.saij.gob.ar/LPV0001064
Tierra del Fuego,Ley,569,"Individual, Solo Modificatoria o Sin Eficacia",2002-12-12,2003-01-20,LEY 569,Código fiscal: modificación.,SOLO MODIFICATORIA-MODIFICA LEY P. 439 (B.O. 01/02/99).CODIGO FISCAL DE TIERRA DEL FUEGO-IMPUESTO A LOS INGRESOS BRUTOS-CONTRIBUYENTES EN SITUACION REGULAR-BENEFICIOS- REDUCCIONES EN EL IMPUESTO-REQUISITOS.,www.saij.gob.ar/LPV0001065
Tierra del Fuego,Ley,57,"Vigente, de alcance general",1992-12-14,1993-01-04,Ley 57,Adhesión a la ley Nacional 24004 sobre ejercicio de la enfermería,SALUD-ENFERMERIA-EJERCICIO DE LA ENFERMERIA-ADHESION-LEY 24004.,www.saij.gob.ar/LPV0000551
Tierra del Fuego,Ley,57,"Individual, Solo Modificatoria o Sin Eficacia",1973-04-06,1973-05-28,LEY 57.,n/d,MODIFICATORIA DE LEY SIN EFICACIA-PODER EJECUTIVO TERRITORIAL- ADMINISTRACION PUBLICA-PRESUPUESTO-MODIFICACION-EJERCICIO 1972.,www.saij.gob.ar/LPV0000345
Tierra del Fuego,Ley,570,"Vigente, de alcance general",2002-12-12,2003-01-20,LEY 570,Pesca deportiva: denominación de baquiano.,FAUNA-PESCA-PESCA DEPORTIVA-BAQUIANO-DENOMINACION- HABILITACION- AUTORIDAD DE APLICACION-REGISTRO PROVINCIAL DE BAQUIANOS DE PESCA DEPORTIVA-INFRACCIONES- PENALIDADES.,www.saij.gob.ar/LPV0001066
Tierra del Fuego,Ley,571,"Vigente, de alcance general",2003-03-13,2003-04-09,LEY 571,"Poder  Ejecutivo  Provincial: aprobación convenio registrado bajo  n 7236,  sobre  préstamo   para  instrumentación  de  un  programa  de transformación del sector  público  y  plan  de  mejoramiento de l as cuentas  fiscales,  celebrado el 19/12/02, entre el  ministerio  d  el interior y la provincia.",CONVENIOS CON LA NACION-ADMINISTRACION PUBLICA PROVINCIAL- TRANSFORMACION SECTORES PUBLICOS PROVINCIALES-PRESTAMO DE RECURSOS- DECRETO PROVINCIAL Nº 2508-RATIFICACION CONVENIO SUSCRIPTO ENTRE PROVINCIA Y MINISTERIO DEL INTERIOR DE LA NACION.,www.saij.gob.ar/LPV0001067
Tierra del Fuego,Ley,572,"Vigente, de alcance general",2003-03-13,2003-04-09,LEY 572,"Poder  Ejecutivo  Provincial: ratificación  decreto  provincial n 73/03,  sobre determinación de precios de contratos de obra pública.",OBRAS PUBLICAS-CONTRATOS ADMINISTRATIVOS-MAYORES COSTOS-REDETERMINACION DE PRECIOS-ACTA DE REDETERMINACION DE PRECIOS.,www.saij.gob.ar/LPV0001068
Tierra del Fuego,Ley,573,"Individual, Solo Modificatoria o Sin Eficacia",2003-03-13,2003-04-25,LEY 573,Estatuto del docente.  Suspensión de la vigencia del artículo 48 de la ley Nacional n. 14.473  por  el término de dos (2) años.,OBJETO CUMPLIDO-CULTURA Y EDUCACION-DOCENTES-ESTATUTO DEL DOCENTE-VIGENCIA DE LA LEY-PLAZO SUSPENDIDO,www.saij.gob.ar/LPV0001070
Tierra del Fuego,Ley,574,"Vigente, de alcance general",2003-05-06,2003-06-06,LEY 574,Programa provincial de control y prevención del Mal de Chagas,SALUD PUBLICA-PREVENCION DE ENFERMEDADES-MAL DE CHAGAS-PROGRAMA PROVINCIAL DE CONTROL Y PREVENCION-DIRECCION GENERAL DE EPIDEMIOLOGIA Y BIOESTATICA-EXAMEN SEROLOGICO OBLIGATORIO PARA MUJERES EMBARAZADAS-METODOS DE DETECCION DE ENFERMEDAD.,www.saij.gob.ar/LPV0001071
Tierra del Fuego,Ley,575,"Individual, Solo Modificatoria o Sin Eficacia",2003-05-29,2003-07-11,LEY 575,Ley impositiva - ejercicio 1999: modificación.,SOLO MODIFICATORIA:MODIFICA LEY P. 440 (B.O.P. 01/02/99)- LEY IMPOSITIVA EJERCICIO 1999-ARANCELES DEL REGISTRO CIVIL PARA CELEBRACION DE MATRIMONIOS-EXENCION DE TASAS PARA CONTRAYENTES POR RAZONES DE SALUD.,www.saij.gob.ar/LPV0001069
Tierra del Fuego,Ley,576,"Vigente, de alcance general",2003-05-29,2003-07-11,LEY 576,Establecimientos geriátricos públicos o privados: regulación.,SALUD PUBLICA-ESTABLECIMIENTOS GERIATRICOS PUBLICOS O PRIVADOS- AUTORIDAD DE APLICACION-SECRETARIA DE SALUD-HABILITACION- REQUISITOS-OBLIGACIONES-INFRACCIONES-SANCIONES.,www.saij.gob.ar/LPV0001072
Tierra del Fuego,Ley,577,"Vigente, de alcance general",2003-06-02,2003-07-11,LEY 577,Junta de clasificación: valoración de títulos y antecedentes para el ingreso a los distintos niveles por concurso.,CULTURA Y EDUCACION-DOCENTES-JUNTAS DE CLASIFICACION-INGRESO- CONCURSO DE TITULOS Y ANTECEDENTES-COMISION PROVINCIAL AD-HOC DE RECONOCIMIENTO DE POSTITULOS Y POSGRADOS.,www.saij.gob.ar/LPV0001073
Tierra del Fuego,Ley,578,"Vigente, de alcance general",2003-05-29,2003-07-11,LEY 578,"Adhesión a la ley Nacional n. 23.358, sobre prevención de Enfermedades y drogadicción.",SALUD PUBLICA-ADHESION PROVINCIAL-LEY NACIONAL-ENFERMEDADES Y DROGADICCION.,www.saij.gob.ar/LPV0001074
Tierra del Fuego,Ley,579,"Vigente, de alcance general",2003-05-29,2003-08-25,LEY 579,Alimentos transgénicos. Defensa al Consumidor. Deber de Informar Y publicación de alimentos transgénicos.,SALUD PUBLICA-ALIMENTOS TRANSGENICOS-DEFENSA DEL CONSUMIDOR- PRODUCTOS TRANSGENICOS-CONSUMIDORES-PUBLICACION DE ALIMENTOS TRANSGENICOS- LISTADO-DIFUSION-AUTORIDAD DE APLICACION.,www.saij.gob.ar/LPV0001077
Tierra del Fuego,Ley,58,"Individual, Solo Modificatoria o Sin Eficacia",1973-04-06,1973-06-04,Ley 58.,n/d,MODIFICATORIA DE LEY SIN EFICACIA-IMPUESTO-GRAVAMEN-TRIBUTO-CODIGO FISCAL-LEY IMPOSITIVA-MODIFICACION.,www.saij.gob.ar/LPV0000344
Tierra del Fuego,Ley,58,"Individual, Solo Modificatoria o Sin Eficacia",1992-12-17,1993-02-03,Ley 58.,n/d,OBJETO CUMPLIDO-ADMINISTRACION PUBLICA-PRESUPUESTO GENERAL- EJERCICIO 1992.,www.saij.gob.ar/LPV0000559
Tierra del Fuego,Ley,580,"Vigente, de alcance general",2003-08-05,2003-09-12,LEY 580,Expropiación de plantas industriales: cesión de bienes expropiados   a cooperativa  de  trabajo  limitada  renacer ex-aurora  de Ushuaia-  autorización al Poder Ejecutivo Provincial  para  invertir $ 2.500.000.,EXPROPIACION-DECLARACION DE UTILIDAD PUBLICA-INMUEBLES- PLANTAS INDUSTRIALES-CESION DE BIENES-COOPERATIVA DE TRABAJO LIMITADA RENACER EX-AURORA-PODER EJECUTIVO- AUTORIZACION DE INVERSION $ 2.500.000.,www.saij.gob.ar/LPV0001078
Tierra del Fuego,Ley,581,"Individual, Solo Modificatoria o Sin Eficacia",2003-08-12,2003-09-12,LEY 581,Ley notarial: modificación.,SOLO MODIFICATORIA-MODIFICA LEY P. 285 (B.O. 15/04/96).LEY NOTARIAL-ESCRIBANOS PUBLICOS-REGISTRO NOTARIAL-MATRICULA PROFESIONAL-OBLIGACIONES DEL ESCRIBANO-ESCRIBANO ADSCRIPTO- RESPONSABILIDAD DEL ESCRIBANO-INSPECTOR NOTARIAL-COLEGIO DE...,www.saij.gob.ar/LPV0001075
Tierra del Fuego,Ley,582,"Individual, Solo Modificatoria o Sin Eficacia",2003-08-12,2003-09-12,LEY 582,Régimen  de  jubilaciones  y  pensiones para el personal de los tres poderes del estado provincial: Modificación.,SOLO MODIFICATORIA:MODIFICA LEY P. 561 (B.O. 27/11/02).SEGURIDAD SOCIAL-JUBILACION-PENSION-RETIRO-PENSION FUEGUINA DE ARRAIGO-ADMINISTRACION PUBLICA-REPARTICIONES-ORGANISMOS CENTRALIZADOS-DESCENTRALIZADOS-AUTARQUICOS-EMPRESAS DEL ESTADO-SERVICIOS DE...,www.saij.gob.ar/LPV0001076
Tierra del Fuego,Ley,583,"Vigente, de alcance general",2003-08-12,2003-09-12,LEY 583,Ejercicio de la profesión médico-veterinaria,EJERCICIO PROFESIONAL-MEDICOS VETERINARIOS-REGLAMENTACION-  TITULO HABILITANTE-COLEGIO DE MEDICOS VETERINARIOS-CREACION-  ORGANIZACION Y FUNCIONAMIENTO.,www.saij.gob.ar/LPV0001079
Tierra del Fuego,Ley,584,"Vigente, de alcance general",2003-08-12,2003-09-22,LEY 584,Gran premio de la hermandad  argentino-chilena: declaración patrimonio cultural  y  deportivo  a nivel provincial la competencia automovilística.,CULTURA Y EDUCACION-PATRIMONIO CULTURAL Y DEPORTIVO- DEPORTES-CARRERA AUTOMOVILISTICA-GRAN PREMIO DE LA HERMANDAD ARGENTINO-CHILENA.,www.saij.gob.ar/LPV0001080
Tierra del Fuego,Ley,585,"Vigente, de alcance general",2003-09-04,2003-10-08,LEY 585,Política antártica provincial,POLITICA ANTARTICA-ACTIVIDAD ANTARTICA-JURISDICCION PROVINCIAL-TRATADO ANTARTICO-ACTIVIDAD CIENTIFICA-ACADEMIA-TURISMO-CREACION DEL REGISTRO DE PRESTADORES DE SERVICIOS ANTARTICOS-AUTORIDAD DE APLICACION-RECURSOS,www.saij.gob.ar/LPV0001081
Tierra del Fuego,Ley,586,"Vigente, de alcance general",2003-09-25,2003-10-08,LEY 586,"Poder Ejecutivo Provincial: aprobación convenio registrado bajo n. 8260, celebrado el 25/08/03, sobre conversión de deuda pública en bonos  garantizados, entre la provincia y el fondo fiduciario para el desarrollo provincial","PODER EJECUTIVO PROVINCIAL-CONVERSION DE DEUDA PUBLICA EN BONOS GARANTIZADOS-CONVENIO REGISTRADO N° 8260, ENTRE PROVINCIA Y FONDO FIDUCIARIO PARA EL DESARROLLO PROVINCIAL-ENTIDADES BANCARIAS Y FINANCIERAS-BANCO DE LA REPUBLICA ARGENTINA",www.saij.gob.ar/LPV0001082
Tierra del Fuego,Ley,587,"Vigente, de alcance general",2003-05-29,2003-10-27,LEY 587,Fondo provincial de asignación específica para la promoción y el f omento de la actividad turística: creación.,TURISMO-ACTIVIDAD TURISTICA-PROMOCION TURISTICA-FONDO PROVINCIAL DE ASIGNACION ESPECIFICA PARA LA PROMOCION Y FOMENTO DE ACTIVIDAD TURISTICA-RECURSOS FINANCIEROS-CONSEJOS CONSULTIVOS.,www.saij.gob.ar/LPV0001083
Tierra del Fuego,Ley,588,"Vigente, de alcance general",2003-09-25,2003-10-27,LEY 588,Deudas tributarias. Régimen de regularización: modificación.,LEY MODIFICATORIA-DEUDAS TRIBUTARIAS-IMPUESTOS-CODIGO FISCAL DE TIERRA DEL FUEGO-REGULARIZACION IMPOSITIVA-MORATORIA IMPOSITIVA,www.saij.gob.ar/LPV0001084
Tierra del Fuego,Ley,589,"Vigente, de alcance general",2003-10-16,2003-11-28,LEY 589,Colegio de Odontólogos de la provincia de Tierra del Fuego: creación.,COLEGIO DE ODONTOLOGOS-PROVINCIA DE TIERRA DEL FUEGO-CREACION- ORGANIZACION-TRIBUNAL DE DISCIPLINA-MEDIDAS DISCIPLINARIAS-DE LA MATRICULA-DOMICILIO PROFESIONAL-RECURSOS ECONÓMICOS.,www.saij.gob.ar/LPV0001085
Tierra del Fuego,Ley,59,"Individual, Solo Modificatoria o Sin Eficacia",1973-04-06,1973-06-11,Ley 59.,n/d,AMBITO TEMPORAL CUMPLIDO-PODER EJECUTIVO TERRITORIAL-POLICIA TERRITORIAL-PERSONAL SUPERIOR-PERSONAL SUBALTERNO-REMUNERACIONES.,www.saij.gob.ar/LPV0000343
Tierra del Fuego,Ley,59,"Individual, Solo Modificatoria o Sin Eficacia",1992-12-17,1993-02-03,Ley 59,Presupuesto  General de Erogaciones y Cálculos de Recursos para el ejercicio 1993.,OBJETO CUMPLIDO-ADMINISTRACION PUBLICA PROVINCIAL- PRESUPUESTO PROVINCIAL-EJERCICIO 1993.,www.saij.gob.ar/LPV0000552
Tierra del Fuego,Ley,590,"Vigente, de alcance general",2003-10-16,2003-11-28,LEY 590,Fomento y desarrollo de las prácticas deportivas: adhesión provincial a la ley Nacional n. 20.655.,"DEPORTES-PROMOCION-FOMENTO-DESARROLLO-DEPORTE EDUCATIVO-DEPORTE ESCOLAR-DEPORTE COMUNITARIO, RECREATIVO, AFICIONADO, PROFESIONAL- ACTIVIDADES DEPORTIVAS-TORNEOS-COMPETENCIA-ESPECTACULO DEPORTIVO- CONSEJO PROVINCIAL DEL DEPORTE-ORGANO DE...",www.saij.gob.ar/LPV0001086
Tierra del Fuego,Ley,591,"Vigente, de alcance general",2003-11-06,2003-12-05,LEY 591,Poder Ejecutivo Provincial: convenio de préstamo subsidiario n. 25  29 'segundo programa de desarrollo municipal ii' ampliación monto.,PODER EJECUTIVO PROVINCIAL-SEGUNDO PROGRAMA DE DESARROLLO MUNICIPAL II-CONVENIO DE PRESTAMO SUBSIDIARIO-BIRF 3860/AR-BANCO INTERNACIONAL DE RECONSTRUCCION Y FOMENTO-NACION ARGENTINA-COPARTICIPACION FEDERAL DE IMPUESTOS.,www.saij.gob.ar/LPV0001087
Tierra del Fuego,Ley,592,"Individual, Solo Modificatoria o Sin Eficacia",2003-11-06,2003-12-05,LEY 592,Adjudicación de tierras a las comunidades del pueblo Ona de la provincia: Modificación.,SOLO MODIFICATORIA: MODIFICA LEY P.405 (B.O. 27/07/98).COMUNIDADES INDIGENAS-PUEBLO ONA-RESERVACION- ABORIGEN-INSTITUTO NACIONAL DE ASUNTOS INDIGENAS-INAI-TIERRAS-ADJUDICACION.,www.saij.gob.ar/LPV0001088
Tierra del Fuego,Ley,593,"Individual, Solo Modificatoria o Sin Eficacia",2003-11-06,2003-12-05,LEY 593,Bandera de la provincia: modificación.,SOLO MODIFICATORIA-MODIFICA LEY P.458 (B.O. 24/11/99).SÍMBOLOS PATRIOS-BANDERA PROVINCIAL-APROBACION-DISEÑO.,www.saij.gob.ar/LPV0001089
Tierra del Fuego,Ley,594,"Vigente, de alcance general",2003-11-27,2003-12-17,LEY 594,Autorización para contraer empréstito para la obra 'Azud Cota 176-primera etapa 'a' - Ushuaia - TDF'.,PODER EJECUTIVO PROVINCIAL-AUTORIZACION LEGISLATIVA PARA CONTRAER EMPRESTITO POR $ 4.683.710-AFECTACION DE COPARTICIPACION FEDERAL DE IMPUESTOS-DESARROLLO REGIONAL Y GENERACION DE EMPLEO-RECURSOS FINANCIEROS-DIRECCION DE OBRAS Y SERVICIOS SANITARIOS.,www.saij.gob.ar/LPV0001090
Tierra del Fuego,Ley,595,"Vigente, de alcance general",2003-11-06,2003-12-17,LEY 595,Colegio de profesionales técnicos: Creación.,COLEGIO DE PROFESIONALES TECNICOS-ALCANCE- AMBITO DE APLICACION-  MATRICULACION-CODIGO ETICO-TITULO HABILITANTE-MAESTRO MAYOR DE OBRAS-  TECNICO EN CONSTRUCCION-TECNICO EN MINERIA-TECNICO VIAL-  TECNICO ELECTROMECANICO-TECNICO MECANICO-TECNICO...,www.saij.gob.ar/LPV0001091
Tierra del Fuego,Ley,596,"Vigente, de alcance general",2003-11-06,2003-12-29,LEY 596,Ejercicio de la profesión de arquitecto.,EJERCICIO PROFESIONAL-ARQUITECTOS-TITULO-MATRICULA-COLEGIO DE ARQUITECTOS-DEBERES-DERECHOS-REGIMEN DISCIPLINARIO.,www.saij.gob.ar/LPV0001092
Tierra del Fuego,Ley,597,"Vigente, de alcance general",2003-11-06,2003-11-06,LEY 597,"Tierras fiscales: programa de desarrollo 'zonificación, condiciones   y restricciones de uso del µrea geográfica denominada sector sudoccidental del territorio argentino de la isla grande de Tierra del Fuego'.","TIERRAS FISCALES-PROGRAMA DE DESARROLLO- ZONIFICACION, CONDICIONES Y RESTRICCIONES DE USO DE AREA GEGRAFICA-SECTOR SUDOCCIDENTAL-LAGO FAGNANO-RIO VALDEZ-CUENCA VARELA-CANAL BEAGLE-PLAYA LARGA-PARQUE NACIONAL-PLANIFICACION-DE LA CLASIFICACION Y LOS...",www.saij.gob.ar/LPV0001093
Tierra del Fuego,Ley,598,"Vigente, de alcance general",2003-11-06,2003-12-29,LEY 598,Expropiación inmueble en la localidad de Rio Grande: Declaración utilidad pública.,EXPROPIACIÓN-DECLARACION DE UTILIDAD PUBLICA-INMUEBLES-LOCALIDAD DE RIO GRANDE-SECTOR K-CESION DE BIENES.,www.saij.gob.ar/LPV0001094
Tierra del Fuego,Ley,599,"Vigente, de alcance general",2003-11-06,2003-12-29,LEY 599,Área natural protegida: laguna negra. Reserva provincial de uso múltiple.,ECOLOGIA-AREAS NATURALES PROTEGIDAS-RESERVA PROVINCIAL DE USO MULTIPLE LAGUNA NEGRA-UTILIDAD PUBLICA-CONSERVACION-PROTECCION-USO TURISTICO.,www.saij.gob.ar/LPV0001095
Tierra del Fuego,Ley,6,Derogada,1971-11-11,1971-11-22,Ley 6,Ley de Contabilidad.,ADMINISTRACION PUBLICA PROVINCIAL-LEY DE CONTABILIDAD-PRESUPUESTO PROVINCIAL-EJERCICIO FINANCIERO-IMPUTACIONES PRESUPUESTARIAS- RECURSOS FINANCIEROS-CONTRATACIONES DEL ESTADO-LICITACIONES-BIENES DEL ESTADO-FONDOS DEL TESORO PROVINCIAL-TESORERIA...,www.saij.gob.ar/LPV0000187
Tierra del Fuego,Ley,6,"Vigente, de alcance general",1992-04-02,1992-04-24,LEY 6,Crédito para ejecución del proyecto 'equipamiento comunitario Tierra del Fuego'.,CREDITOS-CONVENIO-EQUIPAMIENTO COMUNITARIO EN TIERRA DEL FUEGO- RATIFICACION-BID-DECRETO 330/90-RESOLUCION 648/87-SECRETARIA DE VIVIENDA Y CALIDAD AMBIENTAL DE LA NACION-INTEVU-INSTITUTO TERRITORIAL DE VIVIENDA Y URBANISMO-DESARROLLO URBANO-SVOA-BID.,www.saij.gob.ar/LPV0000156
Tierra del Fuego,Ley,60,"Vigente, de alcance general",1973-04-10,1973-06-11,Ley 60,Ratificación de convenio entre base naval Ushuaia y ministerio de planeamiento y coordinación,BASE NAVAL USHUAIA-ARMADA ARGENTINA-MINISTERIO DE PLANEAMIENTO Y COORDINACION-TRANSFERENCIA DE BIENES-CESION DE USO-INDUSTRIA LECHERA-POBLAMIENTO,www.saij.gob.ar/LPV0000175
Tierra del Fuego,Ley,60,"Individual, Solo Modificatoria o Sin Eficacia",1992-12-14,1993-01-06,Ley 60,Ley impositiva. Ejercicio 1993,OBJETO CUMPLIDO-IMPUESTOS-TASAS-EJERCICIO 1993-IMPUESTO SOBRE LOS EJERCICIOS BRUTOS ALICUOTAS-ANTICIPOS IMPOSITIVOS-IMPUESTO INMOBILIARIO-BASE IMPONIBLE- INFRACCIONES-SANCIONES-IMPUESTO DE SELLOS- COMPRAVENTA-AUTOMOTORES.,www.saij.gob.ar/LPV0000553
Tierra del Fuego,Ley,600,"Vigente, de alcance general",2003-11-06,2003-12-29,LEY 600,Área natural protegida: río Valdez. Reserva provincial de uso múltiple.,ECOLOGIA-AREAS NATURALES PROTEGIDAS-RESERVA PROVINCIAL DE USO MULTIPLE RIO VALDEZ-UTILIDAD PUBLICA-CONSERVACION-PROTECCION.,www.saij.gob.ar/LPV0001096
Tierra del Fuego,Ley,601,"Individual, Solo Modificatoria o Sin Eficacia",2003-11-06,2003-12-29,LEY 601,Ley impositiva para el ejercicio 1999.,IMPUESTOS PROVINCIALES-TASAS-APLICACION DE LA LEY IMPOSITIVA- EJERCICIO 1999,www.saij.gob.ar/LPV0001097
Tierra del Fuego,Ley,602,"Vigente, de alcance general",2003-11-06,2003-12-29,LEY 602,"Antártida: puertos, aeronaves y aeropuertos provinciales, infraestructura logística y servicios públicos afectables al tráfico antártico y subantártico: determinación de su carácter estratégico.","ANTARTIDA ARGENTINA-DECLARACION DE CARACTER ESTRATEGICO A PUERTOS, AERONAVES, AEROPUERTOS PROVINCIALES-TRÁFICO ANTÁRTICO.",www.saij.gob.ar/LPV0001098
Tierra del Fuego,Ley,603,Derogada,2003-11-06,2003-12-29,LEY 603,Impuestos y regalías: Creación de la comisión provincial asesora,NOTA DE REDACCIÓN: DEROGADA POR ART. 24 LEY 1074 (B.O.P.: 13/01/16). COMISION PROVINCIAL ASESORA DE IMPUESTOS Y REGALIAS-PODER EJECUTIVO PROVINCIAL-MUNICIPIOS-COMUNA DE TOLHUIN.,www.saij.gob.ar/LPV0001099
Tierra del Fuego,Ley,604,"Individual, Solo Modificatoria o Sin Eficacia",2003-11-06,2003-12-29,LEY 604,Pesca deportiva-denominación baquiano: modificación.,SOLO MODIFICATORIA: MODIFICA LEY P. 570 (B.O. 20/01/03).FAUNA-PESCA-PESCA DEPORTIVA-BAQUIANO-DENOMINACION-HABILITACION- REGISTRO-AUTORIDAD DE APLICACION-REGISTRO PROVINCIAL DE BAQUIANOS DE PESCA DEPORTIVA-INFRACCIONES-PENALIDADES.,www.saij.gob.ar/LPV0001100
Tierra del Fuego,Ley,605,"Vigente, de alcance general",2003-11-27,2003-12-31,LEY 605,Promoción de la cunicultura: adhesión de la provincia a la ley Nacional n. 23.634.,CUNICULTURA-ADHESION LEY NACIONAL N° 23.634-PROMOCION-RECURSOS NATURALES.,www.saij.gob.ar/LPV0001101
Tierra del Fuego,Ley,606,"Vigente, de alcance general",2003-11-27,2003-12-31,LEY 606,Consejo Provincial de concertación y gestión de políticas y programas sociales,CONSEJO PROVINCIAL DE CONCERTACION Y GESTION DE POLITICAS Y PROGRAMAS SOCIALES-OBJETO-ASISTENCIA SOCIAL.,www.saij.gob.ar/LPV0001102
Tierra del Fuego,Ley,607,"Vigente, de alcance general",2003-11-27,2003-12-31,LEY 607,Ejercicio de la profesión de abogado,EJERCICIO DE LA PROFESION DE ABOGADO-COLEGIO PUBLICO DE ABOGADOS-TITULO HABILITANTE-DEBERES Y DERECHOS-MATRICULA DEL TRIBUNAL DE ETICA Y DISCIPLINA-SANCIONES.,www.saij.gob.ar/LPV0001103
Tierra del Fuego,Ley,608,"Individual, Solo Modificatoria o Sin Eficacia",2003-11-06,2004-01-09,LEY 608,Código fiscal: modificación.,SOLO MODIFICATORIA-MODIFICA LEY P. 439 (B.O. 01/02/99)- CODIGO FISCAL DE TIERRA DEL FUEGO.,www.saij.gob.ar/LPV0001104
Tierra del Fuego,Ley,609,"Individual, Solo Modificatoria o Sin Eficacia",2003-11-06,2004-01-09,LEY 609,Código fiscal: modificación.,SOLO MODIFICATORIA-MODIFICA LEY P. 439 (B.O. 01/02/99)- CODIGO FISCAL DE TIERRA DEL FUEGO.,www.saij.gob.ar/LPV0001105
Tierra del Fuego,Ley,61,"Vigente, de alcance general",1992-12-17,1993-01-06,Ley 61,Aprobación del escudo de la provincia.,ESCUDO PROVINCIAL-SIMBOLOS PATRIOS,www.saij.gob.ar/LPV0000554
Tierra del Fuego,Ley,61,"Individual, Solo Modificatoria o Sin Eficacia",1973-05-09,1973-06-18,Ley 61.,n/d,MODIFICATORIA DE LEY SIN EFICACIA-PODER EJECUTIVO TERRITORIAL- ADMINISTRACION PUBLICA-PRESUPUESTO GENERAL-EJERCICIO 1973- MODIFICACION.,www.saij.gob.ar/LPV0000342
Tierra del Fuego,Ley,610,"Vigente, de alcance general",2003-11-06,2004-01-09,LEY 610,Poder Ejecutivo Provincial-hidrocarburos: estimulación de la investigación y Exploración petrolífera.,PODER EJECUTIVO PROVINCIAL-HIDROCARBUROS-INVESTIGACION- EXPLORACION-PETROLIFERA-COSTA AFUERA (OFF SHORE)-COSTA ADENTRO (ON SHORE).,www.saij.gob.ar/LPV0001106
Tierra del Fuego,Ley,611,"Vigente, de alcance general",2003-12-12,2004-01-09,LEY 611,"Poder Ejecutivo Provincial: adhesión a la ley Nacional n.  25.643, sobre sistema de protección integral de las personas con discapacidad.",TURISMO-PODER EJECUTIVO PROVINCIAL-ADHESION PROVINCIAL-LEY NACIONAL-SISTEMA INTEGRAL DE PERSONAS CON DISCAPACIDAD,www.saij.gob.ar/LPV0001107
Tierra del Fuego,Ley,612,"Individual, Solo Modificatoria o Sin Eficacia",2003-12-12,2004-01-09,LEY 612,Ley orgánica del Poder Judicial: modificación.,SOLO MODIFICATORIA-MODIFICA LEY P.110 (B.O 24/11/93) PODER JUDICIAL-INTEGRACIÓN-DISTRITOS-RÉGIMEN INTERNO-PTESTAD DICIPLINARIA-FERIA DE TRIBUNALES-ORGANOS JUDICIALES-SUPERIOR TRIBUNAL DE JUSTICIA-TRIBUNAL DE JUICIO EN LO CRIMINAL-JUZGADO...,www.saij.gob.ar/LPV0001108
Tierra del Fuego,Ley,613,"Individual, Solo Modificatoria o Sin Eficacia",2003-12-12,2004-01-09,LEY 613,Dirección Provincial de puertos: modificación,SOLO MODIFICATORIA: MODIFICA LEY P.69 (B.O 19/4/93) PUERTOS-DIRECCION PROVINCIAL DE PUERTOS-MISION Y FUNCIONES-JURISDICCION-CLASIFICACION- CONTABILIDAD-RECURSOS-CONSEJO ASESOR.,www.saij.gob.ar/LPV0001109
Tierra del Fuego,Ley,614,"Vigente, de alcance general",2003-12-12,2004-01-09,LEY 614,Obligatoriedad de especificación de alcances y límites de soberano  a Nacional sobre espacio marítimo argentino en libros y mapas aprobados por el ministerio de educación de la provincia para su aptitud educativa.,EDUCACION-OBLIGATORIEDAD DE ESPECIFICACIÓN DE ALCANCES Y LIMITES DE LA SOBERANIA NACIONAL SOBRE ESPACIO MARÍTIMO ARGENTINO EN LIBROS Y MAPAS- MINISTERIO DE EDUCACIÓN DE LA PROVINCIA.,www.saij.gob.ar/LPV0001110
Tierra del Fuego,Ley,615,"Individual, Solo Modificatoria o Sin Eficacia",2003-12-12,2004-01-09,LEY 615,Registro provincial de estibadores portuarios: modificación,PUERTOS-DIRECCION PROVINCIAL DE PUERTOS-REGISTRO PROVINCIAL DE ESTIBADORES PORTUARIOS-PUERTOS COMERCIALES-PUERTOS PROVINCIALES-PREFECTURA NAVAL ARGENTINA-ESTIBADOR-MATRICULA- HABILITACION-INSCRIPCION-CUPO-SUSPENCIÓN-BAJA.,www.saij.gob.ar/LPV0001111
Tierra del Fuego,Ley,616,"Vigente, de alcance general",2003-12-12,2004-01-07,LEY 616,Presupuesto general de erogaciones y cálculo de recursos de la administración pública-ejercicio 2004,ECONOMIA Y FINANZAS-PODER EJECUTIVO PROVINCIAL-PRESUPUESTO GENERAL-  ADMINISTRACION PUBLICA PROVINCIAL-EJERCICIO 2004-GASTOS-CALCULO DE  RECURSOS-RECURSOS FINANCIEROS-ORGANISMOS DE SEGURIDAD SOCIAL.,www.saij.gob.ar/LPV0001112
Tierra del Fuego,Ley,617,Derogada,2003-12-12,2004-01-09,LEY 617,Ley de ministerios,PODER EJECUTIVO PROVINCIAL-MINISTERIOS-MINISTROS-SECRETARIOS- ATRIBUCIONES-COMPETENCIAS-MINISTERIO DE GOBIERNO TRABAJO SEGURIDAD Y JUSTICIA Y CULTO-MINISTERIO DE ECONOMIA HACIENDA Y FINANZAS-MINISTERIO DE HIDROCARBUROS ENERGIA Y MINERIA-MINISTERIO...,www.saij.gob.ar/LPV0001113
Tierra del Fuego,Ley,618,"Vigente, de alcance general",2004-03-10,2004-03-31,LEY 618,Tierras fiscales: desafectación del uso público reserva fiscal en  la ciudad de Rio Grande.,PODER EJECUTIVO PROVINCIAL-TIERRAS FISCALES-USO PUBLICO-RESERVA FISCAL-DESAFECTACIÓN.,www.saij.gob.ar/LPV0001114
Tierra del Fuego,Ley,619,"Individual, Solo Modificatoria o Sin Eficacia",2004-03-05,2004-04-07,LEY 619,Juicio de residencia: modificación.,SOLO MODIFICATORIA-MODIFICA A LA LEY P.264 (B.O.P. 10/01/96). CONSTITUCION PROVINCIAL-JUICIO DE RESIDENCIA-PODER EJECUTIVO- PODER LEGISLATIVO-TRIBUNAL DE CUENTAS-FISCAL DE ESTADO-SALA ACUSADORA-SALA JUZGADORA-COMISION INVESTIGADORA-SUPERIOR TRIBUNAL...,www.saij.gob.ar/LPV0001116
Tierra del Fuego,Ley,62,"Vigente, de alcance general",1992-12-14,1993-01-06,Ley 62,Cupo de viviendas para discapacitados del instituto provincial de vivienda.,DISCAPACITADOS-INSTITUTO PROVINCIAL DE VIVIENDA-ADJUDICACION DE VIVIENDA ITADOS,www.saij.gob.ar/LPV0000555
Tierra del Fuego,Ley,62,"Individual, Solo Modificatoria o Sin Eficacia",1973-05-18,1973-06-18,Ley 62.,n/d,OBJETO CUMPLIDO-POLICIA TERRITORIAL-POLICIA-REMUNERACIONES- SUPLEMENTO POR ZONA.,www.saij.gob.ar/LPV0000341
Tierra del Fuego,Ley,620,"Vigente, de alcance general",2004-03-10,2004-04-07,LEY 620,Expropiación de plantas industriales. Cesión de bienes expropiados: Reglamentación ley provincial n. 580,EXPROPIACION-DECLARACION DE UTILIDAD PUBLICA-INMUEBLES-PLANTAS INDUSTRIALES-CESION DE BIENES-COOPERATIVA DE TRABAJO RENACER EX-AURORA-PODER EJECUTIVO-REGLAMENTACION.,www.saij.gob.ar/LPV0001115
Tierra del Fuego,Ley,621,"Vigente, de alcance general",2004-03-24,2004-05-05,LEY 621,Administración publica provincial: remuneraciones-restitución del  Suplemento 'recuperación del poder adquisitivo salarial' (RE.P.A.S.).,ADMINISTRACION PUBLICA PROVINCIAL-REMUNERACIONES-RECUPARACION DEL PODER ADQUISITIVO SALARIAL-SUPLEMENTO-PODER EJECUTIVO PROVINAL-ORGANISMOS DESCENTRALIZADOS Y/O AUTARQUICOS.,www.saij.gob.ar/LPV0001117
Tierra del Fuego,Ley,622,"Individual, Solo Modificatoria o Sin Eficacia",2004-05-13,2004-06-02,LEY 622,Ejercicio de la profesión de abogado: modificación.,EJERCICIO DE LA PROFESION DE ABOGADO-COLEGIO PUBLICO DE ABOGADOS-TITULO HABILITANTE-DEBERES Y DERECHOS-MATRICULA DEL TRIBUNAL DE ETICA Y DISCIPLINA-SANCIONES.,www.saij.gob.ar/LPV0001119
Tierra del Fuego,Ley,623,Derogada,2004-05-27,2004-06-02,LEY 623,Hora oficial: establécese el huso horario para la provincia.,HORA OFICIAL-HUSO HORARIO-PROVINCIA DE TIERRA DEL FUEGO.,www.saij.gob.ar/LPV0001118
Tierra del Fuego,Ley,624,"Individual, Solo Modificatoria o Sin Eficacia",2004-05-13,2004-06-11,LEY 624,Ley impositiva para el ejercicio 1999.,SOLO MODIFICATORIA-MODIFICA LEY P. 601 (B.O. 29/12/03)SOBRE APLICACION DE LA LEY IMPOSITIVA-TASA-EJERCICIO 1999.,www.saij.gob.ar/LPV0001120
Tierra del Fuego,Ley,625,"Vigente, de alcance general",2004-05-13,2004-06-11,LEY 625,"Poder Ejecutivo Provincial: adhesión de la provincia a la ley Nacional n. 25.855, sobre promoción del voluntariado social.",PODER EJECUTIVO PROVINCIAL-ADHESION PROVINCIAL-LEY NACIONAL-TRABAJO VOLUNTARIO-GRATUITO- POLITICAS SOCIALES COMUNITARIAS-VOLUNTARIADO SOCIAL.,www.saij.gob.ar/LPV1000625
Tierra del Fuego,Ley,626,"Vigente, de alcance general",2004-03-24,2004-06-18,LEY 626,"Día provincial de la memoria por la verdad y la justicia, el 24 de   marzo en conmemoración y homenaje a las víctimas del terrorismo de estado.",CONMEMORACIONES-DIA PROVINCIAL DE LA MEMORIA POR LA VERDAD Y LA JUSTICIA-HOMENAJES-24 DE MARZO-TERRORISMO DE ESTADO.,www.saij.gob.ar/LPV0001122
Tierra del Fuego,Ley,627,"Individual, Solo Modificatoria o Sin Eficacia",2004-06-18,2004-06-18,LEY 627,Hora oficial: establece el huso horario para la provincia. Derogación.,SOLO DEROGATORIA: DEROGA LEY P. 623 (B.O.02/06/04) HORA OFICIAL-HUSO HORARIO-PROVINCIA DE TIERRA DEL FUEGO.,www.saij.gob.ar/LPV0001123
Tierra del Fuego,Ley,628,"Vigente, de alcance general",2004-06-18,2004-06-30,LEY 628,"Poder Ejecutivo Provincial: autorización para disponer de la suma  de $ 10.300.000 del fondo creado por ley provincial n. 566, para ejecución de obras publicas.",PODER EJECUTIVO PROVINCIAL-OBRA PUBLICA-AUTORIZACION- EJECUCION- FONDO ESPECIAL DE OBRAS Y SERVICIOS PUBLICOS,www.saij.gob.ar/LPV0001124
Tierra del Fuego,Ley,629,"Vigente, de alcance general",2004-05-27,2004-07-16,LEY 629,"Administración publica provincial: licencia especial para agentes  con hijos menores de 18 años por fallecimiento de madre, madrastra, padre o  padrastro.",ADMINISTRACION PUBLICA PROVINCIAL-LICENCIA ESPECIAL-AGENTES- MENORES DE 18 AÑOS-FALLECIMIENTO-MADRE-MADRASTRA-PADRE-PADRASTRO,www.saij.gob.ar/LPV0001125
Tierra del Fuego,Ley,63,"Individual, Solo Modificatoria o Sin Eficacia",1973-05-23,1973-06-25,Ley 63.,n/d,MODIFICATORIA DE LEY SIN EFICACIA-PODER EJECUTIVO TERRITORIAL- ADMINISTRACION PUBLICA-PRESUPUESTO GENERAL-EJERCICIO 1973- MODIFICACION-IMPUESTO-GRAVAMEN-TRIBUTO-COPARTICIPACION FEDERAL.,www.saij.gob.ar/LPV0000340
Tierra del Fuego,Ley,63,"Individual, Solo Modificatoria o Sin Eficacia",1992-12-11,1993-01-08,Ley 63.,n/d,OTORGA PENSION GRACIABLE A RODOLFO ANTOLIN GODOY.,www.saij.gob.ar/LPV0000563
Tierra del Fuego,Ley,630,"Vigente, de alcance general",2004-05-27,2004-07-16,LEY 630,"Educación: titularización del personal docente que reviste como interino en los cargos de los niveles egb3, polimodal y cens, dependientes del ministerio de educación y cultura.","PODER EJECUTIVO PROVINCIAL-EDUCACION-TITULARIZACION DE DOCENTES-CARGOS INTERINOS-NIVELES EGB3, POLIMODAL Y CENS-MINISTERIO DE EDUCACION Y CULTURA-JUNTA DE CLASIFICACION Y DISCIPLINA-REQUISITOS.",www.saij.gob.ar/LPV0001126
Tierra del Fuego,Ley,631,"Vigente, de alcance general",2004-05-27,2004-07-16,LEY 631,Educación: régimen laboral del trabajador docente,"EDUCACION-REGIMEN LABORAL DEL TRABAJADOR DOCENTE-PERSONAL DOCENTE-DEBERES-DERECHOS-DE LA FUNCION, CATEGORIA Y UBICACION DE LOS ESTABLECIMIENTOS-ESCALAFON-CARRERA DOCENTE-INGRESO EN LA DOCENCIA-DESIGNACIONES- ESTABILIDAD-CLASIFICACION DEL PERSONAL...",www.saij.gob.ar/LPV0001127
Tierra del Fuego,Ley,632,"Vigente, de alcance general",2004-07-06,2004-07-23,LEY 632,"Poder Ejecutivo Provincial: contrato de préstamo subsidiario, registrado bajo n. 3576, entre el estado Nacional y la provincia, sobre financiación del programa de mejoramiento de barrios.",PODER EJECUTIVO PROVINCIAL-CONVENIOS CON LA NACION-CONTRATO DE PRESTAMO SUBSIDIARIO-PROGRAMA MEJORAMIENTO DE BARRIOS-BANCO INTERAMERICANO DE DESARROLLO-BID.,www.saij.gob.ar/LPV0001128
Tierra del Fuego,Ley,633,"Vigente, de alcance general",2004-07-06,2004-08-04,LEY 633,Firma digital: Adhesión de la provincia a la ley Nacional n. 25.506.,ADHESION PROVINCIAL-LEY NACIONAL-FIRMA DIGITAL-DOCUMENTO ELECTRONICO-FIRMA ELECTRONICA-CERTIFICADO DIGITAL,www.saij.gob.ar/LPV0001129
Tierra del Fuego,Ley,634,"Vigente, de alcance general",2004-08-12,2004-08-27,LEY 634,Poder Ejecutivo Provincial: adjudica en venta inmueble de propiedad del estado provincial 'Hostería Kaiken' autorización legislativa.,PODER EJECUTIVO PROVINCIAL-ADJUDICACION EN VENTA-INMUEBLE-HOSTERIA KAIKEN.,www.saij.gob.ar/LPV0001133
Tierra del Fuego,Ley,635,"Individual, Solo Modificatoria o Sin Eficacia",2004-08-05,2004-09-03,LEY 635,Derogación ley provincial n. 515 sobre beneficios para excombatientes,SOLO DEROGATORIA: DEROGA LEY P. 515 (B.O. 31/01/01).EX-COMBATIENTES DE MALVINAS-SUSPENSION BENEFICIOS PREVISTOS POR LEY P. 407-COMPROMISO FEDERAL POR EL CRECIMIENTO FISCAL-BASE DE CALCULO DE PENSIONES DE GUERRA.,www.saij.gob.ar/LPV0001130
Tierra del Fuego,Ley,636,"Individual, Solo Modificatoria o Sin Eficacia",2004-08-05,2004-09-03,LEY 636,Tasas judiciales: modificatoria del código contencioso administrativo y ley provincial n. 162.,SOLO MODIFICATORIA: MODIFICA LEY P. 133 Y 162.PODER JUDICIAL PROVINCIAL-CODIGO CONTENCIOSO ADMINISTRATIVO-TASAS JUDICIALES-SUPERIOR TRIBUNAL DE JUSTICIA-JUZGADO DE PRIMERA INSTANCIA-COMPETENCIA-ACTOS ADMINISTRATIVOS-TASAS DE JUSTICIA-EXENCIONES DE...,www.saij.gob.ar/LPV0001131
Tierra del Fuego,Ley,637,"Vigente, de alcance general",2004-08-05,2004-09-03,LEY 637,Fomento y desarrollo de las prácticas deportivas: adhesión a la le  y Nacional n. 20.655: Modificación.,"SOLO MODIFICATORIA: MODIFICA A LEY P. 590 B.O. 28/11/03.DEPORTES-PROMOCION-FOMENTO-DESARROLLO-DEPORTE EDUCATIVO-DEPORTE ESCOLAR-DEPORTE COMUNITARIO, RECREATIVO, AFICIONADO, PROFESIONAL-ACTIVIDADES DEPORTIVAS-TORNEOS-COMPETENCIA-ESPECTACULO...",www.saij.gob.ar/LPV0001132
Tierra del Fuego,Ley,638,Derogada,2004-08-05,2004-09-03,LEY 638,Poder legislativo. Comisión de seguimiento sobre 'fondo social de  reactivación productiva': Creación.,PODER LEGISLATIVO-COMISION DE SEGUIMIENTO LEGISLATIVO-FONDO SOCIAL DE REACTIVACION PRODUCTIVA.,www.saij.gob.ar/LPV0001134
Tierra del Fuego,Ley,639,"Vigente, de alcance general",2004-10-06,2004-10-22,LEY 639,Instituto provincial autárquico unificado de seguridad social (I.P.A.U.S.S.): modificación presupuestaria y de la planta de personal permanente  y no permanente.,INSTITUTO PROVINCIAL AUTARQUICO UNIFICADO DE SEGURIDAD SOCIAL-IPAUSS-ORGANO-SEGURIDAD SOCIAL-ORGANISMOS PREVISIONALES- SERVICIOS SOCIALES-PRESUPUESTO-PLANTA DE PERSONAL PERMANENTE Y NO PERMANENTE,www.saij.gob.ar/LPV0001135
Tierra del Fuego,Ley,64,"Individual, Solo Modificatoria o Sin Eficacia",1973-05-23,1973-07-02,Ley 64.,n/d,MODIFICATORIA DE LEY SIN EFICACIA-PODER EJECUTIVO TERRITORIAL- ADMINISTRACION PUBLICA-PRESUPUESTO GENERAL-EJERCICIO 1973- MODIFICACION-SERVICIOS SANITARIOS-HOSPITALES.,www.saij.gob.ar/LPV0000339
Tierra del Fuego,Ley,64,"Individual, Solo Modificatoria o Sin Eficacia",1992-12-14,1993-01-08,Ley 64.,n/d,OTORGA PENSION GRACIABLE A HERMINDA NELIDA GARAY.,www.saij.gob.ar/LPV0000564
Tierra del Fuego,Ley,640,"Vigente, de alcance general",2004-10-05,2004-11-03,LEY 640,Lema y consigna provincial 'Ushuaia conexión optima entre la Antártida y el mundo'.,ANTARTIDA ARGENTINA-USHUAIA CONEXION OPTIMA ENTRE LA ANTARTIDA Y EL MUNDO-TRATADO ANTARTICO-ACTIVIDADES TURISTICAS-INVESTIGACIONES CIENTIFICAS.,www.saij.gob.ar/LPV0001136
Tierra del Fuego,Ley,641,Derogada,2004-10-05,2004-10-29,LEY 641,Instituto provincial autárquico unificado de seguridad social (I.P.A.U.S.S.): Modificación.,NOTA DE REDACCIÓN: Derogada por Art. 51 Ley 1070 (B.O.P.: 13/01/16).INSTITUTO PROVINCIAL AUTARQUICO UNIFICADO DE SEGURIDAD SOCIAL-IPAUSS-ORGANO-OBJETO-DOMICILIO SOCIAL-SEGURIDAD SOCIAL-SISTEMA PREVISIONAL- ADMINISTRACION-AUTORIDADES-DERECHOS Y...,www.saij.gob.ar/LPV0001137
Tierra del Fuego,Ley,642,"Vigente, de alcance general",2004-10-05,2004-11-05,LEY 642,"Instituto provincial de regulación de apuestas (I.P.R.A.) - portal   de distribución, mediante la red de internet: Creación.",INSTITUTO PROVINCIAL DE REGULACION DE APUESTAS-IPRA-PORTAL DE DISTRIBUCION-CREACION-INTERNET-JUEGOS DE AZAR-RECAUDACION- ESTADO CONTABLE.,www.saij.gob.ar/LPV0001138
Tierra del Fuego,Ley,643,"Vigente, de alcance general",2004-10-28,2004-11-24,LEY 643,Bibliotecas populares: fomento.,CULTURA Y EDUCACION-BIBLIOTECAS POPULARES-FOMENTO-DE LA APLICACION-DE LAS OBLIGACIONES-MINISTERIO DE EDUCACION Y CULTURA-AUTORIDAD DE APLICACION.,www.saij.gob.ar/LPV0001139
Tierra del Fuego,Ley,644,"Vigente, de alcance general",2004-10-28,2004-11-24,LEY 644,Poder Ejecutivo Provincial: venta de inmueble de la provincia al estado Nacional (Policía Federal Argentina),PODER EJECUTIVO PROVINCIAL-VENTA DE INMUEBLES-ESTADO NACIONAL- MINISTERIO DEL INTERIOR-POLICIA FEDERAL ARGENTINA-BOLETO COMPRA- VENTA.,www.saij.gob.ar/LPV0001140
Tierra del Fuego,Ley,645,"Vigente, de alcance general",2004-10-28,2004-11-24,LEY 645,"Poder Ejecutivo Provincial: convenio de cooperación entre la provincia y la municipalidad de Ushuaia registrado bajo n. 9834, sobre afectación   de pesos ($4.000.000), para obra de pavimentación ruta Nacional n. 3.",PODER EJECUTIVO PROVINCIAL-CONVENIO DE COOPERACION-MUNICIPALIDAD DE USHUAIA-COPARTICIPACION DE FEDERAL DE IMPUESTOS-PRESUPUESTO- DIRECCION PROVINCIAL DE VIALIDAD-OBRA PAVIMENTACION RUTA NACIONAL N° 3.,www.saij.gob.ar/LPV0001141
Tierra del Fuego,Ley,646,"Individual, Solo Modificatoria o Sin Eficacia",2004-11-18,2004-12-14,LEY 646,Administración financiera y sistemas de control del sector publico   Provincial: Modificación,"SOLO MODIFICATORIA-MODIFICA A LA LEY P.495 ART. 118, MODIFICATORIO DEL ART. 31 DE LA LEY P.50).ADMINISTRACION FINANCIERA-SECTOR PUBLICO PROVINCIAL-SISTEMAS DE CONTROL-CONTADURIA GENERAL-TRIBUNAL DE CUENTAS-PRESUPUESTO ADMINISTRACION PROVINCIAL-LEY...",www.saij.gob.ar/LPV0001142
Tierra del Fuego,Ley,647,"Vigente, de alcance general",2004-11-18,2004-12-14,LEY 647,"Educación: declara el día 28 de septiembre como 'jornada reflexiva   de convivencia escolar', en el ámbito de la provincia.",EDUCACION-DECLARACION-AMBITO-PROVINCIA TIERRA DEL FUEGO-JORNADA REFLEXIVA DE CONVIVENCIA ESCOLAR-MINISTERIO DE EDUCACION Y CULTURA-DIA 28 DE SEPTIEMBRE.,www.saij.gob.ar/LPV0001144
Tierra del Fuego,Ley,648,Derogada,2004-11-18,2004-12-14,LEY 648,Ley de educación: modificación.,SOLO MODIFICATORIA-MODIFICA A LEY P. 159 B.O. 17/08/94).EDUCACION-MINISTERIO DE EDUCACION Y CULTURA-CONSEJO PROVINCIAL DE EDUCACION-DERECHOS-OBLIGACIONES-GARANTIAS- PRINCIPIOS GENERALES- POLITICA EDUCATIVA-SISTEMA EDUCATIVO...,www.saij.gob.ar/LPV0001143
Tierra del Fuego,Ley,649,"Vigente, de alcance general",2004-11-18,2004-12-14,LEY 649,"Poder Ejecutivo Provincial: adhesión de la provincia a la ley Nacional n. 25.392, sobre registro Nacional de donantes de células progenitoras hematopoyéticas.",ADHESION A LA LEY NACIONAL N° 25.392-SALUD-MINISTERIO DE SALUD-REGISTRO NACIONAL DE DONANTES DE CELULAS PROGENITORAS HEMATOPOYETICAS.,www.saij.gob.ar/LPV0001145
Tierra del Fuego,Ley,65,"Vigente, de alcance general",1992-12-14,1993-01-08,Ley 65,Creación del Ente Fueguino de Turismo,TURISMO-PROMOCION AL TURISMO-REGISTRO PROVINCIAL DE EMPRESAS Y ACTIVIDADES TURISTICAS-INSCRIPCION REGISTRAL-INFRACCIONES-SANCIONES  AUTORIDAD DE APLICACION-INSTITUTO FUEGUINO DE TURISMO-CREACION DE  ORGANISMOS-MISION Y FUNCIONES-ESTRUCTURA...,www.saij.gob.ar/LPV0000556
Tierra del Fuego,Ley,65,"Individual, Solo Modificatoria o Sin Eficacia",1973-05-24,1973-07-10,Ley 65.,n/d,MODIFICATORIA DE LEY SIN EFICACIA-PODER EJECUTIVO TERRITORIAL- ADMINISTRACION PUBLICA-PRESUPUESTO GENERAL-EJERCICIO 1973- MODIFICACION-COMPETENCIAS DEPORTIVAS-DEPORTES-SUBSIDIOS.,www.saij.gob.ar/LPV0000338
Tierra del Fuego,Ley,650,"Vigente, de alcance general",2004-11-18,2004-12-14,LEY 650,"Obligación de presentar al poder legislativo soporte informático de los proyectos de ley, solicitud de acuerdos, aprobación de convenios, contestación de pedidos de informes y toda otra documentación que remitan al mismo.",PODER EJECUTIVO-PODER LEGISLATIVO-PODER JUDICIAL-ORGANISMOS DESCENTRALIZADOS-ENTES AUTARQUICOS-ORGANISMOS DE CONTROL-EMPRESAS DEL ESTADO PROVINCIAL-REMISION EN SOPORTE INFORMATICO-PROYECTOS DE LEY-SOLICITUD DE ACUERDOS-APROBACION DE...,www.saij.gob.ar/LPV0001146
Tierra del Fuego,Ley,651,"Vigente, de alcance general",2004-12-02,2004-12-29,LEY 651,Educación: incorporación de los contenidos de 'donación de órganos' a currícula educativa de la provincia.,"EDUCACION-CURRICULA EDUCATIVA-CICLOS EGB 1, 2 Y 3 Y POLIMODAL-DONACION ORGANOS-MINISTERIO DE EDUCACION Y CULTURA-MINISTERIO DE SALUD-ABLACIONES-IMPLANTES.",www.saij.gob.ar/LPV0001148
Tierra del Fuego,Ley,652,"Individual, Solo Modificatoria o Sin Eficacia",2004-12-02,2004-12-29,LEY 652,Educacion-regimen laboral del trabajador docente: modificación.,"SOLO MODIFICATORIA: MODIFICA A LEY P. 631 (B.O.16/07/04).EDUCACION-REGIMEN LABORAL DEL TRABAJADOR DOCENTE-PERSONAL DOCENTE-DEBERES-DERECHOS-DE LA FUNCION, CATEGORIA Y UBICACION DE LOS ESTABLECIMIENTOS-ESCALAFON- CARRERA DOCENTE -INGRESO EN LA...",www.saij.gob.ar/LPV0001147
Tierra del Fuego,Ley,653,"Vigente, de alcance general",2004-12-02,2005-01-03,LEY 653,Derecho a la Información,DERECHO A LA INFORMACION-INFORMACION PUBLICA-PUBLICIDAD DE ACTOS DE GOBIERNO-LIMITES DE ACCESO A LA INFORMACION-GRATUIDAD-PLAZOS-RESPONSABILIDADES.,www.saij.gob.ar/LPV0001149
Tierra del Fuego,Ley,654,"Individual, Solo Modificatoria o Sin Eficacia",2004-10-28,2005-02-04,LEY 654,Cesión de bienes expropiados a cooperativa de trabajo limitada renacer ex - Aurora de Ushuaia: modificación.,SOLO MODIFICATORIA: MODIFICA LEY P. 580 (B.O.12/09/03).EXPROPIACION-DECLARACION DE UTILIDAD PUBLICA-INMUEBLES-PLANTAS INDUSTRIALES-CESION DE BIENES-COOPERATIVA DE TRABAJO LIMITADA RENACER EX-AURORA-PODER EJECUTIVO-AUTORIZACION DE INVERSION...,www.saij.gob.ar/LPV0001150
Tierra del Fuego,Ley,655,Derogada,2004-12-21,2005-01-21,LEY 655,"Poder Ejecutivo Provincial: adhesión a la ley Nacional n. 12.908,  sobre estatuto del periodista profesional.",ADHESION PROVINCIAL-LA LEY NACIONAL-ESTATUTO DEL PERIODISTA PROFESIONAL-PODER EJECUTIVO PROVINCIAL.,www.saij.gob.ar/LPV0001154
Tierra del Fuego,Ley,656,"Individual, Solo Modificatoria o Sin Eficacia",2004-12-16,2005-01-21,LEY 656,"Adhesión de la provincia a la ley Nacional n. 24.464, fondo provincial de la vivienda - derogación ley provincial n. 491 y modificación ley provincial n. 245.","SOLO MODIFICATORIA Y DEROGATORIA: DEROGA LEY P.491 (B.O 01/11/00), MODIFICA LEY P. 245 (B.O 02/10/95).VIVIENDA-ADHESION DE LA PROVINCIA A LA LEY NACIONAL N° 24.464-SISTEMA FEDERAL DE LA VIVIENDA-RECURSOS FINANCIEROS-FONDO NACIONAL DE LA...",www.saij.gob.ar/LPV0001151
Tierra del Fuego,Ley,657,"Vigente, de alcance general",2004-12-16,2005-01-21,LEY 657,Banco Tierra del Fuego. Plan de regularización de deudas.,BANCO DE LA PROVINCIA DE TIERRA DEL FUEGO-PLAN DE REGULARIZACIONES DE DEUDAS-ENTIDAD FINANCIERA-DEUDORES-CREDITOS-BANCO CENTRAL DE LA REPUBLICA ARGENTINA.,www.saij.gob.ar/LPV0001155
Tierra del Fuego,Ley,658,Derogada,2004-12-16,2005-01-21,LEY 658,Ley de marcas y señales: modificación - derogación ley provincial  n 541.,SOLO MODIFICATORIA Y DEROGATORIA: DEROGA LEY P. 541 (B.O. 16/01/02)M MODIFICA LEY P. 262 (B.O. 01/12/95).MARCAS Y SEÑALES-GANADERIA-REGISTRO PROVINCIAL DE MARCAS Y SEÑALES DE TIERRA DEL FUEGO-INSCRIPCION REGISTRAL.,www.saij.gob.ar/LPV0001152
Tierra del Fuego,Ley,659,"Individual, Solo Modificatoria o Sin Eficacia",2004-12-21,2005-01-21,LEY 659,Policía Provincial. Caja compensadora: modificación.,SOLO MODIFICATORIA: MODIFICA LEY T. 334 (B.O. 30/09/88).PREVISION SOCIAL-POLICIA PROVINCIAL-CAJAS DE PREVISION-CAJA COMPENSADORA DE LA POLICIA PROVINCIAL-TIERRA DEL FUEGO.,www.saij.gob.ar/LPV0001153
Tierra del Fuego,Ley,66,"Individual, Solo Modificatoria o Sin Eficacia",1973-05-24,1973-07-16,Ley 66.,n/d,MODIFICATORIA DE LEY SIN EFICACIA-PODER EJECUTIVO TERRITORIAL- ADMINISTRACION PUBLICA-PRESUPUESTO GENERAL-EJERCICIO 1973- MODIFICACION-CAMPING-EQUIPAMIENTO.,www.saij.gob.ar/LPV0000337
Tierra del Fuego,Ley,66,"Individual, Solo Modificatoria o Sin Eficacia",1992-12-14,1993-01-08,Ley 66.,n/d,OTORGA PENSION GRACIABLE A JACINTA OLIMPIA ESTRELLA.,www.saij.gob.ar/LPV0000565
Tierra del Fuego,Ley,660,"Vigente, de alcance general",2004-12-16,2005-01-21,LEY 660,Legislatura: afectación de inmuebles al uso y funcionamiento de la   legislatura provincial.,LEGISLATURA PROVINCIAL-REGISTRO PATRIMONIAL-AFECTACION-USO Y FUNCIONAMIENTO-INMUEBLES.,www.saij.gob.ar/LPV0001156
Tierra del Fuego,Ley,661,"Vigente, de alcance general",2004-12-21,2005-02-04,LEY 661,Presupuesto general de erogaciones y cálculo de recursos de la administración publica - ejercicio 2005.,PODER EJECUTIVO PROVINCIAL-ADMINISTRACION PUBLICA PROVINCIAL- PRESUPUESTO GENERAL-ECONOMIA Y FINANZAS-EJERCICIO 2005-GASTOS- CALCULO DE RECURSOS-RECURSOS FINANCIEROS-ORGANISMOS DE SEGURIDAD SOCIAL-PODER LEGISLATIVO-PODER JUDICIAL.,www.saij.gob.ar/LPV0001157
Tierra del Fuego,Ley,662,"Vigente, de alcance general",2005-03-17,2005-05-02,LEY 662,"Poder Ejecutivo Provincial: inmueble denominado 'casa ramos', autorización para vender una porción del inmueble y otorgamiento de un permiso especial de uso de la vivienda a la empresa Talbot Hotels S.A..",PODER EJECUTIVO PROVINCIAL-INMUEBLE DENOMINADO CASA RAMOS-VENTA-PERMISO DE USO DE LA VIVIENDA-EMPRESA TALBOT HOTELS S.A.,www.saij.gob.ar/LPV0001159
Tierra del Fuego,Ley,663,"Individual, Solo Modificatoria o Sin Eficacia",2005-04-07,2005-05-02,LEY 663,ex-combatientes: beneficios - registro provincial de veteranos de  guerra: Modificación.,SOLO MODIFICATORIA: MODIFICA LEY P. 407 (B.O. 24/07/98).REGISTRO PROVINCIAL DE VETERANOS DE GUERRA-GUERRA DE MALVINAS-EXCOMBATIENTES-BENEFICIOS.,www.saij.gob.ar/LPV0001158
Tierra del Fuego,Ley,664,"Vigente, de alcance general",2005-04-07,2005-05-20,LEY 664,Estatuto profesional para el personal del banco provincia de Tierra del Fuego,BANCO-BANCOS PROVINCIALES-BANCO PROVINCIA DE TIERRA DEL FUEGO-ESTATUTO PROFESIONAL-PERSONAL-AMBITO DE APLICACION-ESTABILIDAD-INVALIDEZ-MEDIDAS DISCIPLINARIAS-SUMARIO ADMINISTRATIVO-CARRERA BANCARIA.,www.saij.gob.ar/LPV0001160
Tierra del Fuego,Ley,665,"Vigente, de alcance general",2005-05-19,2005-06-13,LEY 665,"educación para el consumo inteligente y de los derechos del consumidor. incorporación de estos contenidos en establecimientos educativos,  (niveles egb1, egb2, egb3 y polimodal).","PODER EJECUTIVO PROVINCIAL-MINISTERIO DE EDUCACION-EDUCACION-ESTABLECIMIENTOS EDUCATIVOS-CONTENIDOS EDUCATIVOS-CONSUMO INTELIGENTE-DERECHO AL CONSUMIDOR-NIVELES EGB1, EGB2, EGB3 Y POLIMODAL.",www.saij.gob.ar/LPV0001161
Tierra del Fuego,Ley,666,"Vigente, de alcance general",2005-07-07,2005-08-12,LEY 666,"Prohibición de instalar hornos pirolíticos en los ejidos urbanos de Rio Grande, Ushuaia, Tolhuin.",SALUD-RESIDUOS PATOGENOS-HORNOS PIROLITICOS-PROHIBICION DE INSTALAR-EJIDOS URBANOS.,www.saij.gob.ar/LPV0001162
Tierra del Fuego,Ley,667,"Vigente, de alcance general",2005-07-07,2005-08-12,LEY 667,Trabajo: obligación de las empresas adjudicatarias de obras públicas de incluir en sus salarios el coeficiente 'zona austral de Tierra del Fuego'.,PODER EJECUTIVO PROVINCIAL-OBRAS PUBLICAS-EMPRESAS ADJUDICATARIAS-SALARIOS-APLICACION COEFICIENTE ZONA AUSTRAL DE TIERRA DEL FUEGO.,www.saij.gob.ar/LPV0001163
Tierra del Fuego,Ley,668,"Vigente, de alcance general",2005-08-18,2005-09-09,LEY 668,dispone incremento 600 cargos. Comisión de seguimiento legislativo   del Megapase: Creación.,PODER EJECUTIVO-ADMINISTRACION PUBLICA PROVINCIAL-ORGANISMOS DESCENTRALIZADOS-MEGAPASE-CREACION DE 600 CARGOS-PLANTA PERSONAL PERMANENTE-PODER LEGISLATIVO-COMISION DE SEGUIMIENTO.,www.saij.gob.ar/LPV0001164
Tierra del Fuego,Ley,669,"Vigente, de alcance general",2005-08-18,2005-09-09,LEY 669,conmemoración del día de San José de Calasanz -25 de agosto- adhesión a la ley Nacional n. 24.978.,ADHESION DE LA PROVINCIA A LA LEY NACIONAL Nº 24978-CONMEMORACION-25 DE AGOSTO-DIA DE SAN JOSE DE CALASANZ-PROTECTOR DE LAS ESCUALES.,www.saij.gob.ar/LPV0001165
Tierra del Fuego,Ley,67,"Individual, Solo Modificatoria o Sin Eficacia",1973-05-24,1973-09-13,Ley 67.,n/d,MODIFICATORIA DE LEY SIN EFICACIA-PODER EJECUTIVO TERRITORIAL- ADMINISTRACION PUBLICA-PRESUPUESTO GENERAL-EJERCICIO 1973- MODIFICACION-COMEDORES ESCOLARES.,www.saij.gob.ar/LPV0000336
Tierra del Fuego,Ley,67,"Individual, Solo Modificatoria o Sin Eficacia",1992-12-14,1993-03-05,Ley 67,n/d,PODER EJECUTIVO TERRITORIAL-MONUMENTOS-HOMENAJES-ABORIGEN-FUEGUINO- PLAZA-25 DE MAYO.,www.saij.gob.ar/LPV0000557
Tierra del Fuego,Ley,670,"Vigente, de alcance general",2005-08-18,2005-09-09,LEY 670,Conmemoración oficial desaparición del General Martin Miguel de Güemes: 17 de Junio.,CULTURA Y EDUCACION-CONMEMORACIONES-DIA 17 DE JUNIO-DESAPARICION FISICA DEL GENERAL MARTIN MIGUEL DE GÜEMES.,www.saij.gob.ar/LPV0001166
Tierra del Fuego,Ley,671,"Vigente, de alcance general",2005-08-18,2005-09-09,LEY 671,Jornada de la paz: 21 de septiembre. Adhesión resolución 55/282 de   la ONU y ley Nacional n 23.211.,JORNADA ARGENTINA DE LA PAZ-ORGANIZACION DE LAS NACIONES UNIDAS-ADHESION PROVINCIAL-INSTITUCION-JORNADA DE LA PAZ-21 DE SEPTIEMBRE-ORGANIZACION DE LAS NACIONES UNIDAS-ONU-ADHESION RESOLUCION 55/282 Y LEY NACIONAL Nº 23.211.,www.saij.gob.ar/LPV0001167
Tierra del Fuego,Ley,672,"Vigente, de alcance general",2005-08-18,2005-09-09,LEY 672,Día del pensamiento Nacional: 13 de noviembre-homenaje a Arturo Martin Jauretche. Adhesión ley Nacional n. 25.844.,HOMENAJES-CONMEMORACIONES-ADHESION PROVINCIAL-DIA DEL PENSAMIENTO NACIONAL- 13 DE NOVIEMBRE-HOMENAJE-ESCRITOR ARTURO MARTIN JAURETCHE- ADHESION LEY NACIONAL-CALENDARIO ESCOLAR.,www.saij.gob.ar/LPV0001168
Tierra del Fuego,Ley,673,"Vigente, de alcance general",2005-09-22,2005-10-14,LEY 673,Educación: institución del 16 de septiembre como día de los derechos del estudiante de enseñanza media.,EDUCACION-INSTITUCION EL 16 DE SEPTIEMBRE DIA DE LOS DERECHOS DEL ESTUDIANTE DE ENSEÑANZA MEDIA-MINISTERIO DE EDUCACION.,www.saij.gob.ar/LPV0001169
Tierra del Fuego,Ley,674,"Individual, Solo Modificatoria o Sin Eficacia",2005-10-06,2005-11-04,LEY 674,Consejo de la Magistratura: modificación.,SOLO MODIFICATORIA: MODIFICA LEY P. 8 (B.O.P. 08/05/92).CONSEJO DE LA MAGISTRATURA-FUNCIONES-MIEMBROS-INTEGRACION- SUPLENTES-FISCAL DE ESTADO-FISCAL ADJUNTO-INMUNIDAD-INASISTENCIA-DESIGNACION- REPRESENTACION DE LOS...,www.saij.gob.ar/LPV0001170
Tierra del Fuego,Ley,675,"Individual, Solo Modificatoria o Sin Eficacia",2005-10-06,2005-11-04,LEY 675,Ley de ministerios: modificación.,SOLO MODIFICATORIA: MODIFICA LEY P. 617 DEROGA EL PUNTO 4 DEL ARTICULO 8º (B.O.P. 12/01/04).PODER EJECUTIVO PROVINCIAL-MINISTERIOS-MINISTROS-SECRETARIOS- ATRIBUCIONES-COMPETENCIAS-MINISTERIO DE GOBIERNO TRABAJO SEGURIDAD Y JUSTICIA Y...,www.saij.gob.ar/LPV0001171
Tierra del Fuego,Ley,676,Derogada,2005-09-01,2005-11-04,LEY 676,"Poder Ejecutivo Provincial: deuda con el instituto provincial autárquico unificado de previsión social (IPAUSS), 'compromiso de pago previsional mensual' (CPPM).",NOTA DE REDACCIÓN: Derogada por Art. 32 Ley 1068 (B.O.P. 11/01/2016.) PODER EJECUTIVO PROVINCIAL-DEUDA AL INSTITUTO PROVINCIAL AUTARQUICO UNIFICADO DE SEGURIDAD SOCIAL-COMPROMISO DE PAGO PREVISIONAL MENSUAL.,www.saij.gob.ar/LPV0001173
Tierra del Fuego,Ley,677,"Vigente, de alcance general",2005-08-18,2005-11-04,LEY 677,salud: pacientes en diálisis - declaración de emergencia sanitaria.,SALUD-EMERGENCIA SANITARIA-COBERTURA INTEGRAL DE PACIENTES EN DIALISIS-MINISTERIO DE SALUD.,www.saij.gob.ar/LPV0001174
Tierra del Fuego,Ley,678,"Vigente, de alcance general",2005-08-18,2005-11-04,LEY 678,Poder Ejecutivo Provincial: boletín oficial - acceso libre y gratuito vía Internet.,PODER EJECUTIVO PROVINCIAL-BOLETIN OFICIAL-ACCESO LIBRE Y GRATUITO-VIA INTERNET.,www.saij.gob.ar/LPV0001175
Tierra del Fuego,Ley,679,"Individual, Solo Modificatoria o Sin Eficacia",2005-08-18,2005-11-04,LEY 679,Poder Ejecutivo Provincial. administración financiera y sistemas  de control del sector publico provincial: modificación.,SOLO MODIFICATORIA: MODIFICA LEY P. 495 (B.O.P. 10/11/00).ADMINISTRACION FINANCIERA-SECTOR PUBLICO PROVINCIAL-SISTEMAS DE CONTROL-CONTADURIA GENERAL-TRIBUNAL DE CUENTAS-PRESUPUESTO ADMINISTRACION PROVINCIAL-LEY DE PRESUPUESTO...,www.saij.gob.ar/LPV0001172
Tierra del Fuego,Ley,68,"Individual, Solo Modificatoria o Sin Eficacia",1973-05-24,1973-08-13,Ley 68.,n/d,MODIFICATORIA DE LEY SIN EFICACIA-PODER EJECUTIVO TERRITORIAL- ADMINISTRACION PUBLICA-PRESUPUESTO GENERAL-EJERCICIO 1973- MODIFICACION-ENERGIA-INFRAESTRUCTURA ENERGETICA-RIO GRANDE.,www.saij.gob.ar/LPV0000335
Tierra del Fuego,Ley,68,"Individual, Solo Modificatoria o Sin Eficacia",1993-03-11,1993-03-29,Ley 68.,n/d,AMBITO TEMPORAL CUMPLIDO-PRORROGA DE EMERGENCIA LABORAL POR 30 DIAS - PODER EJECUTIVO PROVINCIAL-EMERGENCIA LABORAL-PRORROGA.,www.saij.gob.ar/LPV0000558
Tierra del Fuego,Ley,680,"Vigente, de alcance general",2005-09-01,2005-11-04,LEY 680,Sanidad canina: eutanasia - prohibición de su práctica en el ámbito provincial,DEROGA LEY TERRITORIAL Nº 126 (B.O.T. 09/04/79).SALUD CANINA-EUTANASIA-PROHIBICION DE SU PRACTICA-LEY NACIONAL Nº 14.346-ESTERILIZACION QUIRURGICA-MUNICIPALIDADES.,www.saij.gob.ar/LPV0001176
Tierra del Fuego,Ley,681,"Vigente, de alcance general",2005-09-01,2005-11-04,LEY 681,"Poder Ejecutivo Provincial: servicios de energía y agua potable, procedimiento para la fijación de cuadros tarifarios.",PROCEDIMIENTO DE CUADROS TARIFARIOS-SERVICIO DE ENERGIA-AGUA POTABLE-AUDIENCIA PUBLICA-CONVOCATORIA-FORMA-PRESIDENCIA- PARTICIPANTES-REGISTRO-CONCLUSION-PUBLICIDAD.,www.saij.gob.ar/LPV0001177
Tierra del Fuego,Ley,682,"Individual, Solo Modificatoria o Sin Eficacia",2005-11-16,2005-12-12,LEY 682,Poder Judicial: presupuesto ejercicio 2005. incremento en $ 3.500  .000.,PODER JUDICIAL-PRESUPUESTO EJERCICIO 2005-INCREMENTO EN $ 3.500.000.,www.saij.gob.ar/LPV0001178
Tierra del Fuego,Ley,683,Derogada,2005-12-01,2005-12-12,LEY 683,Fondo residual: suspensión por 180 días de ejecuciones de sentencia que tengan por objeto el remate de bienes dados en garantía o embargados por  el fondo residual.,DERECHO PROCESAL-PROCESOS DE EJECUCION-SUSPENSION DE LA EJECUCION- FONDO RESIDUAL-BANCO TIERRA DEL FUEGO-SUSPENSION DE EJECUCIONES DE SENTENCIA-REMATE DE BIENES-GARANTIA-EMBARGOS A DEUDORES-CARTERA DE DEUDORES-INFORME A LA LEGISLATURA...,www.saij.gob.ar/LPV0001179
Tierra del Fuego,Ley,684,"Vigente, de alcance general",2005-12-28,2006-01-04,LEY 684,"Poder Ejecutivo Provincial: autorización para tomar financiamiento   del banco Tierra del Fuego, por $ 16.000.000 para atender obligaciones que deriven del pago de salarios y aportes previsionales.",PODER EJECUTIVO PROVINCIAL-FINANCIAMIENTO-BANCO TIERRA DEL FUEGO-PAGO SALARIAL-APORTES PREVISIONALES-PODERES DEL ESTADO-ADMINISTRACION CENTRAL-ORGANISMOS DESCENTRALIZADOS.,www.saij.gob.ar/LPV0001180
Tierra del Fuego,Ley,685,"Individual, Solo Modificatoria o Sin Eficacia",2005-12-28,2006-01-04,LEY 685,Obra puerto caleta la misión: modificación leyes nros. 566 y 616.,SOLO MODIFICATORIA: MODIFICA LEYES NROS. 566 Y 616.OBRAS PUBLICAS-OBRA PUERTO CALETA LA MISION-FONDO PARA SU FINANCIAMIENTO-CREACION.,www.saij.gob.ar/LPV0001181
Tierra del Fuego,Ley,686,"Vigente, de alcance general",2005-12-28,2006-01-04,LEY 686,presupuesto general de gastos-ejercicio 2005: modificación ley n.  661.,"MODIFICA LEY Nº 661, SOBRE PRESUPUESTO PROVINCIAL-PODER EJECUTIVO-PODER  LEGISLATIVO-PODER JUDICIAL-ECONOMIA Y FINANZAS-ADMINISTRACION PUBLICA PROVINCIAL-EJERCICIO 2005-GASTOS-CALCULO DE RECURSOS.",www.saij.gob.ar/LPV0001182
Tierra del Fuego,Ley,687,"Individual, Solo Modificatoria o Sin Eficacia",2005-12-28,2006-01-04,LEY 687,Régimen único de pensiones especiales (R.U.P.E.): modificación.,SOLO MODIFICATORIA: MODIFICA LEY 389 (B.O.P. 06/12/1998).PREVISION SOCIAL-PENSIONES ESPECIALES-REGIMEN UNICO-RUPE-AUTORIDAD DE APLICACION-MINISTERIO DE SALUD Y ACCION SOCIAL-ASISTENCIA MEDICA-REGIMEN FINANCIERO-FALLECIMIENTO DEL TITULAR.,www.saij.gob.ar/LPV0001183
Tierra del Fuego,Ley,688,"Vigente, de alcance general",2005-12-28,2006-01-04,LEY 688,"obra puerto caleta la misión: autorización al Poder Ejecutivo Provincial para disponer de $ 12.050.000, para ejecución de determinadas obras.",PODER EJECUTIVO PROVINCIAL-OBRA PUBLICA-OBRA PUERTO CALETA LA MISION-AUTORIZACION DE DISPONER DE $12.050.000-EJECUCION DE OBRAS,www.saij.gob.ar/LPV0001184
Tierra del Fuego,Ley,689,"Individual, Solo Modificatoria o Sin Eficacia",2005-12-28,2006-01-04,LEY 689,Presupuesto general de gastos - ejercicio 2005 - modificación presupuestaria del instituto provincial de la vivienda: modificación ley nø 661,MODIFICA LEY 661 PRESUPUESTO GENERAL DE GASTOS Y CALCULO DE RECURSOS-EJERCICIO 2005-PRESUPUESTO DEL INSTITUTO PROVINCIAL DE VIVIENDA-MODIFICACION PRESUPUESTARIA.,www.saij.gob.ar/LPV0001185
Tierra del Fuego,Ley,69,"Vigente, de alcance general",1993-04-07,1993-04-19,Ley 69,Creación de la Dirección Provincial de Puertos,DIRECCION PROVINCIAL DE PUERTOS-CREACION DE ORGANISMOS-MISION Y FUNCIONES-ESTRUCTURA ORGANICA-RECURSOS FINANCIEROS-PODER DE POLICIA PUERTOS,www.saij.gob.ar/LPV0000566
Tierra del Fuego,Ley,69,"Individual, Solo Modificatoria o Sin Eficacia",1973-05-24,1973-08-13,Ley 69.,n/d,MODIFICATORIA DE LEY SIN EFICACIA-PODER EJECUTIVO TERRITORIAL- ADMINISTRACION PUBLICA-PRESUPUESTO GENERAL-EJERCICIO 1973- MODIFICACION-COMEDORES ESCOLARES-NUTRICION ESCOLAR-CONVENIO.,www.saij.gob.ar/LPV0000334
Tierra del Fuego,Ley,690,"Individual, Solo Modificatoria o Sin Eficacia",2006-03-16,2006-04-10,LEY 690,Legislatura - afectación de inmuebles al uso y funcionamiento de l  a legislatura provincial: modificación.,SOLO MODIFICATORIA: MODIFICA LEY P. 660 (B.O.P. 21-01-05).LEGISLATURA PROVINCIAL-REGISTRO PATRIMONIAL-AFECTACION-USO Y FUNCIONAMIENTO-INMUEBLES.,www.saij.gob.ar/LPV0001186
Tierra del Fuego,Ley,691,"Vigente, de alcance general",2006-03-16,2006-04-10,LEY 691,"Salud pública - parto humanizado: adhesión a la ley Nacional n. 25  929, sobre obligaciones de las obras sociales y medicina prepaga.",SALUD PUBLICA-ADHESION DE LA PROVINCIA-LEY NACIONAL Nº 25.929-PARTO HUMANIZADO-AUTORIDAD DE APLICACION-CAMPAÑAS DE DIFUSION-OBRAS SOCIALES-MEDICINA PREPAGA.,www.saij.gob.ar/LPV0001187
Tierra del Fuego,Ley,692,"Vigente, de alcance general",2006-04-06,2006-05-05,LEY 692,Fondo Residual: régimen transitorio de regulación de deudas. derogación de la ley n. 683.,FONDO RESIDUAL-BANCO TIERRA DEL FUEGO-REGIMEN TRANSITORIO DE REGULACION DE DEUDAS-DEROGACION LEY Nº 683.,www.saij.gob.ar/LPV0001188
Tierra del Fuego,Ley,693,"Vigente, de alcance general",2006-04-06,2006-05-19,LEY 693,"Empleo - trabajo no registrado - prohibición de disponer publicaciones en diarios, revistas y órganos de difusión que cuenten con personal no registrado.","EMPLEO-TRABAJO NO REGISTRADO-PROHIBICION DE PUBLICACIONES EN REVISTAS, DIARIOS, MEDIOS DE DIFUSION-DEPENDENCIAS DE LA ADMINISTRACION PUBLICA-PODER LEGISLATIVO-PODER JUDICIAL-ORGANISMOS AUTARQUICOS-DESCENTRALIZADOS-SOCIEDADES DEL ESTADO-PERSONAL NO...",www.saij.gob.ar/LPV0001189
Tierra del Fuego,Ley,694,"Vigente, de alcance general",2006-04-27,2006-05-19,LEY 694,Régimen de responsabilidad fiscal: adhesión a la ley n. 25.917.,ADHESION PROVINCIAL-LEY NACIONAL-REGIMEN FEDERAL DE RESPONSABILIDAD FISCAL-GASTO PUBLICO-EQUILIBRIO ECONOMICO FINANCIERO,www.saij.gob.ar/LPV0001190
Tierra del Fuego,Ley,695,"Vigente, de alcance general",2006-04-27,2006-05-22,LEY 695,Poder Ejecutivo Provincial. fondo social de reactivación productiva: creación.,REGIMEN SOCIAL DE REACTIVACION PRODUCTIVA-PODER EJECUTIVO PROVINCIAL-PYMES-PEQUEÑAS Y MEDIANAS EMPRESAS-MICROEMPRENDIMIENTOS FAMILIARES-CREDITOS.,www.saij.gob.ar/LPV0001191
Tierra del Fuego,Ley,696,"Vigente, de alcance general",2006-04-27,2006-05-22,LEY 696,Castor: declaración de especie dañina y perjudicial en el ámbito de la provincia.,PODER EJECUTIVO PROVINCIAL-CASTOR-CANADENSIS-ESPECIE DAÑINA Y PERJUDICIAL-AMBITO DE LA PROVINCIA-DECLARACION.,www.saij.gob.ar/LPV0001192
Tierra del Fuego,Ley,697,"Vigente, de alcance general",2006-04-27,2006-05-22,LEY 697,Día de la provincialización: conmemoración del 26 de abril.,CONMEMORACIONES-HOMENAJES-PROVINCIALIZACION DE TERRITORIOS NACIONALES- DIA DE LA PROVINCIALIZACION-26 DE ABRIL.,www.saij.gob.ar/LPV0001193
Tierra del Fuego,Ley,698,"Vigente, de alcance general",2006-05-11,2006-06-02,LEY 698,Registro único de postulantes para adopción: creación. adhesión a  la ley Nacional n. 25.854.,ADHESION PROVINCIAL-LEY NACIONAL-REGISTRO UNICO DE POSTULANTES PARA ADOPCION:CREACION-PODER EJECUTIVO PROVINCIAL-PROTECCION A LA MINORIDAD-DIRECCION DE MINORIDAD Y FAMILIA-MISION Y FUNCIONES,www.saij.gob.ar/LPV0001194
Tierra del Fuego,Ley,699,"Individual, Solo Modificatoria o Sin Eficacia",2006-06-08,2006-07-07,LEY 699,Tribunal de cuentas: modificación.,SOLO MODIFICATORIA-MODIFICA LEY P. 50 (B.O.P. 23/12/92).ADMINISTRACION PUBLICA-FONDOS PUBLICOS-TRIBUNAL DE CUENTAS-FUNCIONES-ATRIBUCIONES-MIEMBROS DEL TRIBUNAL-PRESIDENCIA-ESTRUCTURA-ACUERDOS PLENARIOS-CONTROL-RENDICION DE CUENTAS-FUNCIONARIO...,www.saij.gob.ar/LPV0001195
Tierra del Fuego,Ley,7,Derogada,1971-11-11,1971-11-22,Ley 7,n/d,DEROGADA POR LEY 91 (B.O. 13-06-77)-SOBRE AUDITORIA GENERAL DEL TERRITORIO.- ADMINISTRACION PUBLICA-CREACION DE ORGANISMOS-AUDITORIA-AUDITORIA GENERAL-COMPOSICION-INTEGRACION-INHIBICIONES-EXCUSACION-RECUSACION- PERSONAL-INCOMPATIBILIDADES-PERSONAL...,www.saij.gob.ar/LPV0000235
Tierra del Fuego,Ley,7,"Vigente, de alcance general",1992-04-23,1992-05-08,Ley 7,Declaración del día de la provincia de Tierra del Fuego.,FERIADOS-DIA DE LA PROVINCIA,www.saij.gob.ar/LPV0000157
Tierra del Fuego,Ley,70,Derogada,1993-04-22,1993-05-17,Ley 70,Becas de estudio.,EDUCACION-BECAS-CONCURSO PUBLICO-ASISTENCIA FINANCIERA-CONSEJO PROVINCIAL DE BECAS-CREACION DE ORGANISMOS-AUTORIDAD DE APLICACION- OBLIGACIONES DEL BECARIO-CADUCIDAD,www.saij.gob.ar/LPV0000567
Tierra del Fuego,Ley,70,"Individual, Solo Modificatoria o Sin Eficacia",1973-05-24,1973-08-20,Ley 70.,n/d,MODIFICATORIA DE LEY SIN EFICACIA-PODER EJECUTIVO TERRITORIAL- ADMINISTRACION PUBLICA-PRESUPUESTO GENERAL-EJERCICIO 1973- MODIFICACION-ESCUELA-TOLHUIN-SUBSIDIO- CONSTRUCCION,www.saij.gob.ar/LPV0000333
Tierra del Fuego,Ley,700,"Individual, Solo Modificatoria o Sin Eficacia",2006-06-08,2006-07-14,LEY 700,Fondo residual de administración del Poder Ejecutivo Provincial creado por ley 478: modificación.,SOLO MODIFICATORIA-MODIFICA LEY 486 (B.O.P. 01/09/00).PODER EJECUTIVO PROVINCIAL-ACUERDOS DE REFINANCIACION-ECONOMIA Y FINANZAS- FONDO RESIDUAL DE ADMINISTRACION CREADO POR LEY P. 478-BANCO PROVINCIA TIERRA DEL FUEGO -OBJETO-FUNCIONES-...,www.saij.gob.ar/LPV0001196
Tierra del Fuego,Ley,701,"Vigente, de alcance general",2006-04-27,2006-07-14,LEY 701,Empresas prestadoras de servicios públicos: obligatoriedad de contar con oficinas habilitadas en cada localidad para atender reclamos de su  s clientes o usuarios.,EMPRESAS PRESTADORAS DE SERVICIOS PUBLICOS-HABILITAR LOCALES-ATENCION AL PUBLICO-RECLAMOS DE CLIENTES O USUARIOS-SANCIONES-REGIMEN IMPOSITIVO.,www.saij.gob.ar/LPV0001197
Tierra del Fuego,Ley,702,"Vigente, de alcance general",2006-06-29,2006-07-14,LEY 702,Presupuesto General de Erogaciones y Cálculo de recursos de la administración publica - ejercicio 2006.,PODER EJECUTIVO PROVINCIAL-ADMINISTRACION PUBLICA PROVINCIAL-PRESUPUESTO GENERAL-ECONOMIA Y FINANZAS-EJERCICIO 2006-GASTOS-CALCULO DE RECURSOS-RECURSOS FINANCIEROS-ORGANISMOS DE SEGURIDAD SOCIAL-PODER LEGISLATIVO-PODER JUDICIAL,www.saij.gob.ar/LPV0001198
Tierra del Fuego,Ley,703,Derogada,2006-06-29,2006-07-14,LEY 703,ley de ministerios.,PODER EJECUTIVO PROVINCIAL-MINISTERIOS-SECRETARIOS-ATRIBUCIONES- COMPETENCIAS-MINISTERIO DE COORDINACION DE GABINETE Y GOBIERNO-MINISTERIO DE ECONOMIA-MINISTERIO DE OBRAS Y SERVICIOS PUBLICOS-MINISTERIO DE EDUCACION-MINISTERIO DE SALUD-SECRETARIA...,www.saij.gob.ar/LPV0001199
Tierra del Fuego,Ley,704,"Vigente, de alcance general",2006-06-29,2006-07-26,LEY 704,"Poder Ejecutivo Provincial: aprobación convenio registrado bajo n.   10.903, celebrado el 29/12/05, entre el estado Nacional, el fondo fiduciario para el desarrollo provincial, el banco de la nación argentina y la provincia, sobre conversión de deuda en bonos garantizados.",PODER EJECUTIVO PROVINCIAL-FONDO FIDUCIARIO PARA EL DESARROLLO PROVINCIAL-BANCO DE LA NACION ARGENTINA-PROVINCIA DE TIERRA DEL FUEGO-CONVENIO CELEBRADO-CONVERSION DE DEUDA-BONOS GARANTIZADOS.,www.saij.gob.ar/LPV0001203
Tierra del Fuego,Ley,705,"Individual, Solo Modificatoria o Sin Eficacia",2006-06-29,2006-07-26,LEY 705,régimen único de pensiones especiales (R.U.P.E.): modificación.,SOLO MODIFICATORIA-MODIFICA LEY P. 389 (BOP 06/01/98).SEGURIDAD SOCIAL-PENSIONES ESPECIALES-REGIMEN UNICO-RUPE-AUTORIDAD DE APLICACION-MINISTERIO DE SALUD Y ACCION SOCIAL-FALLECIMIENTO DEL TITULAR-BENEFICIARIOS.,www.saij.gob.ar/LPV0001201
Tierra del Fuego,Ley,706,"Individual, Solo Modificatoria o Sin Eficacia",2006-06-29,2006-07-06,LEY 706,pensión graciable a la señora alba Silvia Garea.,INDIVIDUAL-SEGURIDAD SOCIAL-PENSIONES GRACIABLES-ALBA SILVIA GAREA,www.saij.gob.ar/LPV0001200
Tierra del Fuego,Ley,707,"Individual, Solo Modificatoria o Sin Eficacia",2006-06-29,2006-07-26,LEY 707,"régimen de jubilaciones, pensiones y retiros: adhesión al régimen  de reciprocidad jubilatorio, estatuido por decreto ley n. 9.316/46: modificación.",SOLO MODIFICATORIA-MODIFICA LEY T. 313 (B.O.T. 20/05/88).SEGURIDAD SOCIAL-RECIPROCIDAD JUBILATORIA-IPAUSS-INSTITUTO PROVINCIAL AUTARQUICO UNIFICADO DE SEGURIDAD SOCIAL.,www.saij.gob.ar/LPV0001202
Tierra del Fuego,Ley,708,"Vigente, de alcance general",2006-07-12,2006-07-26,LEY 708,Trabajo: emergencia laboral y productiva del sector maderero y minero en el ámbito provincial por 90 días.,PODER EJECUTIVO PROVINCIAL-DERECHO LABORAL-EMERGENCIA LABORAL Y PRODUCTIVA-SECTOR MADERERO Y MINERO-POR 90 DIAS.,www.saij.gob.ar/LPV0001204
Tierra del Fuego,Ley,709,"Vigente, de alcance general",2006-07-12,2006-08-07,LEY 709,Día de los tripulantes del crucero a.r.a. general Belgrano: conmemoración el 2 de mayo de cada año en el ámbito de la provincia.,HOMENAJES-CONMEMORACIONES-EFEMERIDES-GUERRA DE MALVINAS-DIA DE LOS TRIPULANTES DEL CRUCERO A.R.A. GENERAL BELGRANO,www.saij.gob.ar/LPV0001205
Tierra del Fuego,Ley,71,"Vigente, de alcance general",1993-04-02,1993-06-25,Ley 71,"Prohibición de fabricar, importar, exhibir o comercializar elementos u objetos que pongan en riesgo la salud psíquica o física de las personas.",SALUD PUBLICA,www.saij.gob.ar/LPV0000568
Tierra del Fuego,Ley,71,"Individual, Solo Modificatoria o Sin Eficacia",1973-05-24,1973-08-20,Ley 71.,n/d,MODIFICATORIA DE LEY SIN EFICACIA-PODER EJECUTIVO TERRITORIAL- ADMINISTRACION PUBLICA-PRESUPUESTO GENERAL-EJERCICIO 1973- MODIFICACION-INVERSIONES-TRANSFERENCIA-OBRA-PREFECTURA NAVAL.,www.saij.gob.ar/LPV0000332
Tierra del Fuego,Ley,710,"Vigente, de alcance general",2006-06-29,2006-08-30,LEY 710,ejercicio profesional de la musicoterapia,EJERCICIO PROFESIONAL DE LA MUSICOTERAPIA-DEL REGISTRO-MATRICULACION-DERECHOS-OBLIGACIONES-SANCIONES-PROCEDIMIENTOS-PROHIBICIO NES-AMBITO- AUTORIDAD DE APLICACION.,www.saij.gob.ar/LPV0001206
Tierra del Fuego,Ley,711,"Vigente, de alcance general",2006-09-14,2006-11-03,LEY 711,Ex-combatientes - veteranos de guerra de Malvinas - régimen de jubilación ordinaria a cargo del instituto provincial autárquico unificado de   seguridad social (IPAUSS): creación.,VETERANOS DE GUERRA-GUERRA DE MALVINAS-REGIMEN DE JUBILACION ORDINARIA-BENEFICIOS-IPAUSS-INSTITUTO PROVINCIAL AUTARQUICO UNIFICADO DE SEGURIDAD SOCIAL.,www.saij.gob.ar/LPV0001208
Tierra del Fuego,Ley,712,"Individual, Solo Modificatoria o Sin Eficacia",2006-09-14,2006-11-03,LEY 712,régimen único de pensiones especiales (R.U.P.E.): monto modificación.,SOLO MODIFICATORIA: MODIFICA LEY P. 389 (B.O.P. 06/01/98).PREVISION SOCIAL-PENSIONES ESPECIALES-REGIMEN UNICO-RUPE-AUTORIDAD DE APLICACION-MINISTERIO DE SALUD Y ACCION SOCIAL-ASISTENCIA MEDICA-REGIMEN FINANCIERO-FALLECIMIENTO DEL TITULAR.,www.saij.gob.ar/LPV0001207
Tierra del Fuego,Ley,713,"Vigente, de alcance general",2006-09-14,2006-11-03,LEY 713,"Régimen de reciprocidad jubilatoria: no adhesión de la provincia a   la resolución del ministerio de trabajo, empleo y seguridad social de   la nación n. 1085/05, ratificatoria del convenio registrado bajo n. 49/05.","REGIMEN DE RECIPROCIDAD JUBILATORIA-NO ADHESION DE LA PROVINCIA A LA RESOLUCION DEL MINISTERIO DE TRABAJO, EMPLEO Y SEGURIDAD SOCIAL DE LA NACION Nº 1085/05.",www.saij.gob.ar/LPV0001209
Tierra del Fuego,Ley,714,"Vigente, de alcance general",2006-07-12,2006-11-13,LEY 714,Sistema provincial de administración documental y archivos: creación.,SISTEMA PROVINCIAL DE ADMINISTRACION DOCUMENTAL Y ARCHIVOS-ARCHIVO PUBLICO-ARCHIVO PRIVADO DE INTERES PUBLICO-FUNCION ARCHIVISTICA-GESTION DOCUMENTAL-PATRIMONIO-SOPORTE.,www.saij.gob.ar/LPV0001212
Tierra del Fuego,Ley,715,"Vigente, de alcance general",2006-11-09,2006-12-01,LEY 715,Poder Ejecutivo Provincial: adhesión a la ley  Nacional n. 26.117.   (régimen de promoción y regulación del microcrédito).,PODER EJECUTIVO PROVINCIAL-ADHESION LEY NACIONAL-LEY Nº 26.117-REGIMEN DE PROMOCION Y REGULACION DEL MICROCREDITO.,www.saij.gob.ar/LPV0001213
Tierra del Fuego,Ley,716,"Individual, Solo Modificatoria o Sin Eficacia",2006-11-09,2006-12-06,LEY 716,régimen único de pensiones especiales (R.U.P.E.): modificación ley   provincial n. 389.,SOLO MODIFICATORIA: MODIFICA LEY P. 389 (B.O.P. 06/01/98).PREVISION SOCIAL-PENSIONES ESPECIALES-REGIMEN UNICO-RUPE-AUTORIDAD DE APLICACION-MINISTERIO DE SALUD Y ACCION SOCIAL-ASISTENCIA MEDICA-REGIMEN FINANCIERO-FALLECIMIENTO TITULAR.,www.saij.gob.ar/LPV0001210
Tierra del Fuego,Ley,717,"Vigente, de alcance general",2006-11-09,2006-12-06,LEY 717,Salud: psoriasis reconocimiento en el ámbito de la provincia como  enfermedad crónica y a su tratamiento como prestación básica esencial garantizada.,SALUD-PSORIASIS-AMBITO PROVINCIAL-ENFERMEDAD CRONICA-TRATAMIENTO-PRESTACION BASICA-MINISTERIO DE SALUD.,www.saij.gob.ar/LPV0001214
Tierra del Fuego,Ley,718,"Vigente, de alcance general",2006-11-09,2006-12-06,LEY 718,Poder Ejecutivo Provincial: adhesión a la ley Nacional n. 25.936.  (9 de noviembre 'día Nacional del donante voluntario de sangre').,ADHESION A LA LEY NACIONAL- LEY Nº 25936-DIA NACIONAL DEL DONANTE DE SANGRE.,www.saij.gob.ar/LPV0001215
Tierra del Fuego,Ley,719,"Vigente, de alcance general",2006-11-09,2006-12-06,LEY 719,salud - hidatidosis: obligatoriedad de empleo de medidas de profilaxis en el ámbito provincial.,SALUD-HIDATIDOSIS-MINISTERIO DE SALUD-AMBITO DE LA PROVINCIA-MEDIDAS DE PROFILAXIS-LUCHA CONTRA LA ENFERMEDAD-REGISTRO-PATENTAMIENTO DE CANES-SANIDAD CANINA.,www.saij.gob.ar/LPV0001216
Tierra del Fuego,Ley,72,"Vigente, de alcance general",1973-05-24,1973-09-17,Ley 72,"Ampliación de ejidos urbanos de Ushuaia, Rio Grande y Tolhuin",POBLAMIENTO-USHUAIA-RIO GRANDE-TOLHUIN-EJIDO URBANO-MENSURAS-ASENTAMIENTOS URBANOS,www.saij.gob.ar/LPV0000174
Tierra del Fuego,Ley,72,"Individual, Solo Modificatoria o Sin Eficacia",1993-05-06,1993-05-21,Ley 72.,n/d,AMBITO TEMPORAL CUMPLIDO-ESTBLECE REGIMEN ELECTORAL POR UNICA VEZ EN ELECCION DE CONSEJEROS COMUNALES EN TOLHUIN.,www.saij.gob.ar/LPV0000573
Tierra del Fuego,Ley,720,"Vigente, de alcance general",2006-11-09,2006-12-06,LEY 720,"Poder Ejecutivo Provincial: 25 aniversario de la gesta de Malvinas  , creación de medallas y pins para su conmemoración.",PODER EJECUTIVO PROVINCIAL-GESTA DE MALVINAS-INSTITUCION DE MEDALLAS Y PINS-CONMEMORACION-25 ANIVERSARIO.,www.saij.gob.ar/LPV0001211
Tierra del Fuego,Ley,721,"Individual, Solo Modificatoria o Sin Eficacia",2006-12-07,2006-12-20,LEY 721,Régimen de Jubilaciones y Pensiones para el personal de los tres poderes del estado provincial: modificación.,SOLO MODIFICATORIA-MODIFICA LEY P. 561 (B.O.P. 27/11/02).SEGURIDAD SOCIAL-JUBILACIONES-PENSIONES-PENSION FUEGUINA DE ARRAIGO-ADMINISTRACION PUBLICA-REPARTICIONES-ORGANISMOS CENTRALIZADOS-DESCENTRALIZADOS- AUTARQUICOS- EMPRESAS DEL ESTADO-SERVICIOS...,www.saij.gob.ar/LPV0001217
Tierra del Fuego,Ley,722,"Vigente, de alcance general",2006-11-09,2007-01-03,LEY 722,"Cunicultura: consumo de carne de conejo. promoción, explotación, f  omento y desarrollo de la actividad.",CUNICULTURA-CARNE DE CONEJO-PROMOCION-EXPLOTACION-FOMENTO Y DESARROLLO DE LA ACTIVIDAD.,www.saij.gob.ar/LPV0001225
Tierra del Fuego,Ley,723,"Vigente, de alcance general",2006-12-22,2007-01-05,LEY 723,Presupuesto general de erogaciones y cálculo de recursos de la administración publica - ejercicio 2007.,PODER EJECUTIVO PROVINCIAL-ADMINISTRACION PUBLICA PROVINCIAL-PRESUPUESTO GENERAL-ECONOMIA Y FINANZAS-EJERCICIO 2007-GASTOS-CALCULO DE RECURSOS-RECURSOS FINANCIEROS-ORGANISMOS DE SEGURIDAD SOCIAL-PODER LEGISLATIVO-PODER JUDICIAL.,www.saij.gob.ar/LPV0001226
Tierra del Fuego,Ley,724,"Vigente, de alcance general",2006-12-22,2007-01-05,LEY 724,"Poder Ejecutivo Provincial: régimen provincial de inclusión laboral. creación de los programas (REPIL), (PREL) y (PRELIB).",PODER EJECUTIVO PROVINCIAL-POLITICAS SOCIALES-REGISTRO PROVINCIAL DE INCLUSION LABORAL:CREACION-REPIL-PROGRAMA DE REINSERCION LABORAL-PREL-PROGRAMA ESPECIAL DE LIBERADOS-PRELIB-AUTORIDAD DE APLICACION.,www.saij.gob.ar/LPV0001227
Tierra del Fuego,Ley,725,Derogada,2006-12-22,2007-01-05,LEY 725,Expropiación de plantas industriales - cesión de bienes expropiados a cooperativa de trabajo limitada renacer ex - aurora de Ushuaia - a  autorización al Poder Ejecutivo Provincial para invertir $ 9.210.000: modificación ley n. 580.,LEY DEROGADA POR ART. 8º DE LA LEY P. 816 (B.O.P. 06-09-10).SOLO MODIFICATORIA: MODIFICA LEY P. 580 (B.O.P. 12-09-03).EXPROPIACION-DECLARACION DE UTILIDAD PUBLICA-INMUEBLES-PLANTAS INDUSTRIALES-CESION DE BIENES-COOPERATIVA DE TRABAJO LIMITADA...,www.saij.gob.ar/LPV0001218
Tierra del Fuego,Ley,726,"Individual, Solo Modificatoria o Sin Eficacia",2006-12-22,2007-01-05,LEY 726,Ley de tránsito y seguridad vial. Adhesión a Ley Nacional n. 24.449: modificación.,SOLO MODIFICATORIA: MODIFICA LEY P. 376 (B.O.P. 17-09-97).TRANSITO-SEGURIDAD VIAL-AUTORIDAD COMPETENTE-INTERPRETACION-PUBLICIDAD EN LA VIA PUBLICA-CONDICIONES DE SEGURIDAD-PEATONES-DISCAPACITADOS-ADHESION PROVINCIAL-LEY NACIONAL.,www.saij.gob.ar/LPV0001219
Tierra del Fuego,Ley,727,"Vigente, de alcance general",2006-12-22,2007-01-05,LEY 727,"Programa de acción cooperativa: adhesión a la ley Nacional n. 23.427, sobre fondo para educación y promoción cooperativa.",PODER EJECUTIVO PROVINCIAL-ADHESION PROVINCIAL-LEY NACIONAL-PROGRAMA DE ACCION COOPERATIVA-EDUCACION COOPERATIVA-RECURSOS FINANCIEROS-ASISTENCIA FINANCIERA-BASE IMPONIBLE- EXENCIONES.,www.saij.gob.ar/LPV0001228
Tierra del Fuego,Ley,728,Derogada,2006-12-22,2007-01-05,LEY 728,"Administración pública provincial: licencia por maternidad, nacimiento, lactancia y adopción a agentes del estado provincial: modificación",SOLO MODIFICATORIA: MODIFICA LEY P. 284 (B.O.P. 01/12/86). ADMINISTRACION PUBLICA PROVINCIAL-LICENCIA POR MATERNIDAD-NACIMIENTO-ADOPCION-AGENTES DEL ESTADO PROVINCIAL.,www.saij.gob.ar/LPV0001220
Tierra del Fuego,Ley,729,"Individual, Solo Modificatoria o Sin Eficacia",2006-12-22,2007-01-05,LEY 729,Presupuesto general de erogaciones y cálculo de recursos de la administración publica - ejercicio 2006: modificación.,SOLO MODIFICATORIA: MODIFICA LEY P. 702 (B.O.P. 14-07-2006).PODER EJECUTIVO PROVINCIAL-ADMINISTRACION PUBLICA PROVINCIAL-PRESUPUESTO GENERAL-ECONOMIA Y FINANZAS-EJERCICIO 2006-GASTOS-CALCULO DE RECURSOS-RECURSOS FINANCIEROS-ORGANISMOS DE SEGURIDAD...,www.saij.gob.ar/LPV0001221
Tierra del Fuego,Ley,73,"Vigente, de alcance general",1993-05-27,1993-06-09,Ley 73,Medalla de honor provincia de Tierra del Fuego,PODER LEGISLATIVO PROVINCIAL-MEDALLA Y CONDECORACIONES-CONMEMORACIONES,www.saij.gob.ar/LPV0000574
Tierra del Fuego,Ley,73,"Individual, Solo Modificatoria o Sin Eficacia",1973-05-24,1973-09-17,LEY N. 73,Régimen   del  Impuesto  Nacional  al  patrimonio  neto.  Adhesión,IMPUESTO AL PATRIMONIO NETO-GRAVAMEN-TRANSMISION GRATUITA DE BIENES - ADHIERE LEY 20046,www.saij.gob.ar/LPV0000173
Tierra del Fuego,Ley,730,Derogada,2006-12-22,2007-01-05,LEY 730,Recursos naturales sociedad anónima (RE.NA.S.A.): creación.,RECURSOS NATURALES SOCIEDAD ANONIMA-RE.NA.S.A.- YACIMIENTOS HIDROCARBUROS-MINERALES-INVESTIGACION- EXPLOTACION-EXPLORACION-DISTRIBUCION DE GAS-REFINACION-PROCESAMIENTO-VENTA- PARTICIPACION ESTATAL.,www.saij.gob.ar/LPV0001229
Tierra del Fuego,Ley,731,"Individual, Solo Modificatoria o Sin Eficacia",2006-12-22,2007-01-05,LEY 731,Régimen de jubilaciones y pensiones para el personal de los tres poderes del estado provincial: modificación.,SOLO MODIFICATORIA-MODIFICA LEY P. 561 (B.O.P. 27/11/02).SEGURIDAD SOCIAL-JUBILACIONES-PENSIONES-PENSION FUEGUINA DE ARRAIGO- ADMINISTRACION PUBLICA-REPARTICIONES-ORGANISMOS CENTRALIZADOS-DESCENTRALIZADOS- AUTARQUICOS- EMPRESAS DEL ESTADO-SERVICIOS...,www.saij.gob.ar/LPV0001222
Tierra del Fuego,Ley,732,"Vigente, de alcance general",2006-12-22,2007-01-08,LEY 732,"Remuneraciones del gobernador, vicegobernador y dietas de legisladores.",PODER EJECUTIVO PROVINCIAL-REMUNERACION-GOBERNADOR-VICE-GOBERNADOR-DIETAS DE LEGISLADORES.,www.saij.gob.ar/LPV0001230
Tierra del Fuego,Ley,733,"Individual, Solo Modificatoria o Sin Eficacia",2006-12-22,2007-01-08,LEY 733,Ley impositiva - ejercicio 1999: modificación.,SOLO MODIFICATORIA-MODIFICA LEY P. 440 (B.O.P. 01/02/1999).IMPUESTOS PROVINCIALES-TASA RETRIBUTIVA DE SERVICIOS-CONTRIBUCIONES-LEY IMPOSITIVA-IMPUESTO SOBRE LOS INGRESOS BRUTOS-IMPUESTO INMOBILIARIO RURAL-IMPUESTO DE SELLOS.,www.saij.gob.ar/LPV0001223
Tierra del Fuego,Ley,734,"Individual, Solo Modificatoria o Sin Eficacia",2006-12-07,2007-01-08,LEY 734,Ley orgánica del Poder Judicial: modificación.,SOLO MODIFICATORIA: MODIFICA LEY P. 110 (B.O.P. 24/11/1993).PODER JUDICIAL-INTEGRACION-DISTRITOS-REGIMEN INTERNO-POTESTAD DISCIPLINARIA-FERIA JUDICIAL-ORGANOS JUDICIALES-SUPERIOR TRIBUNAL DE JUSTICIA-TRIBUNAL DE JUICIO EN LO CRIMINAL-JUZGADO...,www.saij.gob.ar/LPV0001224
Tierra del Fuego,Ley,735,"Vigente, de alcance general",2006-12-07,2007-01-08,LEY 735,Ley para el personal de la policía provincial.,POLICIA PROVINCIAL-ESTADO PROVINCIAL-DEBERES- OBLIGACIONES-DERECHOS-JERARQUIA-SUPERIORIDAD- PERSONAL SUPERIOR-PERSONAL SUBALTERNO-BAJA- REINCORPORACION-PERSONAL POLICIAL-PERSONAL CIVIL-INGRESOS-PROMOCIONES-ASCENSOS-HABERES- RETIRO-COMPUTO DE...,www.saij.gob.ar/LPV0001231
Tierra del Fuego,Ley,736,"Vigente, de alcance general",2007-03-29,2007-04-13,LEY 736,Bomberos voluntarios - Fondo provincial de ayuda: creación,PODER EJECUTIVO PROVINCIAL-BOMBEROS VOLUNTARIOS-IMPUESTOS-INGRESOS BRUTOS-FONDO PERMANENTE DE AYUDA-CREACION-CUERPOS ACTIVOS-AUTORIDAD DE APLICACION-MINISTERIO DE COORDINACION DE GABINETE Y GOBIERNO-SUBSECRETARIA DE PROTECCION CIVIL Y EMERGENCIAS.,www.saij.gob.ar/LPV0001232
Tierra del Fuego,Ley,737,"Vigente, de alcance general",2007-03-29,2007-04-13,LEY 737,Poder Ejecutivo Provincial: programas sociales y de recupero intangibilidad e inembargabilidad de los fondos.,PODER EJECUTIVO PROVINCIAL-PROGRAMAS SOCIALES-REACTIVACION PRODUCTIVA-FONDOS DE RECUPERO-INTANGIBILIDAD-INEMBARGABILIDAD- SECRETARIA DE PRODUCCION-AUTORIDAD DE APLICACION.,www.saij.gob.ar/LPV0001233
Tierra del Fuego,Ley,738,"Vigente, de alcance general",2007-05-10,2007-06-08,LEY 738,"Poder Ejecutivo Provincial: aprobación convenio registrado bajo n.   11.383, celebrado el 26/11/99, entre la provincia y la organización federal de estados productores de hidrocarburos.",PODER EJECUTIVO PROVINVIAL-CONVENIO-TRATADO-Nº 11.383-PROVINCIA DE TIERRA DEL FUEGO-ORGANIZACION FEDERAL DE ESTADOS PRODUCTORES DE HIDROCARBUROS.,www.saij.gob.ar/LPV0001236
Tierra del Fuego,Ley,739,"Vigente, de alcance general",2007-05-10,2007-06-08,LEY 739,"Pensión fueguina de arraigo: establece monto de la misma, equivalente al sueldo bruto de la categoría 10 de un agente de la administración publica   provincial.",REGIMEN JUBILATORIO-PENSION FUEGUINA DE ARRAIGO-ADMINISTRACION PUBLICA PROVINCIAL-PREVISION SOCIAL-PENSION SOCIAL-PENSION DE ARRAIGO.,www.saij.gob.ar/LPV0001237
Tierra del Fuego,Ley,74,"Vigente, de alcance general",1976-06-22,1976-07-05,Ley 74,Impuesto a las actividades con fines de lucro,IMPUESTO A LAS ACTIVIDADES LUCRATIVAS-CONTRIBUYENTES-BASE IMPONIBLE -DIRECCION GENERAL DE RENTAS:FACULTADES-PAGO-EXENCIONES IMPOSITIVAS -TRABAJADORES EN RELACION DE DEPENDENCIA,www.saij.gob.ar/LPV0000172
Tierra del Fuego,Ley,74,"Vigente, de alcance general",1993-05-27,1993-06-09,Ley 74,Exenciones impositivas en fomento de la comuna de Tolhuin.,EXENCIONES IMPOSITIVAS-TOLHUIN-IMPUESTO SOBRE LOS INGRESOS BRUTOS,www.saij.gob.ar/LPV0000575
Tierra del Fuego,Ley,740,"Individual, Solo Modificatoria o Sin Eficacia",2007-05-10,2007-06-08,LEY 740,Ex-combatientes veteranos de guerra de Malvinas. Régimen de jubilación ordinaria a cargo del instituto provincial autárquico unificado de seguridad   social (IPAUSS): modificación.,SOLO MODIFICATORIA: MODIFICA LEY PROVINCIAL Nº 711 (B.O.P. 03/11/06).REGIMEN DE JUBILACION ORDINARIA-VETERANOS DE GUERRA-GUERRA DE MALVINAS-BENEFICIOS-IPAUSS-INSTITUTO PROVINCIAL AUTARQUICO UNIFICADO DE SEGURIDAD SOCIAL.,www.saij.gob.ar/LPV0001234
Tierra del Fuego,Ley,741,"Individual, Solo Modificatoria o Sin Eficacia",2007-05-10,2007-06-08,LEY 741,Ex-combatientes: beneficios - registro provincial de veteranos de  guerra: modificación.,SOLO MODIFICATORIA: MODIFICA LEY P. 407 (B.O.P 24-07-98).REGISTRO PROVINCIAL DE VETERANOS DE GUERRA-GUERRA DE MALVINAS-EX-COMBATIENTES-BENEFICIOS.,www.saij.gob.ar/LPV0001235
Tierra del Fuego,Ley,742,"Individual, Solo Modificatoria o Sin Eficacia",2007-05-10,2007-07-04,LEY 742,Régimen de jubilaciones y pensiones para el personal de los tres poderes del estado provincial: modificación.,SOLO MODIFICATORIA: MODIFICA LEY P. 561 (B.O.P. 27/11/02).SEGURIDAD SOCIAL-JUBILACIONES-PENSIONES-PENSION FUEGUINA DE ARRAIGO-ADMINISTRACION PUBLICA-REPARTICIONES-ORGANISMOS CENTRALIZADOS-DESCENTRALIZADOS-AUTARQUICOS- EMPRESAS DEL ESTADO-SERVICIOS...,www.saij.gob.ar/LPV0001238
Tierra del Fuego,Ley,743,"Vigente, de alcance general",2001-11-15,2007-07-06,LEY 743,"Adhesión a la ley Nacional n. 25.415, sobre creación del programa Nacional de detección temprana y atención de la hipoacusia.",SALUD-ADHESION A LA LEY NACIONAL Nº 25.415-PODER EJECUTIVO PROVINCIAL-SORDOS-OBRAS SOCIALES-MEDICINA  PREPAGA-PROGRAMA NACIONAL DE DETECCION TEMPRANA Y ATENCION DE LA HIPOACUSIA.,www.saij.gob.ar/LPV0001239
Tierra del Fuego,Ley,744,"Individual, Solo Modificatoria o Sin Eficacia",2007-07-12,2007-08-13,LEY 744,Veteranos de guerra de Malvinas - régimen de jubilación ordinaria  a cargo del Instituto Provincial Autárquico Unificado de Seguridad Social (IPA  USS): modificación.,SOLO MODIFICATORIA: MODIFICA LEY P. 711 (B.O.P. 03/11/06).REGIMEN DE JUBILACION ORDINARIA-VETERANOS DE GUERRA-GUERRA DE MALVINAS-BENEFICIOS-IPAUSS -INSTITUTO PROVINCIAL AUTARQUICO UNIFICADO DE SEGURIDAD SOCIAL.,www.saij.gob.ar/LPV0001240
Tierra del Fuego,Ley,745,"Individual, Solo Modificatoria o Sin Eficacia",2007-07-12,2007-08-13,LEY 745,Recursos naturales sociedad anónima (RE.NA.S.A.): Derogación.,SOLO MODIFICATORIA Y DEROGATORIA: DEROGA A LA LEY P. 730 (B.O.P. 05/01/07).RECURSOS NATURALES SOCIEDAD ANONIMA-RE.NA.SA.-YACIMIENTOS-HIDROCARBUROS- MINERALES-INVESTIGACION-EXPLOTACION-EXPLORACION -DISTRIBUCION DE...,www.saij.gob.ar/LPV0001241
Tierra del Fuego,Ley,746,"Vigente, de alcance general",2007-07-12,2007-08-13,LEY 746,Poder Ejecutivo Provincial: emergencia habitacional y urbano-ambiental en el ámbito de la provincia: declaración.,PODER EJECUTIVO PROVINCIAL-DECLARACION DE EMERGENCIA HABITACIONAL-URBANO-AMBIENTAL-AMBITO DE LA PROVINCIA-INSTITUTO PROVINCIAL DE LA VIVIENDA.,www.saij.gob.ar/LPV0001242
Tierra del Fuego,Ley,747,"Vigente, de alcance general",2007-08-16,2007-08-29,LEY 747,"Poder Ejecutivo Provincial: aprobación convenio complementario de  asistencia financiera, registrado bajo n. 12.187/07, celebrado el 27/03/07 entre la provincia y ministerio de economía y producción de la nación.",PODER EJECUTIVO PROVINCIAL-ESTADO NACIONAL-CONVENIO COMPLEMENTARIO ASISTENCIA FINANCIERA-MINISTERIO DE ECONOMIA Y PRODUCCION DE LA NACION.,www.saij.gob.ar/LPV0001243
Tierra del Fuego,Ley,748,"Vigente, de alcance general",2007-09-18,2007-09-28,LEY 748,Poder Ejecutivo Provincial: exención impositiva a favor de la empresa BGH sociedad anónima.,PODER EJECUTIVO PROVINCIAL-EXENCION IMPOSITIVA-TASA CERO-IMPUESTOS-CONTRIBUCIONES-EMPRESA BGH.,www.saij.gob.ar/LPV0001244
Tierra del Fuego,Ley,749,"Vigente, de alcance general",2007-09-11,2007-10-08,LEY 749,Educación: ley de educación para las escuelas públicas de gestión  privada.,LEY DE EDUCACION-ESCUELAS PUBLICAS DE GESTION PRIVADA-INSTITUTOS DE EDUCACION PUBLICA-MINISTERIO DE EDUCACION-DIRECCION DE EDUCACION PUBLICA DE GESTION PRIVADA-SISTEMA OFICIAL DE EDUCACION PUBLICA DE LA PROVINCIA-INSCRIPCION EN EL REGISTRO-DE LOS...,www.saij.gob.ar/LPV0001245
Tierra del Fuego,Ley,75,"Vigente, de alcance general",1993-05-27,1993-06-09,Ley 75,Prevención y lucha contra el sida.,SALUD PUBLICA-ENFERMEDADES INFECTOCONTAGIOSAS-SINDROME DE INMUNODEFICIENCIA ADQUIRIDA-INTERES PROVINCIAL-TRATOS DISCRIMINATORIOS-SECRETO PROFESIONAL-DERECHO A LA INTIMIDAD- EDUCACION SANITARIA-EXAMENES OBLIGATORIOS-SANGRE HUMANA-CONTROLES...,www.saij.gob.ar/LPV0000569
Tierra del Fuego,Ley,75,"Individual, Solo Modificatoria o Sin Eficacia",1976-06-22,1976-07-05,Ley 75.,n/d,MODIFICA ARTICULOS 41 Y 48 DE LA LEY TERRITORIAL NRO. 011 CODIGO FISCAL.- CODIGO FISCAL-LEY FISCAL-OBLIGACION FISCAL-DIRECCION GENERAL DE RENTAS-FUNCIONES-FACULTADES-IMPUESTOS-GRAVAMENES-TASAS- CONTRIBUCIONES-DOMICILIO...,www.saij.gob.ar/LPV0000463
Tierra del Fuego,Ley,750,"Individual, Solo Modificatoria o Sin Eficacia",2007-10-19,2007-10-24,LEY 750,Ley de acefalia: modificación.,SOLO MODIFICATORIA-MODIFICA LEY Nº P. 312 (B.O.P. 11/09/96).PODER EJECUTIVO PROVINCIAL-PROCEDIMIENTO EN CASO DE ACEFALIA-TRANSITORIA-DEFINITIVA-SIMULTANEA-TOTAL-ASUNCION-REELECCION-ELECCIONES PROVINCIALES,www.saij.gob.ar/LPV0001246
Tierra del Fuego,Ley,751,"Individual, Solo Modificatoria o Sin Eficacia",2007-10-19,2007-10-24,LEY 751,Presupuesto general de erogaciones y cálculo de recursos de la administración publica - ejercicio 2007: modificación. emisión letras del tesoro  por $ 70.000.000.,SOLO MODIFICATORIA-MODIFICA LEY P. 723 (B.O.P. 05/01/07).PODER EJECUTIVO PROVINCIAL-ADMINISTRACION PUBLICA PROVINCIAL-PRESUPUESTO GENERAL-ECONOMIA Y FINANZAS-EJERCICIO 2007-GASTOS-CALCULO DE RECURSOS -RECURSOS FINANCIEROS-ORGANISMOS DE SEGURIDAD...,www.saij.gob.ar/LPV0001247
Tierra del Fuego,Ley,752,"Vigente, de alcance general",2007-12-13,2007-12-19,LEY 752,ley de ministerios.,"PODER EJECUTIVO PROVINCIAL-MINISTERIOS-SECRETARIOS-ATRIBUCIONES- COMPETENCIAS-MINISTERIO DE GOBIERNO, COORDINACION GENERAL Y JUSTICIA-MINISTERIO DE ECONOMIA-MINISTERIO DE OBRAS Y SERVICIOS PUBLICOS-MINISTERIO DE EDUCACION, CULTURA, CIENCIA Y...",www.saij.gob.ar/LPV0001248
Tierra del Fuego,Ley,753,"Individual, Solo Modificatoria o Sin Eficacia",2007-12-03,2008-01-02,LEY 753,Ley orgánica del Poder Judicial: modificación.,SOLO MODIFICATORIA: MODIFICA LEY P. 110 (B.O.P. 24/11/93).PODER JUDICIAL-INTEGRACION-DISTRITOS-REGIMEN INTERNO-POTESTAD DISCIPLINARIA-FERIA JUDICIAL-ORGANOS JUDICIALES-SUPERIOR TRIBUNAL DE JUSTICIA-TRIBUNAL DE JUICIO EN LO CRIMINAL-JUZGADO...,www.saij.gob.ar/LPV0001249
Tierra del Fuego,Ley,754,"Vigente, de alcance general",2007-12-03,2008-01-02,LEY 754,Salud Pública: Régimen para la detección y posterior tratamiento de patologías en el recién nacido. Adhesión a la ley Nacional n. 26.279.,PODER EJECUTIVO PROVINCIAL-SALUD PUBLICA-REGIMEN PARA LA DETECCION Y POSTERIOR TRATAMIENTO DE PATOLOGIAS EN EL RECIEN NACIDO.,www.saij.gob.ar/LPV0001250
Tierra del Fuego,Ley,755,"Vigente, de alcance general",2007-12-03,2008-01-02,LEY 755,Salud Pública: Test de diagnóstico del estreptococo grupo b obliga  torio y gratuito para mujeres embarazadas en hospitales públicos.,PODER EJECUTIVO PROVINCIAL-SALUD PUBLICA-HOSPITALES PUBLICOS-TEST DE DIAGNOSTICO DEL ESTREPTOCOCO-GRUPO B-OBLIGATORIO Y GRATUITO-MUJERES EMBARAZADAS,www.saij.gob.ar/LPV0001251
Tierra del Fuego,Ley,756,Derogada,2008-01-25,2008-01-30,LEY 756,Ley impositiva. Ejercicio 1999: Modificación,SOLO MODIFICATORIA: MODIFICA LEY P. 440 (B.O.P. 01-02-99).LEY IMPOSITIVA-IMPUESTO SOBRE LOS INGRESOS BRUTOS-IMPUESTO-INMOBILIARIO RURAL-IMPUESTO DE SELLOS.,www.saij.gob.ar/LPV0001252
Tierra del Fuego,Ley,757,Derogada,2008-01-25,2008-02-18,LEY 757,Ley de marcas y señales: Modificación. Derogación ley n 658.,SOLO MODIFICATORIA: MODIFICA A LA LEY P. 262 (B.O.P. 01/12/95).GANADERIA-GANADO MAYOR-GANADO MENOR-REGISTRO PROVINCIAL DE MARCAS Y SEÑALES-NORMAS GENERALES-MINISTERIO DE ECONOMIA-DIRECCION GENERAL DE RECURSOS NATURALES-AUTORIDAD DE...,www.saij.gob.ar/LPV0001253
Tierra del Fuego,Ley,758,"Individual, Solo Modificatoria o Sin Eficacia",2008-01-25,2008-02-18,LEY 758,Régimen de declaraciones juradas patrimoniales y requerimientos de justificación de incrementos patrimoniales: modificación.,SOLO MODIFICATORIA: MODIFICA A LA LEY P. 352 (B.O.P. 20/01/97): FUNCIONARIOS-REGIMEN DE DECLARACIONES JURADAS PATRIMONIALES-REGISTRO-DEPENDENCIAS-ALCANCES- CONDICIONES-REQUERIMIENTO DE JUSTIFICACION DE INCREMENTOS PATRIMONIALES-AMBITO DE...,www.saij.gob.ar/LPV0001254
Tierra del Fuego,Ley,759,Derogada,2008-02-14,2008-03-07,LEY 759,Ley impositiva - ejercicio 1999: modificación.,LEY MODIFICATORIA: MODIFICA LEY P.756 (B.O.P. 30/01/08.) LEY IMPOSITIVA-IMPUESTO SOBRE LOS INGRESOS BRUTOS-IMPUESTO INMOBILIARIO RURAL-IMPUESTO DE SELLOS,www.saij.gob.ar/LPV0001255
Tierra del Fuego,Ley,76,"Vigente, de alcance general",1976-07-08,1976-07-19,Ley 76,Alícuotas del impuesto a las actividades lucrativas,IMPUESTO A LAS ACTIVIDADES LUCRATIVAS-ALICUOTAS,www.saij.gob.ar/LPV0000171
Tierra del Fuego,Ley,760,"Vigente, de alcance general",2008-02-14,2008-03-07,LEY 760,Régimen especial de presentación espontánea y regularización de deudas,REGIMEN ESPECIAL DE PRESENTACION ESPONTANEA Y REGULARIZACION DE DEUDAS-CODIGO FISCAL-TRIBUTOS-DIRECCION DE RENTAS-CONTRIBUYENTES-PLANES DE PAGOS-DEUDAS-ALCANCE.,www.saij.gob.ar/LPV0001256
Tierra del Fuego,Ley,761,"Vigente, de alcance general",2008-02-22,2008-04-15,LEY 761,"Educación: régimen de acumulación de cargos, horas catedra y/o funciones e incompatibilidades.",PODER EJECUTIVO PROVINCIAL-EDUCACION-REGIMEN DE ACUMULACION DE CARGOS-HORAS CATEDRA-FUNCIONES E INCOMPATIBLILIDADES.DEROGA LEY PROVINCIAL Nº 268 (B.O.P. 05/01/96).MODIFICA LEY PROVINCIAL Nº 631 (B.O.P. 16/07/04).,www.saij.gob.ar/LPV0001257
Tierra del Fuego,Ley,762,"Vigente, de alcance general",2007-12-03,2008-04-18,LEY 762,"Ley de martilleros, tasadores y/o corredores.","EJERCICIO DE LA PROFESION MARTILLEROS- TASADORES- CORREDORES-DERECHO PUBLICO-AMBITO PROVINCIAL-COLEGIO-MATRICULACION-INHABILIDADES- TITULO HABILITANTE-INSCRIPCION EN EL REGISTRO DE MATRICULAS-FUNCIONES, ATRIBUCIONES Y DEBERES DEL COLEGIO...",www.saij.gob.ar/LPV0001258
Tierra del Fuego,Ley,763,"Individual, Solo Modificatoria o Sin Eficacia",2008-04-03,2008-05-09,LEY 763,Presupuesto General de Erogaciones y cálculo de recursos de la administración publica - ejercicio 2005: modificación.,SOLO MODIFICATORIA: MODIFICA A LEY P. 661 (B.O.P. 04/02/05).PODER EJECUTIVO PROVINCIAL-ADMINISTRACION PUBLICA PROVINCIAL-PRESUPUESTO GENERAL-ECONOMIA Y FINANZAS-EJERCICIO 2005-GASTOS-CALCULO DE RECURSOS-RECURSOS FINANCIEROS-ORGANISMOS DE SEGURIDAD...,www.saij.gob.ar/LPV0001259
Tierra del Fuego,Ley,764,Derogada,2008-07-03,2008-08-01,LEY 764,Papelería de uso oficial: Modificación.,SOLO MODIFICATORIA: MODIFICA LEY P. 435 (B.O.P. 20/01/99.) SOBRE PAPELERIA DE USO OFICIAL.PAPELERIA OFICIAL-OBLIGATORIEDAD PIE DE PAGINA-LAS ISLAS MALVINAS GEORGIAS Y SANDWICH DEL SUR SON Y SERAN ARGENTINAS.,www.saij.gob.ar/LPV0001260
Tierra del Fuego,Ley,765,"Individual, Solo Modificatoria o Sin Eficacia",2008-07-03,2008-08-01,LEY 765,Ley tránsito y Seguridad Vial. Adhesión Ley Nacional n. 24.449.: Modificación.,SOLO MODIFICATORIA: MODIFICA LEY P. 376 (B.O.P. 17/09/97.) TRANSITO-SEGURIDAD VIAL-AUTORIDAD COMPETENTE-INTERPRETACION-PUBLICIDAD EN LA VIA PUBLICA-CONDICIONES DE SEGURIDAD-PEATONES-DISCAPACITADOS-ADHESION LEY 24449.,www.saij.gob.ar/LPV0001261
Tierra del Fuego,Ley,766,"Vigente, de alcance general",2008-08-06,2008-09-01,LEY 766,Emergencia urbano ambiental suspensión de los desalojos de personas en estado de vulnerabilidad socio-económico-habitacional ocupando predios habitacionales.,BIENESTAR SOCIAL-CARENCIADOS-EMERGENCIA HABITACIONAL-SUSPENSION DE DESALOJOS,www.saij.gob.ar/LPV0001262
Tierra del Fuego,Ley,767,"Vigente, de alcance general",2008-08-21,2008-09-17,LEY 767,"Poder Ejecutivo Provincial: exención impositiva a favor de la empresa BGH sociedad anónima, prorroga la vigencia ley 748.",PODER EJECUTIVO PROVINCIAL-EXENCION IMPOSITIVA-TASA CERO-IMPUESTOS-CONTRIBUCIONES-EMPRESA BGH-PRORROGA VIGENCIA POR SEIS MESES.,www.saij.gob.ar/LPV0001263
Tierra del Fuego,Ley,768,"Vigente, de alcance general",2008-09-18,2008-10-17,LEY 768,Editora cultural Tierra del Fuego: creación.,EDITORA CULTURAL TIERRA DEL FUEGO-CREACION EN EL AMBITO PROVINCIAL-COMITE EJECUTIVO-DE LA SELECCION DE PROYECTOS-DEL FONDO CULTURAL-DE LOS DERECHOS DE AUTOR-DE LOS BIENES IMPRESOS Y AUDIOVISUALES-DE LA SIMBOLOGIA Y DIFUSION-DE LA...,www.saij.gob.ar/LPV0001264
Tierra del Fuego,Ley,769,"Vigente, de alcance general",2008-09-18,2008-10-22,LEY 769,"obra pública: concurso abierto y publico de los proyectos, hasta un treinta por ciento del total anual de las mismas, que se desarrollen en el campo de urbanismo, arquitectura y el paisajismo.",OBRA PUBLICA-EN EL AMBITO PROVINCIAL-CONCURSO ABIERTO Y PUBLICO-DESARROLLADAS EN EL CAMPO DEL URBANISMO-ARQUITECTURA-PAISAJISMO LA INFRAESTRUCTURA-EQUIPAMIENTO URBANO-HASTA UN TREINTA POR CIENTO-PROYECTOS.,www.saij.gob.ar/LPV0001265
Tierra del Fuego,Ley,77,"Vigente, de alcance general",1993-05-27,1993-06-09,Ley 77,Integración de la comisión permanente de la carrera sanitaria.,SALUD PUBLICA-CARRERA SANITARIA-COMISION PERMANENTE-CONSTITUCION- INTEGRANTES-HOSPITAL-DIRECTOR-AGENTES-CONCURSO.,www.saij.gob.ar/LPV0000576
Tierra del Fuego,Ley,77,"Individual, Solo Modificatoria o Sin Eficacia",1976-08-12,1977-01-17,Ley 77.,n/d,OBJETO CUMPLIDO-PODER EJECUTIVO TERRITORIAL-ADMINISTRACION PUBLICA- PRESUPUESTO GENERAL-EJERCICIO 1976.,www.saij.gob.ar/LPV0000331
Tierra del Fuego,Ley,770,"Vigente, de alcance general",2008-10-02,2008-11-17,LEY 770,"Trabajo: emergencia laboral del sector de la industria textil, del   vestido, confeccionistas, hilandería y plásticos en el ámbito provincial por 120 días.",PODER EJECUTIVO PROVINCIAL-EMERGENCIA LABORAL-SECTOR INDUSTRIA TEXTIL-DEL VESTIDO-CONFECCIONISTAS-HILANDERIA-PLASTICOS-120 DIAS.,www.saij.gob.ar/LPV0001266
Tierra del Fuego,Ley,771,"Vigente, de alcance general",2008-10-16,2008-11-17,LEY 771,"Salud: Fondo Provincial 'Conciencia sobre el Cáncer de Cama': creación, institución de octubre como mes de la prevención del cáncer de mama.",FONDO PROVINCIAL-CONCIENCIA SOBRE EL CANCER DE MAMA-INSTITUCION DEL MES DEL OCTUBRE COMO MES DE LA PREVENCION DEL CANCER DE MAMA-DIRECCION DE RENTAS-PESQUERAS Y OTRAS INDUSTRIAS-CAMPAÑA.,www.saij.gob.ar/LPV0001267
Tierra del Fuego,Ley,772,"Vigente, de alcance general",2008-10-16,2008-11-17,LEY 772,Creación del sistema de emergencias coordinadas: adhesión de la provincia a la ley Nacional n. 25.367.,ADHESION DE LA PROVINCIA A LA LEY NACIONAL Nº 25.367- CREACION DEL SISTEMA DE EMERGENCIAS COORDINADAS.,www.saij.gob.ar/LPV0001268
Tierra del Fuego,Ley,773,"Vigente, de alcance general",2008-11-20,2009-01-09,LEY 773,Educación: clubes de ciencias y tecnología en establecimientos educativos públicos de gestión estatal y privada: creación.,EDUCACION-ESTABLECIMIENTOS DE EDUCACION PUBLICA DE GESTION ESTATAL O PRIVADA-CLUBES DE CIENCIAS Y TECNOLOGIA-CREACION-ESTUDIANTES-PROFESORES- DERECHOS-DEBERES-INTERESES CIENTIFICOS-FERIAS DE CIENCIA-OLIMPIADAS.,www.saij.gob.ar/LPV0001272
Tierra del Fuego,Ley,774,"Vigente, de alcance general",2008-12-23,2008-12-29,LEY 774,"Hidrocarburos. Acuerdo de gas entre la provincia y la empresa tierra del fuego, energía y química s.a., registrado bajo el n 13.435: aprobación.","HIDROCARBUROS-PODER EJECUTIVO PROVINCIAL-ACUERDO DE GAS-ENTRE LA PROVINCIA Y TIERRA DEL FUEGO, ENERGIA Y QUIMICA S.A.-REGISTRADO BAJO Nº 13.435- REGALIAS-PRECIO-FONDO ESPECIFICO.",www.saij.gob.ar/LPV0001273
Tierra del Fuego,Ley,776,"Vigente, de alcance general",2008-12-23,2009-01-12,LEY 776,"Obligatoriedad de las empresas, organismos o entes que presten servicios públicos de imprimir en sus facturas la fotografía de la niña Sofía Yasmin Herrera.",EMPRESAS-OBLIGATORIEDAD DE IMPRIMIR EN SUS FACTURAS LA FOTOGRAFIA DE SOFIA YASMIN HERRERA- ORGANISMOS QUE PRESTEN SERVICIOS PUBLICOS- FACTURACION DENTRO DE LA PROVINCIA- TEXTO: BUSCAMOS A SOFIA YASMIN HERRERA.,www.saij.gob.ar/LPV0001274
Tierra del Fuego,Ley,777,"Vigente, de alcance general",2008-12-23,2009-01-21,LEY 777,Servicio penitenciario provincial: creación.,SERVICIO PENITENCIARIO PROVINCIAL-CREACION-MISIONES Y DEPENDENCIA-FUNCIONES-ATRIBUCIONES-DIRECCION PROVINCIAL DEL SERVICIO PENITENCIARIO-DESIGNACIONES-COMPETENCIAS- PERSONAL PENITENCIARIO-PERSONAL CIVIL-LEY NACIONAL Nº 24.660-ADMINISTRACION.,www.saij.gob.ar/LPV0001275
Tierra del Fuego,Ley,778,"Individual, Solo Modificatoria o Sin Eficacia",2008-12-23,2009-01-09,LEY 778,Ley de Marcas y Señales: Modificación.,SOLO MODIFICATORIA: MODIFICA LEY P. 262 (B.O.P. 09-11-1995).GANADERIA-GANADO MAYOR-GANADO MENOR-REGISTRO PROVINCIAL DE MARCAS Y SEÑALES-NORMAS GENERALES-MINISTERIO DE ECONOMIA-DIRECCION GENERAL DE RECURSOS NATURALES-AUTORIDAD DE...,www.saij.gob.ar/LPV0001270
Tierra del Fuego,Ley,78,Derogada,1993-05-27,1993-06-11,Ley 78,Creación del Consejo Provincial de prevención y lucha contra el tráfico y consumo indebido de drogas y farmacotóxicos.,NARCOTRAFICO-CONSEJO PROVINCIAL DE PREVENCION Y LUCHA CONTRA EL TRAFICO Y CONSUMO INDEBIDO DE DROGAS Y FARMATOXICOS-CREACION DE ORGANISMOS-MISION Y FUNCIONES-PERSONAL-RECURSOS FINANCIEROS- DEROGA LEY 270.- DEROGA LEY 272.,www.saij.gob.ar/LPV0000571
Tierra del Fuego,Ley,78,"Individual, Solo Modificatoria o Sin Eficacia",1976-10-14,1976-10-14,Ley 78.,n/d,MODIFICATORIA DE LEY SIN EFICACIA-PODER EJECUTIVO TERRITORIAL- ADMINISTRACION PUBLICA-PRESUPUESTO GENERAL-EJERCICIO 1976- MODIFICACION-ESCUELAS-COMEDORES ESCOLARES-COPA DE LECHE-PLANES SANITARIOS.,www.saij.gob.ar/LPV0000330
Tierra del Fuego,Ley,780,"Individual, Solo Modificatoria o Sin Eficacia",2009-03-12,2009-05-27,LEY 780,Ley de Tránsito y Seguridad Vial. Adhesión Ley Nacional n. 24.449: Modificación.,SOLO MODIFICATORIA: MODIFICA LEY P. 726 (B.O.P. 05/01/07).TRANSITO-SEGURIDAD VIAL-AUTORIDAD COMPETENTE-INTERPRETACION-PUBLICIDAD EN LA VIA PUBLICA-CONDICIONES DE SEGURIDAD-PEATONES- DISCAPACITADOS-ADHESION PROVINCIAL-LEY NACIONAL.,www.saij.gob.ar/LPV0001276
Tierra del Fuego,Ley,781,Derogada,2009-04-16,2009-05-27,LEY 781,Registro del estado civil y capacidad de las personas: Adhesión de   la provincia a la ley Nacional n. 26.413.,ADHESION PROVINCIAL-REGISTRO DEL ESTADO CIVIL Y CAPACIDAD DE LAS PERSONAS- NACIMIENTO DE LA PERSONA-ADOPCION-MATRIMONIO-INSCRIPCION DE DEFUNCIONES-DIVORCIO-FILIACION-CONSEJO FEDERAL DE REGISTROS DEL ESTADO CIVIL Y CAPACIDAD DE PERSONAS DE LA...,www.saij.gob.ar/LPV0001277
Tierra del Fuego,Ley,782,"Vigente, de alcance general",2009-04-16,2009-05-27,LEY 782,Creación del Consejo Provincial de Seguridad Vial: Adhesión de la  provincia a la Ley Nacional n. 26.363.,"ADHESION A LA LEY NACIONAL Nº 26.363-CREACION CONSEJO PROVINCIAL DE SEGURIDAD VIAL-MINISTERIO DE GOBIERNO, COORDINACION GENERAL Y JUSTICIA-CONSEJO PROVINCIAL DE EDUCACION-GENDARMERIA NACIONAL-POLICIA DE LA PROVINCIA-VIALIDAD NACIONAL Y...",www.saij.gob.ar/LPV0001278
Tierra del Fuego,Ley,783,"Vigente, de alcance general",2009-08-27,2009-09-18,LEY 783,Banco de Tierra del Fuego: Fondo residual-régimen de liquidación y regularización de deudas,ECONOMIA Y FINANZAS-FONDO RESIDUAL-BANCO DE TIERRA EL FUEGO-REGIMEN DE LIQUIDACION Y REGULARIZACION DE DEUDAS-DETERMINACION DE DEUDA-TASAS DE INTERES-PLAZOS-BONIFICACION-BENEFICIARIOS- CONDICIONES PARA EL ACOGIMIENTO.,www.saij.gob.ar/LPV0001281
Tierra del Fuego,Ley,785,"Individual, Solo Modificatoria o Sin Eficacia",2009-08-27,2009-09-23,LEY 785,Ley de Tránsito y Seguridad vial. Adhesión Ley Nacional n 24.449: derogación.,SOLO DEROGATORIA: DEROGA LEY P. 489 (B.O.P. 02/10/00).SOBRE TRANSITO-SEGURIDAD VIAL-AUTORIDAD COMPETENTE-INTERPRETACION-PUBLICIDAD EN LA VIA PUBLICA-CONDICIONES DE SEGURIDAD-PEATONES-DISCAPACITADOS-ADHESION PROVINCIAL-LEY NACIONAL 24.449.,www.saij.gob.ar/LPV0001280
Tierra del Fuego,Ley,786,"Vigente, de alcance general",2009-08-27,2009-09-23,LEY 786,"Poder Ejecutivo Provincial: Adhesión a la Ley Nacional n. 25.938, sobre registro Nacional de armas de fuego y materiales controlados, secuestrados o incautados.","ADHESION DE LA PROVINCIA A LA LEY NACIONAL Nº 25.938-ARMAS-MUNICIONES-REGISTRO NACIONAL DE ARMAS DE FUEGO Y MATERIALES CONTROLADOS, SECUESTRADOS O INCAUTADOS-SECUESTRO DE BIENES-ARMA SECUESTRADA-DECOMISO-DEPOSITO.",www.saij.gob.ar/LPV0001282
Tierra del Fuego,Ley,787,"Vigente, de alcance general",2009-08-27,2009-09-23,LEY 787,"Poder Ejecutivo Provincial: institución del 19 de noviembre como día para la prevención del abuso en niños, niñas y adolescentes","PODER EJECUTIVO PROVINCIAL-PREVENCION VIOLENCIA-DERECHOS DE LOS NIÑOS Y JOVENES-CONMEMORACIONES-ABUSO SEXUAL-PREVENCION DEL ABUSO CONTRA LOS NIÑOS, NIÑAS Y ADOLESCENTES.",www.saij.gob.ar/LPV0001283
Tierra del Fuego,Ley,788,"Vigente, de alcance general",2009-08-27,2009-09-23,LEY 788,"Educación: obligatoriedad y gratuidad del examen médico visual y auditivo, en los niveles inicial y E.G.B. 1, en establecimientos públicos y privados del ámbito provincial.",EDUCACION-OBLIGATORIEDAD Y GRATUIDAD DEL EXAMEN MEDICO VISUAL Y AUDITIVO-NIVELES INICIAL Y E.G.B. 1-ESTABLECIMIENTOS PUBLICOS Y PRIVADOS-AMBITO PROVINCIAL.,www.saij.gob.ar/LPV0001284
Tierra del Fuego,Ley,789,"Vigente, de alcance general",2009-08-27,2009-09-28,LEY 789,"Emergencia urbano Ambiental suspensión de los desalojos de personas en estado de vulnerabilidad socio-económica-habitacional, ocupando predios habitacionales.",EMERGENCIA URBANO AMBIENTAL-AMBITO DE LA PROVINCIA-PODER EJECUTIVO-MUNICIPIOS-COMUNA-SUSPENSION DESALOJOS-OCUPACION PREDIOS HABITACIONALES-CREACION FONDO PROVINCIAL DE FOMENTO-TIERRAS FISCALES.,www.saij.gob.ar/LPV0001285
Tierra del Fuego,Ley,79,"Vigente, de alcance general",1993-06-07,1993-07-12,Ley 79,Consejo federal de agua potable y saneamiento.,OBRAS SANITARIAS-AGUA POTABLE-SANEAMIENTO-CONSEJO FEDERAL-CREACION DE ORGANISMOS-ADHESION LEY 23.615.,www.saij.gob.ar/LPV0000572
Tierra del Fuego,Ley,79,"Individual, Solo Modificatoria o Sin Eficacia",1976-11-04,1976-11-08,Ley 79.,n/d,MODIFICATORIA DE LEY SIN EFICACIA-PODER EJECUTIVO TERRITORIAL- ADMINISTRACION PUBLICA-PRESUPUESTO GENERAL-EJERCICIO 1976- MODIFICACION-MINISTERIO DE EDUCACION Y CULTURA-OPERATIVO,www.saij.gob.ar/LPV0000329
Tierra del Fuego,Ley,790,"Vigente, de alcance general",2009-08-27,2009-09-28,LEY 790,Organismos estatales-plazo para remitir pedidos de informes emanados de la legislatura provincial: derogación ley territorial n. 369 y provincial n 142.,PODER EJECUTIVO PROVINCIAL-ORGANISMOS ESTATALES-PLAZO-PEDIDO DE INFORMES-FACULTADES DEL PODER LEGISLATIVO-LEGISLATURA PROVINCIAL-DEROGACION LEY TERRITORIAL Nº 369 Y PROVINCIAL Nº 142-COMISIONES PERMANENTES DE ASESORAMIENTO.,www.saij.gob.ar/LPV0001286
Tierra del Fuego,Ley,791,Derogada,2009-10-15,2009-10-16,LEY 791,Ley impositiva ejercicio 1999: Modificación.,SOLO MODIFICATORIA: MODIFICA LEY PROVINCIAL 440-IMPUESTOS PROVINCIALES-TASA RETRIBUTIVA DE SERVICIOS-CONTRIBUCIONES-LEY IMPOSITIVA-IMPUESTO SOBRE LOS INGRESOS BRUTOS-IMPUESTO-INMOBILIARIO RURAL-IMPUESTO DE SELLOS,www.saij.gob.ar/LPV0001287
Tierra del Fuego,Ley,792,"Individual, Solo Modificatoria o Sin Eficacia",2009-09-24,2009-10-23,LEY 792,Código Procesal Penal: modificación.,SOLO MODIFICATORIA: MODIFICA LEY PROVINCIAL 168 (B.O.P. 09/09/94-INCORPORA CAPITULO IV 'PROCEDIMIENTO ESPECIAL PARA LOS CASOS DE FLAGRANCIA'.PODER JUDICIAL PROVINCIAL-CODIGO PROCESAL PENAL-ACCION PENAL PUBLICA-ACCION...,www.saij.gob.ar/LPV0001288
Tierra del Fuego,Ley,793,"Vigente, de alcance general",2009-09-24,2009-10-23,LEY 793,"Celíacos, programa de asistencia: Creación - Derogación ley territorial n. 366.",SALUD PUBLICA-ENFERMEDADES-CELIACA-ASISTENCIA SANITARIA-PROGRAMA PROVINCIAL DE ASISTENCIA AL CELIACO-ENFERMEDAD CELIACA DEROGACION LEY T. 366 (B.O.T. 02/08/89):,www.saij.gob.ar/LPV0001290
Tierra del Fuego,Ley,794,"Vigente, de alcance general",2009-09-24,2009-10-23,LEY 794,Cirugía gratuita a pacientes que no posean ningún tipo de cobertura o asistencia social en patologías oncológicas mamarias.,PODER EJECUTIVO PROVINCIAL-SALUD PUBLICA-CANCER DE MAMAS-GRATUIDAD-OBRAS SOCIALES-MUTUALES-MEDICINA PREPAGA-ENFERMEDADES HUMANAS-ASISTENCIA SOCIAL-CIRUGIA ONCOPLASTICA POSMASTECTOMIA O CIRUGIA CONSERVADORA-PATOLOGIA ONCOLOGICA-IMPLANTE...,www.saij.gob.ar/LPV0001291
Tierra del Fuego,Ley,795,"Individual, Solo Modificatoria o Sin Eficacia",2009-09-24,2009-10-23,LEY 795,Tasas judiciales: modificación.,SOLO MODIFICATORIA-MODIFICA LEY PROVINCIAL Nº 162 (B.O.P. 19-08-94).PODER JUDICIAL PROVINCIAL-TASAS JUDICIALES-AMBITO-TASA REDUCIDA-MONTO IMPONIBLE-JUICIOS DE MONTO INDETERMINABLE-JUICIOS NO SUSCEPTIBLES DE APRECIACION PECUNIARIA-TERCERIAS...,www.saij.gob.ar/LPV0001289
Tierra del Fuego,Ley,796,"Vigente, de alcance general",2009-10-15,2009-10-19,LEY 796,Poder Ejecutivo Provincial: autorización para acordar un convenio  de asistencia financiera o refinanciación de deuda por $ 100.000.000 con el estado Nacional.,PODER EJECUTIVO PROVINCIAL-ESTADO NACIONAL-CONVENIOS DE AISTENCIA FINANCIERA-COPARTICIPACION FEDERAL DE IMPUESTOS-ALICUOTA-PROVINCIAS-BANCO DE LA NACION ARGENTINA-FONDO FIDUCIARIO PARA EL DESARROLLO PROVINCIAL-REFINANCIACION DE DEUDAS.,www.saij.gob.ar/LPV0001292
Tierra del Fuego,Ley,797,"Vigente, de alcance general",2009-09-24,2009-10-23,LEY 797,Instituto provincial autárquico unificado de seguridad sociales (IPAUSS): préstamos personales para los afiliados.,PREVISION SOCIAL-INSTITUTO PROVINCIAL AUTARQUICO UNIFICADO DE SEGURIDAD SOCIAL-PRESTAMOS PERSONALES-AFILIADOS-IPAUSS.,www.saij.gob.ar/LPV0001293
Tierra del Fuego,Ley,798,"Vigente, de alcance general",2009-09-24,2009-10-23,LEY 798,Inspección General de Justicia: Creación. Derogación ley n. 369.,PODER EJECUTIVO PROVINCIAL-MINISTERIO DE GOBIERNO COORDINACION Y JUSTICIA-INSPECCION GENERAL DE JUSTICIA-CREACION DEL ORGANO-COMPETENCIA Y FUNCIONES-SOCIEDADES POR ACCIONES-ASOCIACIONES CIVILES-FUNDACIONES-SANCIONES-RECURSOS-DIRECCION -REGIMEN DEL...,www.saij.gob.ar/LPV0001294
Tierra del Fuego,Ley,799,"Vigente, de alcance general",2009-10-15,2009-11-02,LEY 799,"Poder Ejecutivo Provincial: aprobación del acta acuerdo registrado   bajo n 14.150, celebrado el 09/09/09, entre la provincia y el fondo fiduciario federal de infraestructura regional.",PODER EJECUTIVO PROVINCIAL-APROVACION DE ACTA DE ACUERDO-RATIFICACION POR  DECRETO-CONVENIO-ACUERDO ENTRE LA PROVINCIA DE TIERRA DEL FUEGO Y EL FONDO FIDUCIARIO FEDERAL DE INFRAESTRUCTURA REGIONAL.,www.saij.gob.ar/LPV0001295
Tierra del Fuego,Ley,8,Derogada,1971-11-18,1971-11-22,Ley 8,n/d,DEROGADA POR LEY 105 (B.O. 13-02-78)-SOBRE CONCESION DE HOTELES Y HOSTERIAS AL AUTOMOVIL CLUB ARGENTINO.- GOBERNACION-AUTOMOVIL CLUB ARGENTINO-ACA-CONTRATO-CONCESION-HOTEL- HOSTERIA-ALBATROS-LOS YAGANES-PETREL-KAIKEN.,www.saij.gob.ar/LPV0000234
Tierra del Fuego,Ley,8,"Vigente, de alcance general",1992-04-23,1992-05-08,Ley 8,Creación y funciones del Consejo de la Magistratura.,CONSEJO DE LA MAGISTRATURA:FUNCIONES-INMUNIDAD-DESIGNACION DE JUECES- REPRESENTACION DE ABOGADOS-PLAZOS-COMPETENCIA-PADRONES- IMPUGNACIONES- REMOCION DE MAGISTRADOS-HECHOS ILICITOS-MANDATO- CESACION-MINISTERIO PUBLICO-CARGA PUBLICA-FISCALIA DE...,www.saij.gob.ar/LPV0000158
Tierra del Fuego,Ley,80,Derogada,1976-12-10,1976-12-20,Ley 80,n/d,DEROGADA POR LEY 288 (B.O. 22-12-76) SOBRE LEY IMPOSITIVA-IMPUESTO INMOBILIARIO-MODIFICACION.- IMPUESTO-GRAVAMEN-TRIBUTO-TASA-LEY IMPOSITIVA-EJERCICIO 1976- IMPUESTO INMOBILIARIO-MODIFICACION-BASE IMPONIBLE-ALICUOTA- REVALUACION GENERAL INMOBILIARIA.,www.saij.gob.ar/LPV0000228
Tierra del Fuego,Ley,80,"Individual, Solo Modificatoria o Sin Eficacia",1993-05-27,1993-07-12,Ley 80,n/d,- PREVISION SOCIAL-PENSION-PENSION GRACIABLE-MARIA DE LAS MERCEDES SARMIENTO.,www.saij.gob.ar/LPV0000577
Tierra del Fuego,Ley,800,"Vigente, de alcance general",2009-09-24,2009-11-06,LEY 800,Régimen básico de trabajo del músico: creación.,REGIMEN BASICO DE TRABAJO DEL MUSICO-CREACION- DEFINICIONES-AMBITO GEOGRAFICO DE APLICACION-OBJETO-PRINCIPIOS GENERALES-DEL REGISTRO-MUSICOS AMATEURS-SEGURIDAD SOCIAL.,www.saij.gob.ar/LPV0001297
Tierra del Fuego,Ley,801,"Vigente, de alcance general",2009-11-04,2009-11-06,LEY 801,"Poder Ejecutivo Provincial: aprobación convenio de asistencia financiera en el marco del régimen federal de responsabilidad fiscal, registrado bajo n. 14.196, celebrado el 26/10/09 entre la provincia y el fondo fiduciario par  a el desarrollo provincial.",PODER EJECUTIVO PROVINCIAL-APROBACION CONVENIO DE ASISTENCIA FINANCIERA-REGIMEN FEDERAL DE RESPONSABILIDAD FISCAL-ENTRE LA PROVINCIA Y EL FONDO FIDUCIARIO PARA EL DESARROLLO PROVINCIAL.,www.saij.gob.ar/LPV0001298
Tierra del Fuego,Ley,802,"Vigente, de alcance general",2009-10-29,2009-11-30,LEY 802,"Poder Ejecutivo Provincial: autorización de venta a través del instituto provincial de vivienda, complejo habitacional conocido como viviendas populares, ubicadas en la calle gobernador Deloqui entre Godoy y Roca de la ciudad de Ushuaia.",PODER EJECUTIVO PROVINCIAL-VENTA COMPLEJO HABITACIONAL-INSTITUTO PROVINCIAL DE VIVIENDA-ADJUDICACIONES-BOLETO COMPRA-VENTA-UNIDADES FUNCIONALES-ESCRITURACION.,www.saij.gob.ar/LPV0001299
Tierra del Fuego,Ley,803,"Individual, Solo Modificatoria o Sin Eficacia",2009-10-29,2009-11-30,LEY 803,Ley orgánica del Poder Judicial: modificación.,SOLO MODIFICATORIA: MODIFICA LEY P 110 (B.O.P 24/11/93). PODER JUDICIAL-INTEGRACION-DISTRITOS-REGIMEN INTERNO-POTESTAD DISCIPLINARIA-FERIA JUDICIAL-ORGANOS JUDICIALES-SUPERIOR TRIBUNAL DE JUSTICIA-TRIBUNAL DE JUICIO EN LO CRIMINAL-JUZGADO...,www.saij.gob.ar/LPV0001296
Tierra del Fuego,Ley,804,"Vigente, de alcance general",2009-10-29,2009-11-30,LEY 804,Política pública: métodos alternativos de resolución de disputas - Procedimiento de mediación.,"POLITICA PUBLICA-METODOS ALTERNATIVOS DE RESOLUCION DE DISPUTAS-PROCEDIMIENTO DE MEDIACION-ASISTENCIA LETRADA-NORMAS ETICAS-TASA DE JUSTICIA-PROGRAMAS DE MEDIACION-DE LOS MEDIADORES-ARANCEL-HONORARIOS-MODIFICACION AL CODIGO DE PROCEDIMIENTO CIVIL,...",www.saij.gob.ar/LPV0001300
Tierra del Fuego,Ley,805,"Vigente, de alcance general",2009-12-28,2009-12-30,LEY 805,Presupuesto General de Erogaciones y Cálculo de recursos de la Administración Pública - ejercicio 2010.,PODER EJECUTIVO PROVINCIAL-ADMINISTRACION PUBLICA PROVINCIAL-PRESUPUESTO GENERAL-ECONOMIA Y FINANZAS-EJERCICIO 2010-GASTOS-CALCULO DE RECURSOS-RECURSOS FINANCIEROS-ORGANISMOS DE SEGURIDAD SOCIAL-PODER LEGISLATIVO-PODER JUDICIAL,www.saij.gob.ar/LPV0001302
Tierra del Fuego,Ley,806,"Vigente, de alcance general",2009-12-28,2010-01-04,LEY 806,Poder Ejecutivo Provincial: transferencia del inmueble conocido como 'barrio Colombo' a favor del Instituto Provincial de Vivienda.,PODER EJECUTIVO PROVINCIAL-INSTITUTO PROVINCIAL DE VIVIENDA DE TIERRA DEL FUEGO-INMUEBLE DENOMINADO BARRIO COLOMBO-TRANSFERENCIA.,www.saij.gob.ar/LPV0001303
Tierra del Fuego,Ley,807,"Vigente, de alcance general",2009-12-28,2010-01-04,LEY 807,Fondo residual ley n. 478: Condonación de deuda mantenida por el  personal de la firma metalúrgica RENACER S.A.,ECONOMIA Y FINANZAS-BANCOS PROVINCIALES-BANCO DE TIERRA DEL FUEGO-CONDONACION DE DEUDA-METALURGICA RENACER S.A.-PROCEDIMIENTO LEY 478-FONDO RESIDUAL-PERSONAL DE LA FIRMA.,www.saij.gob.ar/LPV0001304
Tierra del Fuego,Ley,808,"Individual, Solo Modificatoria o Sin Eficacia",2009-12-28,2010-01-04,LEY 808,Ley impositiva ejercicio 1999: modificación.,IMPUESTOS PROVINCIALES-TASA RETRIBUTIVA DE SERVICIOS-CONTRIBUCIONES-LEY IMPOSITIVA-IMPUESTO SOBRE LOS INGRESOS BRUTOS-IMPUESTO INMOBILIARIO RURAL-VALUACION FISCAL.,www.saij.gob.ar/LPV0001301
Tierra del Fuego,Ley,809,"Vigente, de alcance general",2009-12-28,2010-01-04,LEY 809,Deudas tributarias: régimen de regularización.,REGIMEN DE REGULARIZACION-DEUDAS TRIBITARIAS-CODIGO FISCAL-LEYES ESPECIALES-CAUSAS JUDICIALES-CONDONACION-INTERESES.,www.saij.gob.ar/LPV0001305
Tierra del Fuego,Ley,81,"Individual, Solo Modificatoria o Sin Eficacia",1976-12-30,1977-01-17,Ley 81.,n/d,MODIFICATORIA DE LEY SIN EFICACIA-ADMINISTRACION PUBLICA TERRITORIAL-PRESUPUESTO GENERAL-EJERCICIO 1976-MODIFICACION.,www.saij.gob.ar/LPV0000328
Tierra del Fuego,Ley,81,"Individual, Solo Modificatoria o Sin Eficacia",1993-05-27,1993-07-12,Ley 81,n/d,- PREVISION SOCIAL-PENSION-PENSION GRACIABLE-DANIEL ERNESTO CABEZAS LLANQUIN.,www.saij.gob.ar/LPV0000578
Tierra del Fuego,Ley,810,"Vigente, de alcance general",2007-12-03,2010-02-08,LEY 810,Ley de protección civil,PROTECCION CIVIL-PRINCIPIOS BASICOS,www.saij.gob.ar/LPV0001306
Tierra del Fuego,Ley,811,"Individual, Solo Modificatoria o Sin Eficacia",2010-04-22,2010-06-04,LEY 811,"Poder Ejecutivo Provincial. Autorización de venta a través del instituto provincial de vivienda, complejo habitacional conocido como viviendas populares, ubicadas en la calle gobernador Deloqui entre Godoy y Roca de la Ciudad de Ushuaia: modificación.",SOLO MODIFICATORIA: MODIFICA LEY Nº 802 (B.O.P. 30-11-09). PODER EJECUTIVO PROVINCIAL-VENTA COMPLEJO HABITACIONAL-INSTITUTO PROVINCIAL DE VIVIENDA-ADJUDICACIONES-BOLETO COMPRA-VENTA-UNIDADES FUNCIONALES-ESCRITURACION.,www.saij.gob.ar/LPV0001307
Tierra del Fuego,Ley,812,"Vigente, de alcance general",2010-04-22,2010-06-04,LEY 812,"régimen federal de responsabilidad fiscal: adhesión a la ley Nacional n 26.530, que establece excepciones a la ley Nacional n. 25.917 para   los ejercicios 2009 y 2010.",ADHESION A LA LEY NACIONAL Nº 26.530-REGIMEN FEDERAL DE RESPONSABILIDAD FISCAL-INGRESOS PUBLICOS-GASTO PUBLICO-EQUILIBRIO ECONOMICO  FINANCIERO-ADMINISTRACION FINANCIERA.,www.saij.gob.ar/LPV0001308
Tierra del Fuego,Ley,813,"Vigente, de alcance general",2010-04-22,2010-06-04,LEY 813,Régimen de Promoción de Empleo Local (REPEL): creación.,REGIMEN DE PROMOCION DE EMPLEO LOCAL (REPEL)-CREACION-RELACION DE DEPENDENCIA-CREDITO FISCAL-RESIDENCIA-RADICACION-DIRECCION GENERAL DE RENTAS-PERSONAS FISICAS O JURIDICAS-SECRETARIA DE PROMOCION ECONOMICA Y FISCAL.,www.saij.gob.ar/LPV0001309
Tierra del Fuego,Ley,814,"Individual, Solo Modificatoria o Sin Eficacia",2010-04-22,2010-06-06,LEY 814,Banco de Tierra del Fuego - fondo residual - régimen de liquidación y regularización de deudas: modificación.,SOLO MODOFICATORIA: MODIFICA LEY Nº 783 (B.O.P 18-09-09).ECONOMIA Y FINANZAS-FONDO RESIDUAL-BANCO DE TIERRA EL FUEGO-REGIMEN DE LIQUIDACION Y REGULARIZACION DE DEUDAS-DETERMINACION DE DEUDA-TASAS DE INTERES-PLAZOS-BONIFICACION-BENEFICIARIOS-...,www.saij.gob.ar/LPV0001310
Tierra del Fuego,Ley,815,"Vigente, de alcance general",2010-06-17,2010-07-21,LEY 815,Presupuesto general de erogaciones y cálculo de recursos de la administración publica - ejercicio 2010 modificación: Creación del fondo para la  seguridad.,PODER EJECUTIVO PROVINCIAL-ADMINISTRACION PUBLICA PROVINCIAL-PRESUPUESTO GENERAL-ECONOMIA Y FINANZAS-EJERCICIO 2010-GASTOS-CALCULO DE RECURSOS-RECURSOS FINANCIEROS-ORGANISMOS DE SEGURIDAD SOCIAL-PODER LEGISLATIVO-PODER- JUDICIAL-FONDO PARA LA...,www.saij.gob.ar/LPV0001311
Tierra del Fuego,Ley,82,"Individual, Solo Modificatoria o Sin Eficacia",1976-12-30,1976-12-30,Ley 82.,n/d,MODIFICATORIA DE LEY SIN EFICACIA-PODER EJECUTIVO TERRITORIAL- ADMINISTRACION PUBLICA-PRESUPUESTO GENERAL-EJERCICIO 1976- REESTRUCTURACION.,www.saij.gob.ar/LPV0000327
Tierra del Fuego,Ley,82,"Individual, Solo Modificatoria o Sin Eficacia",1993-06-24,1993-07-05,Ley 82,n/d,MODIFICA LEY PROVINCIAL NRO. 048 SOBRE REGIMEN DE EQUIPARACION DE OPORTUNIDADES PARA PERSONAS CON DISCAPACIDAD.- DISCAPACITADOS-ASISTENCIA-PREVENCION-MINISTERIO DE SALUD Y ACCION SOCIAL-MINISTERIO DE EDUCACION Y CULTURA-CENTROS DE REHABILITACION-...,www.saij.gob.ar/LPV0000581
Tierra del Fuego,Ley,823,"Vigente, de alcance general",2010-09-16,2010-11-01,LEY 823,Juicio político: comuna de Tolhuin.,JUICIO POLITICO-MUNICIPIO-MUNICIPALIDAD-GOBIERNO- INTENDENTE-COMUNA DE TOLHUIN-DE LA DENUNCIA-DE LAS SALAS-SALA ACUSADORA-SALA JUZGADORA- DERECHO DE DEFENSA.,www.saij.gob.ar/LPV1001321
Tierra del Fuego,Ley,83,"Vigente, de alcance general",1993-05-27,1993-07-21,Ley 83,Obligatoriedad de análisis de fenilcetonuria e hipotiroidismo congénito en recién nacidos.,SALUD PUBLICA-EXAMENES OBLIGATORIOS-HIPOTIROIDISMO CONGENITO- FENILCETONURIA-INSCRIPCION DE NACIMIENTO:REQUISITOS,www.saij.gob.ar/LPV0000570
Tierra del Fuego,Ley,83,"Individual, Solo Modificatoria o Sin Eficacia",1976-12-31,1977-06-21,Ley 83.,n/d,MODIFICATORIA DE LEY SIN EFICACIA-PODER EJECUTIVO TERRITORIAL- ADMINISTRACION PUBLICA-PRESUPUESTO GENERAL-EJERCICIO 1976- MODIFICACION-MINISTERIO DE EDUCACION Y CULTURA-OPERATIVO-PAIS.,www.saij.gob.ar/LPV0000326
Tierra del Fuego,Ley,834,"Vigente, de alcance general",2010-12-21,2011-01-05,LEY 834,"Policía Provincial: ley previsional para el personal policial provincial, territorial y servicio penitenciario de la provincia.","POLICIA PROVINCIAL-LEY PREVISIONAL PARA EL PERSONAL POLICIAL PROVINCIAL, TERRITORIAL Y SERVICIO PENITENCIARIO DE LA PROVINCIA-CAJA PREVISIONAL-FUNCIONES-AUTORIDADES-FACULTADES DEL DIRECTORIO-RESPONSABILIDADES-DE LOS DEBERES Y ATRIBUCIONES DE LOS...",www.saij.gob.ar/LPV0001330
Tierra del Fuego,Ley,837,"Vigente, de alcance general",2010-12-21,2011-01-14,LEY 837,Ley de actividades y servicios de turismo aventura.,"LEY DE ACTIVIDADES Y SERVICIOS DE TURISMO AVENTURA-MARCO NORMATIVO-REGULACION-CONTROL, PROMOCION Y FOMENTO-PROVINCIA DE TIERRA DEL FUEGO-ACTIVIDADES DE BAJO RIESGO-ACTIVIDADES DE RIEGO MODERADO-ACTIVIDADES DE ALTO RIESGO-DEL REGISTRO DE OPERADORES...",www.saij.gob.ar/LPV0001333
Tierra del Fuego,Ley,84,"Vigente, de alcance general",1993-07-01,1993-07-23,Ley 84,Validez Nacional de estudios cursados en establecimientos provinciales.,EDUCACION-RECONOCIMIENTO ESTUDIOS CURSADOS-ESTABLECIMIENTOS PROVINCIALES-VALIDEZ-ADHESION LEY 19.988.,www.saij.gob.ar/LPV0000582
Tierra del Fuego,Ley,84,"Individual, Solo Modificatoria o Sin Eficacia",1977-02-02,1977-02-14,Ley 84.,n/d,AMBITO TEMPORAL CUMPLIDO-POLICIA TERRITORIAL-PROMOCIONES-- PERMANENCIA-JERARQUIA-SUSPENSION.,www.saij.gob.ar/LPV0000325
Tierra del Fuego,Ley,844,"Vigente, de alcance general",2011-04-28,2011-06-02,LEY 844,Ley de abastecimiento contra el agio y la especulación - comisión  de control y fiscalización: creación.,"ECONOMIA-COMERCIO INTERIOR-ABASTECIMIENTO-AMBITO DE APLICACION-SANCIONES-COMISION DE CONTROL Y FISCALIZACION- COMERCIALIZACION, INTERMEDIACION, DISTRIBUCION Y PRODUCCION DE COMBUSTIBLES LIQUIDOS.",www.saij.gob.ar/LPV0001341
Tierra del Fuego,Ley,848,"Vigente, de alcance general",2011-05-28,2011-07-04,LEY 848,"Expropiación inmuebles en la localidad de Rio Grande: declaración  utilidad Publica, macizos: 63, 64, 65, 66, 67, 68 y 69 de la sección k.","EXPROPIACION INMUEBLES-LOCALIDAD DE RIO GRANDE- DECLARACION UTILIDAD PUBLICA-MACIZOS MACIZOS: 63, 64, 65, 66, 67, 68 Y 69  DE LA SECCION K-TRIBUNAL DE TASACIONES DE LA NACION-SUELO-PODER EJECUTIVO-MINISTERIO DE ECONOMIA-RECURSOS ECONOMICOS-FONDO...",www.saij.gob.ar/LPV0001344
Tierra del Fuego,Ley,85,"Individual, Solo Modificatoria o Sin Eficacia",1977-02-07,1977-02-28,Ley 85.,n/d,DESAFECTACION DEL USO PUBLICO DE CALLES EN LA CIUDAD DE RIO GRANDE- URBANISMO-EJIDO URBANO-CALLE LUIS PY.,www.saij.gob.ar/LPV0000540
Tierra del Fuego,Ley,85,"Individual, Solo Modificatoria o Sin Eficacia",1993-07-01,1993-07-23,Ley 85,n/d,- PREVISION SOCIAL-PENSION-PENSION GRACIABLE-PEDRO PABLO DIAZ.,www.saij.gob.ar/LPV0000579
Tierra del Fuego,Ley,851,Derogada,2010-12-21,2011-09-07,LEY 851,"Remuneraciones del gobernador, vicegobernador y dietas de legisladores.","DEROGADA POR LEY 855 B.O.P. 09-11-11.REMUNERACIONES DEL GOBERNADOR, VICEGOBERNADOR Y DIETAS DE LEGISLADORES-SECRETARIOS-PROSECRETARIOS",www.saij.gob.ar/LPV0001347
Tierra del Fuego,Ley,857,"Vigente, de alcance general",2011-10-27,2011-11-29,LEY 857,"Poder Ejecutivo Provincial - comité de evaluación del seguimiento  y aplicación de la convención contra la tortura y otros tratos o penas crueles,",PODER EJECUTIVO PROVINCIAL-COMITE DE EVALUACION DE SEGUIMIENTO Y APLICACION DE LA CONVENCION CONTRA LA TORTURA Y OTROS TRATOS O PENAS CRUELES-INHUMANOS O DEGRADANTES-DERECHOS HUMANOS-PODER LEGISLATIVO-ORGANIZACION DE LAS NACIONES UNIDAS.,www.saij.gob.ar/LPV0001355
Tierra del Fuego,Ley,86,"Vigente, de alcance general",1977-02-22,1977-03-07,LEY 86,Corporación de fomento de Tierra del Fuego,ABASTECIMIENTO-PRECIOS-CORPORACION DE FOMENTO DE TIERRA DEL FUEGO- CREACION DE ORGANISMOS-MISION Y FUNCIONES-ESTATUTO ORGANICO- RECURSOS FINANCIEROS-PERSONAL-FISCALIZACION-AUTARQUIA- INCOMPATIBILIDADES-LICITACION PUBLICA-CONTRATACION DIRECTA-...,www.saij.gob.ar/LPV0000170
Tierra del Fuego,Ley,87,"Vigente, de alcance general",1993-07-01,1993-07-23,Ley 87,Creación de la comisión de análisis y seguimiento de la situación laboral en la provincia.,TRABAJO-COMISION DE ANALISIS Y SEGUIMIENTO DE LA SITUACION LABORAL- MISION Y FUNCIONES,www.saij.gob.ar/LPV0000583
Tierra del Fuego,Ley,87,"Individual, Solo Modificatoria o Sin Eficacia",1977-03-23,1977-04-04,Ley 87.,n/d,- MUNICIPALIDAD DE USHUAIA-CAJA NACIONAL AHORRO Y SEGURO-AMPLIACION DE PRESTAMO PARA LA ADQUISICION DE EQUIPOS VIALES.,www.saij.gob.ar/LPV0000539
Tierra del Fuego,Ley,88,"Vigente, de alcance general",1993-07-29,1993-08-11,LEY 88.,Creación del instituto provincial de regulación de apuestas.,MINISTERIO DE SALUD Y ACCION SOCIAL-DIRECCION DE JUEGOS DE AZAR-INSTITUTO PROVINCIAL DE REGULACION DE APUESTAS-IPRA- CREACION DE ORGANISMOS-MISION Y FUNCIONES-DIRECCION-ESTRUCTURA- REGIMEN DE CONTROL-FISCALIZACION ESTATAL-RECURSOS FINANCIEROS-...,www.saij.gob.ar/LPV0000584
Tierra del Fuego,Ley,88,"Individual, Solo Modificatoria o Sin Eficacia",1977-04-19,1977-05-02,Ley 88.,n/d,DISPONE EXPROPIACION DE UN INMUEBLE UBICADO ENTRE LAS CALLES MAIPU Y ROCA DE LA CIUDAD DE USHUAIA.,www.saij.gob.ar/LPV0000538
Tierra del Fuego,Ley,883,"Vigente, de alcance general",2012-06-28,2012-07-25,LEY 883,Papelería de uso oficial: Reglamentación del uso de papel en la actividad administrativa de los tres poderes del estado provincial.,PODER EJECUTIVO-CREACION DE LA REGLAMENTACION DEL USO DE PAPEL EN ORGANISMOS OFICIALES-REGIRA EN TODA LA ACTIVIDAD ADMINISTRATIVA DE LOS TRES PODERES DEL ESTADO PROVINCIAL-FORMATO DE HOJA A4 (210 X 297 MM).,www.saij.gob.ar/LPV0001379
Tierra del Fuego,Ley,884,"Vigente, de alcance general",2012-06-28,2012-07-25,LEY 884,Colegio de Ingenieros de la provincia de Tierra del Fuego: Creación.,CREACION-COLEGIO DE INGENIEROS-PROVINCIA TIERRA DEL FUEGO-EJERCICIO DE LA PROFESION-REGLAMENTACION-UNIVERSIDADES DEL ESTADO-UNIVERSIDADES PROVINCIALES-UNIVERSIDADES PRIVADAS-DIPLOMA DE INGENIERO-CONVENIOS INTERNACIONALES-MATRICULA.,www.saij.gob.ar/LPV0001381
Tierra del Fuego,Ley,885,"Vigente, de alcance general",2012-06-28,2012-07-30,LEY 885,"Poder Ejecutivo Provincial: adhesión a la ley Nacional 26.529, sobre derechos del paciente, historia clínica y consentimiento informado.","PODER EJECUTIVO PROVINCIAL-ADHESION LEY NACIONAL 26.529-DERECHOS DEL PACIENTE-INFORMACION SANITARIA-CONSENTIMIENTO DEL PACIENTE-HISTORIA CLINICA-MINISTERIO DE SALUD-TIERRA DEL FUEGO, ANTARTIDA E ISLAS DEL ATLANTICO SUR.",www.saij.gob.ar/LPV0001382
Tierra del Fuego,Ley,886,"Individual, Solo Modificatoria o Sin Eficacia",2012-06-28,2012-07-30,LEY 886,Dirección Provincial de Vialidad: Modificación.,SOLO MODIFICATORIA: MODIFICA LEY PROVINCIAL N° 22 (B.O.P.18/08/1992).DIRECCION PROVINCIAL DE VIALIDAD-CREACION DE ORGANISMOS-OBJETO-FUNCIONES-ATRIBUCIONES- DEBERES-ADMINISTRACION-FONDO PROVINCIAL DE VIALIDAD-CAMINOS-CONSORCIOS.,www.saij.gob.ar/LPV0001380
Tierra del Fuego,Ley,888,"Individual, Solo Modificatoria o Sin Eficacia",2012-06-28,2012-09-14,LEY 888,Régimen único de pensiones especiales (R.U.P.E.): modificación.,SOLO MODIFICATORIA: LEY PROVINCIAL 389 (B.O.P.06/01/1998).REGIMEN UNICO DE PENSIONES ESPECIALES (R.U.P.E.)-OBRA SOCIAL-PODER EJECUTIVO-PREVISION SOCIAL-R.U.P.E.-AUTORIDAD DE APLICACION-MINISTERIO DE SALUD Y ACCION SOCIAL-ASISTENCIA MEDICA-REGIMEN...,www.saij.gob.ar/LPV0001383
Tierra del Fuego,Ley,889,"Individual, Solo Modificatoria o Sin Eficacia",2012-06-28,2012-09-14,LEY 889,Código fiscal: modificación.,SOLO MODIFICATORIA: LEY PROVINCIAL 867. (B.O.P.: 01/02/99.) CODIGO FISCAL DE TIERRA DEL FUEGO-DEROGA LEY PROVINCIAL 289,www.saij.gob.ar/LPV0001384
Tierra del Fuego,Ley,89,"Vigente, de alcance general",1993-07-29,1993-08-23,Ley 89,Ratificación de ley territorial 175 sobre impuesto de sellos.,IMPUESTO-GRAVAMEN-TRIBUTO-IMPUESTO DE SELLOS-DIRECCION GENERAL DE RENTAS-VALUACION FISCAL-ACTOS IMPONIBLES-CONTRATOS-OPERACIONES- BOLETOS-ESCRITURAS-PERMUTAS-HIPOTECAS-INSTRUMENTO PUBLICO- INSTRUMENTO PRIVADO-ACTO GRAVADO-TASA-DEUDA-FACTURA-MONTO...,www.saij.gob.ar/LPV0000585
Tierra del Fuego,Ley,89,"Individual, Solo Modificatoria o Sin Eficacia",1977-04-21,1977-04-21,Ley 89.,n/d,OBJETO CUMPLIDO-PODER EJECUTIVO TERRITORIAL-ADMINISTRACION PUBLICA- PRESUPUESTO GENERAL-EJERCICIO 1977.,www.saij.gob.ar/LPV0000324
Tierra del Fuego,Ley,896,"Individual, Solo Modificatoria o Sin Eficacia",2012-09-20,2012-10-17,LEY 896,"Medio ambiente. Establece el marco normativo provincial complementario a la ley Nacional 26.331, sobre los principios rectores para el ordenamiento y conservación de los bosques nativos en todo el ámbito Nacional: modificación.",SOLO MODIFICATORIA: LEY PROVINCIAL 869 (B.O.P. 25/04/12).MEDIO AMBIENTE-MARCO NORMATIVO PROVINCIAL  COMPLEMENTARIO LEY NACIONAL Nº 26331-PRINCIPIOS RECTORES PARA EL ORDENAMIENTO Y CONSERVACION DE LOS BOSQUES NATIVOS-TIERRA DEL FUEGO-COMISION...,www.saij.gob.ar/LPV0001389
Tierra del Fuego,Ley,898,"Vigente, de alcance general",2012-11-22,2012-12-19,LEY 898,Establece la obligatoriedad de incorporar en las cartas de menú la   leyenda 'el consumo excesivo de sal es perjudicial para la salud',SALUD PUBLICA-RESTAURANTES-INFORMACION NUTRICIONAL-EXCESO DE SAL EN LA COMIDA,www.saij.gob.ar/LPV0001394
Tierra del Fuego,Ley,899,"Vigente, de alcance general",2012-11-22,2012-12-19,LEY 899,"Poder Ejecutivo Provincial: aprobación convenio n. 15.961, sobre cesión de inmueble identificado catastralmente como sección e, macizo 30, parcela i, de la ciudad de Río Grande.","EJECUTIVO PROVINICAL-CONVENIO N 15.961-INMUEBLE SECCION E, MACIZO 30, PARCELA I -RIO GRANDE-CLINICA-ATENCION MEDICA-INSTALACIONES DEPORTIVAS-DECRETO PROVINCIAL Nº2568/12",www.saij.gob.ar/LPV0001400
Tierra del Fuego,Ley,9,Derogada,1992-05-07,1992-05-27,Ley 9,n/d,NORMA DEROGADA POR LEY PROVINCIAL N° 277 (B.O. 1-9-86)- MODIFICATORIA DE LEY PROVINCIAL NRO. 2 SOBRE REMUNERACIONES DE FUNCIONARIOS PUBLICOS-ADMINISTRACION PUBLICA PROVINCIAL- REMUNERACIONES-DIETAS-FUNCIONARIOS-GOBERNADOR-VICEGOBERNADOR-...,www.saij.gob.ar/LPV0000387
Tierra del Fuego,Ley,9,"Individual, Solo Modificatoria o Sin Eficacia",1971-12-27,1972-01-10,Ley 9.,n/d,CONVENIO ENTRE EL GOBIERNO DEL TERRITORIO Y EL COMANDO EN JEFE DE LA ARMADA SOBRE APROBACION PARA LA SEDE DE UN EDIFICIO DE LA PREFECTURA NAVAL ARGENTINA.,www.saij.gob.ar/LPV0000542
Tierra del Fuego,Ley,90,"Vigente, de alcance general",1993-09-06,1993-09-17,Ley 90,Creación de la policía del trabajo,MINISTERIO DE GOBIERNO TRABAJO Y JUSTICIA-SUBSECRETARIA DE TRABAJO Y JUSTICIA-POLICIA DEL TRABAJO-CREACION DE ORGANISMOS-MISIONES Y FUNCIONES-AUTORIDADES DE APLICACION-FONDO DE ESTIMULO PARA INSPECTORES-SERVICIO DE EMPLEO-SERVICIO JURIDICO GRATUITO-...,www.saij.gob.ar/LPV0000586
Tierra del Fuego,Ley,90,"Individual, Solo Modificatoria o Sin Eficacia",1977-05-31,1977-06-13,Ley 90.,n/d,MODIFICA ARTICULO 3 DE LA LEY TERRITORIAL NRO. 75 QUE MODIFICA EL CODIGO FISCAL LEY TERRITORIAL NRO. 11.- CODIGO FISCAL-LEY FISCAL-OBLIGACION FISCAL-DIRECCION GENERAL DE RENTAS-FUNCIONES FACULTADES-IMPUESTOS-GRAVAMENES-TASAS-...,www.saij.gob.ar/LPV0000462
Tierra del Fuego,Ley,900,Derogada,2012-11-22,2012-12-19,LEY 900,"Promoción de la alimentación saludable y segura de niños, niñas y adolescentes en edad escolar",SALUD-ALIMENTACION SALUDABLE- NIÑOS EN EDAD ESCOLAR-REGULACION-ESTABLECIMIENTOS EDUCATIVOS Y SANITARIOS-POLITICAS DE PROMOCION Y PREVENCION-EDUCACION ALIMENTARIA-MINISTERIO DE SALUD-MINISTERIO DE EDUCACION-USHUAIA-RIO GRANDE-TOLHUIN,www.saij.gob.ar/LPV0001401
Tierra del Fuego,Ley,901,"Vigente, de alcance general",2012-11-22,2012-12-19,LEY 901,"Poder Judicial: Régimen de plazos de conservación de Expedientes Archivados del Poder Judicial de la Provincia de Tierra Del Fuego, Antártida e Islas del Atlántico Sur.","PODER JUDICIAL-REGIMEN DE PLAZOS DE CONSERVACION DE EXPEDIENTES ARCHIVADOS-PODER JUDICIAL PROVINCIAL-TIERRA DEL FUEGO, ANTARTIDA E ISLAS DEL ATLANTICO SUR-DESTRUCCION DE EXPEDIENTES ARCHIVADOS-PLAZOS-DESTRUCCION INMEDIATA-CONSTANCIA DE...",www.saij.gob.ar/LPV0001402
Tierra del Fuego,Ley,902,"Vigente, de alcance general",2012-11-22,2012-12-20,LEY 902,"Creación en el  ámbito de la provincia el premio 'Antártida Argentina', de Ciencia, Tecnología e Innovación.","PREMIO-ANTARTIDA ARGENTINA-CIENCIA, TECNOLOGIA E INNOVACION-MINISTERIO DE INDUSTRIA E INNOVACION PRODUCTIVA-INVESTIGADORES-CIENTIFICOS-SALUD EDUCACION-SISTEMA ECOLOGICO-BIODIVERSIDAD-ENERGIA-INDUSTRIA Y MINERIA-CAMBIO CLIMATICO",www.saij.gob.ar/LPV0001403
Tierra del Fuego,Ley,903,"Vigente, de alcance general",2012-11-22,2012-12-20,LEY 903,"Tierras fiscales: desafectando el inmueble identificado catastralmente como sección e, macizo 92, parcela 1 de la ciudad de Río Grande, autorizando la cesión a la diócesis de Río Gallegos.","TIERRAS FISCALES-RIO GRANDE-INMUEBLE SECCION E, MACIZO 92, PARCELA 1-DIOCESIS RIO GALLEGOS-LEY PROVINCIAL 323-CAPILLA-SALON USOS MULTIPLES-ATENCION RELIGIOSA-REGISTRO DE LA PROPIEDAD-RIO GALLEGOS",www.saij.gob.ar/LPV0001404
Tierra del Fuego,Ley,904,"Individual, Solo Modificatoria o Sin Eficacia",2012-12-19,2012-12-20,LEY 904,Valuación inmobiliaria: modificación.,SOLO MODIFICATORIA: LEY TERRITORIAL Nº 118 (B.O.T. 18/12/78.) - LEY PROVINCIAL Nº 440 B.O.P.: 01/02/99.)  INMUEBLES-VALUACION INMOBILIARIA-GRAVAMEN-IMPUESTOS-TIERRAS FISCALES-PLANTA URBANA-PLANTA RURAL-AMBITO DE APLICACION-CONTENIDO-DETERMINACION...,www.saij.gob.ar/LPV1000904
Tierra del Fuego,Ley,905,"Vigente, de alcance general",2012-12-19,2012-12-26,LEY 905,Presupuesto General de Erogaciones y Cálculo de Recursos de la Administración Pública-Ejercicio 2013,PRESUPUESTO GENERAL DE EROGACIONES-ADMINISTRACION PUBLICA PROVINCIAL-ADMINISTRACION CENTRAL-ORGANISMOS DESCENTRALIZADOS-INSTITUCIONES-SEGURIDAD SOCIAL-CAJA PREVISIONAL-PERSONAL POLICIAL-PENITENCIARIO PROVINCIAL-PODER EJECUTIVO-PODER JUDICIAL-PODER...,www.saij.gob.ar/LPV0001405
Tierra del Fuego,Ley,906,"Individual, Solo Modificatoria o Sin Eficacia",2012-12-19,2012-12-26,LEY 906,Código Fiscal: Modificación.,SOLO MODIFICATORIA: LEY PROVINCIAL Nº 439 (B.O.P: 21-02-1999) 01CODIGO FISCAL DE TIERRA DEL FUEGO-OBLIGACIONES FISCALES- ORGANOS DE LA ADMINISTRACION FISCAL-SUJETOS PASIVOS DE OBLIGACIONES FISCALES-DOMICILIO FISCAL-CONTRIBUYENTES- DIRECCION GENERAL...,www.saij.gob.ar/LPV0001395
Tierra del Fuego,Ley,907,"Individual, Solo Modificatoria o Sin Eficacia",2012-12-19,2012-12-26,LEY 907,Ley Impositiva - Ejercicio 1999: Modificacion.,SOLO MODIFICATORIA: LEY PROVINCIAL Nº 440 (B.O.P: 01-02-99) IMPUESTOS PROVINCIALES-TASA RETRIBUTIVA DE SERVICIOS-CONTRIBUCIONES-LEY IMPOSITIVA-IMPUESTO SOBRE LOS INGRESOS BRUTOS-IMPUESTO INMOBILIARIO RURAL-IMPUESTO DE SELLOS.,www.saij.gob.ar/LPV0001396
Tierra del Fuego,Ley,908,"Individual, Solo Modificatoria o Sin Eficacia",2012-12-19,2012-12-26,LEY 908,CODIGO FISCAL: MODIFICACION.,SOLO MODIFICATORIA: LEY PROVINCIAL Nº 439 (B.O.P: 01-02-99) CODIGO FISCAL DE TIERRA DEL FUEGO-OBLIGACIONES FISCALES- ORGANOS DE LA ADMINISTRACION FISCAL-SUJETOS PASIVOS DE OBLIGACIONES FISCALES-DOMICILIO FISCAL-CONTRIBUYENTES- DIRECCION GENERAL...,www.saij.gob.ar/LPV0001397
Tierra del Fuego,Ley,909,"Vigente, de alcance general",2012-12-19,2013-01-18,LEY 909,"EDUCACION: CAMBIO DE NOMBRE DEL ESTABLECIMIENTO EDUCATIVO - PRESIDENTE JULIO ARGENTINO ROCA, ESCUELA Nº 38, SITUADA EN LA BASE ESPERANZA, DEL SECTOR ANTARTICO ARGENTINO POR EL DE 'PRESIDENTE RAUL RICARDO ALFONSIN.",EDUCACION-ESTABLECIMIENTO EDUCATIVO-MINISTERIO DE EDUCACION-PODER EJECUTIVO,www.saij.gob.ar/LPV0001406
Tierra del Fuego,Ley,91,Derogada,1993-09-06,1993-09-17,*Ley 91,"Autorización al Poder Ejecutivo Provincial para constituir o participar en sociedades de economía mixta, anónimas con participación estatal mayoritaria.",ECONOMIA-HIDROCARBUROS-PODER EJECUTIVO PROVINCIAL-SOCIEDADES MIXTAS PARTICIPACION ESTATAL-EMPRESAS DEL ESTADO-AUTORIZACION-FACULTADES.,www.saij.gob.ar/LPV0000587
Tierra del Fuego,Ley,91,"Vigente, de alcance general",1977-05-31,1977-06-13,Ley 91,Auditoría General del territorio: Creación composición y funciones.,ADMINISTRACION PUBLICA PROVINCIAL-AUDITORIA GENERAL-CREACION DE ORGANISMOS-TITULOS HABILITANTES-REPRESENTACION DEL ESTADO- INCOMPATIBILIDADES-EXCUSACION-RECUSACION-PERSONAL-ESTRUCTURA ORGANICA-MISION Y FUNCIONES-DIRECCION DE FISCALIA-ASESORIAS...,www.saij.gob.ar/LPV0000169
Tierra del Fuego,Ley,912,"Vigente, de alcance general",2012-12-19,2013-01-18,LEY 912,Ley de Educación Vial,EDUCACION VIAL-EDUCACION-SISTEMA EDUCATIVO PROVINCIAL-PODER EJECUTIVO-ESTABLECIMIENTOS EDUCATIVOS-RECURSOS DIDACTICOS-CAMPAÑAS DE DIFUSION,www.saij.gob.ar/LPV0001409
Tierra del Fuego,Ley,913,"Vigente, de alcance general",2012-12-19,2013-01-18,LEY 913,Día Provincial del Agua,"DIA PROVINCIAL DEL AGUA-PROVINCIA TIERRA DEL FUEGO, ANTARTIDA E ISLAS DEL ATLANTICO SUR-CALENDARIO ESCOLAR",www.saij.gob.ar/LPV0001410
Tierra del Fuego,Ley,917,"Vigente, de alcance general",2012-12-19,2013-02-21,LEY 917,EMERGENCIA DEL SERVICIO SANITARIO EN LA CIUDAD DE TOLHUIN.,EMERGENCIA DEL SERVICIO SANITARIO-CIUDAD DE TOLHUIN-PODER EJECUTIVO-DIRECCION PROVINCIAL DE OBRAS Y SERVICIOS SANITARIOS-PLANTA TRATAMIENTO-COLECTORAS CLOACALES-ESTACIONES DE BOMBEO-REDES CLOACALES RESIDENCIALES-FONDO FEDERAL SOLIDARIO-DECRETO...,www.saij.gob.ar/LPV0001413
Tierra del Fuego,Ley,918,"Vigente, de alcance general",2012-12-19,2013-02-21,LEY 918,CREACIÓN: PROGRAMA 'TIERRA DEL FUEGO DIGITAL'.,"PROGRAMA-TIERRA DEL FUEGO, ANTARTIDA E ISLAS DEL ATLANTICO SUR-DIGITAL-POLITICAS PUBLICAS-ACCESIBILIDAD-BANDA ANCHA-INTERNET-PODER EJECUTIVO-MINISTERIO DE EDUCACION-EDUCACION-CULTURA-TECNOLOGIA-POLO TECNOLOGICO-ONG-ASOCIACIONES...",www.saij.gob.ar/LPV0001414
Tierra del Fuego,Ley,919,Derogada,2012-12-19,2013-02-21,LEY 919,Implementación del Programa de Manejo Sustentable del Guanaco,"NOTA DE REDACCIÓN: Derogada por Art. 1º Ley Provincial Nº 1265 (B.O.P.: 02/01/19).PODER EJECUTIVO PROVINCIAL-SUSTENTABILIDAD-ESPECIE-GUANACO-PROVINCIA TIERRA DEL FUEGO, ANTARTIDA E ISLAS DEL ATLANTICO SUR-PROGRAMA...",www.saij.gob.ar/LPV0001415
Tierra del Fuego,Ley,92,"Vigente, de alcance general",1977-07-07,1977-07-18,Ley 92,Autorización a la policía territorial para establecer el servicio de policía adicional,POLICIA TERRITORIAL-SERVICIOS DE VIGILANCIA Y SEGURIDAD-SERVICIOS DE POLICIA ADICIONAL-CUENTAS ESPECIALES-JEFATURA DE POLICIA- ADICIONALES DE REMUNERACIONES,www.saij.gob.ar/LPV0000168
Tierra del Fuego,Ley,92,"Vigente, de alcance general",1993-09-01,1993-10-01,Ley 92,Declarando emergencia ocupacional en el departamento Rio Grande.,ECONOMIA-TRABAJO-EMERGENCIA OCUPACIONAL-RIO GRANDE-COMISION ESPECIAL.,www.saij.gob.ar/LPV0000588
Tierra del Fuego,Ley,923,"Vigente, de alcance general",2013-03-21,2013-04-24,LEY 923,Día Provincial de enfermedades poco frecuentes,"PROVINCIA DE TIERRA DEL FUEGO, ANTÁRTIDA E ISLAS DEL ATLÁNTICO SUR-ENFERMEDADES POCO FRECUENTES-PODER EJECUTIVO PROVINCIAL-CAMPAÑAS CONCIENTIZACIÓN",www.saij.gob.ar/LPV0001422
Tierra del Fuego,Ley,926,"Vigente, de alcance general",2013-03-21,2013-04-24,LEY 926,Poder Ejecutivo Provincial: Adhesión a la Ley Nacional 26819 de Declaración 'Dia Internacional de la Iaz'.,PODER EJECUTIVO PROVINCIAL-LEY NACIONAL 26819-DIA INTERNACIONAL DE LA PAZ-,www.saij.gob.ar/LPV0001425
Tierra del Fuego,Ley,927,"Vigente, de alcance general",2012-11-22,2013-04-26,LEY 927,"Creación del Colegio Público de Profesionales de Enfermería de la provincia de Tierra del Fuego, Antartida e islas del Atlántico Sur","COLEGIO PÚBLICO DE PROFESIONALES DE ENFERMERIA- TIERRA DEL FUEGO, ANTARTIDA E ISLAS DEL ATLANTICO SUR-ADEHSIÓN A LA LEY NACIONAL 24004-AUXILIARES DE LA MEDICINA-ENFERMEROS-ENFERMERO PROFESIONAL-ENFERMERO AUXILIAR-EJERCICIO  PROFESIONAL",www.saij.gob.ar/LPV0001426
Tierra del Fuego,Ley,928,"Individual, Solo Modificatoria o Sin Eficacia",2013-04-18,2013-04-26,LEY 928,Código Fiscal: Modificación - (Ley Provincial Nº 906).,SOLO MODIFICATORIA: LEY PROVINCIAL Nº 906 (B.O.P. 26/12/2012).CODIGO FISCAL DE TIERRA DEL FUEGO-OBLIGACIONES FISCALES- ORGANOS DE LA ADMINISTRACION FISCAL-SUJETOS PASIVOS DE OBLIGACIONES FISCALES-DOMICILIO FISCAL-CONTRIBUYENTES- DIRECCION GENERAL...,www.saij.gob.ar/LPV0001419
Tierra del Fuego,Ley,93,Derogada,1993-09-01,1993-10-01,Ley 93,Prohibición  de  contratación de personal que no acredite radicación mínima de dos años en la provincia.,NORMA DEROGADA POR LEY PROVINCIAL NUMERO 136-TRABAJO- CONTRATACION DE PERSONAL-PROHIBICION-REQUISITO-RADICACION- PODER EJECUTIVO-LEGISLATIVO-JUDICIAL-ENTES AUTARQUICOS-EMPRESAS-LEY 19640.,www.saij.gob.ar/LPV0000589
Tierra del Fuego,Ley,931,"Vigente, de alcance general",2012-12-19,2013-05-08,LEY 931,Recursos Naturales: Captura de Lithodes Santolla (Centolla) y Paralomis Granulosa (centollón). Regulación en aguas del canal Beagle de jurisdicción provincial.,RECURSOS NATURALES-LITHODES SANTOLLA (CENTOLLA)-PARALOMIS GRANULOSA (CENTOLLON)-CANAL DE BEAGLE- CAPTURA CRUSTACEOS-REPUBLICA DE CHILE-PUNTA FINAL-PESCADORES ARTESANALES Y COSTEROS-MARISQUEROS-EMBARCACIONES-PERMISOS- PREFECTURA NAVAL...,www.saij.gob.ar/LPV0001427
Tierra del Fuego,Ley,932,"Vigente, de alcance general",2012-12-19,2013-06-14,LEY 932,Salud Pública: Creación del sistema de arancelamiento en los Hospitales y Centros Públicos de Salud de la provincia.,ARANCELES-HOSPITALES PUBLICOS-CENTROS PRIMARIOS DE SALUD-SALUD PUBLICA-MINISTERIO DE SALUD,www.saij.gob.ar/LPV0001428
Tierra del Fuego,Ley,933,"Vigente, de alcance general",2013-06-27,2013-07-05,LEY 933,"Prorroga por 90 días, lo establecido en el Artículo 34 De La Ley Provincial 421.",PRORROGA DE VIGENCIA,www.saij.gob.ar/LPV0001429
Tierra del Fuego,Ley,934,"Vigente, de alcance general",2013-07-03,2013-07-12,LEY 934,"Hidrocarburos: Acuerdo de prórroga de la Concesión Hidrocarburífera 'CA13-Las Violetas', Registrado Bajo el Nº 15.859.",HIDROCARBUROS,www.saij.gob.ar/LPV0001430
Tierra del Fuego,Ley,935,"Vigente, de alcance general",2013-07-03,2013-07-12,LEY 935,"Hidrocarburos: Acuerdo de prórroga de las Concesiones Hidrocarburíferas 'CA12-Río Cullen' y 'CA14-Angostura', Registrado Bajo el Nº 15.858.",HIDROCARBUROS,www.saij.gob.ar/LPV0001431
Tierra del Fuego,Ley,936,"Vigente, de alcance general",2013-06-27,2013-07-26,LEY 936,Día de la Confraternidad Antártica.,CONMEMORACIONES-SISTEMA EDUCATIVO PROVINCIAL-ANTARTIDA ARGENTINA-SOBERANIA,www.saij.gob.ar/LPV0001432
Tierra del Fuego,Ley,937,"Vigente, de alcance general",2012-12-19,2013-07-26,LEY 937,Educación: Programa provincial de Prevención del Acoso Escolar (Antibullying).,EDUCACION-PREVENCION,www.saij.gob.ar/LPV0001433
Tierra del Fuego,Ley,938,"Vigente, de alcance general",2012-12-19,2013-07-26,LEY 938,"Poder Ejecutivo Provincial - Dirección Provincial de Obras y Servicios Sanitarios (DPOSS): Ampliación y optimización Planta Potabilizadora Nº 3, instalación sistema cloro gaseoso, prorroga emergencia del servicio de producción y suministro de agua.",PODER EJECUTIVO PROVINCIAL-OBRAS SANITARIAS PROVINCIALES-SERVICIOS SANITARIOS-EMERGENCIA SANITARIA-SUMINISTRO DE AGUA POTABLE,www.saij.gob.ar/LPV0001434
Tierra del Fuego,Ley,939,"Vigente, de alcance general",2013-08-01,2013-08-02,LEY 939,"IPAUSS: Autorización a transferir fondos del Sistema Asistencial, para pagos de haberes jubilatorios.",DEUDA PREVISIONAL-HABER JUBILATORIO-REGIMEN JUBILATORIO PROVINCIAL-SISTEMA PREVISIONAL,www.saij.gob.ar/LPV0001435
Tierra del Fuego,Ley,94,"Vigente, de alcance general",1977-07-18,1977-07-25,Ley 94,Alícuotas e importes mínimos y fijos del impuesto sobre los ingresos brutos,IMPUESTO SOBRE LOS INGRESOS BRUTOS-CONTRIBUYENTES-BASE IMPONIBLE- ALICUOTAS-IMPORTE FIJO/IMPORTE MINIMO?,www.saij.gob.ar/LPV0000166
Tierra del Fuego,Ley,94,"Vigente, de alcance general",1993-09-01,1993-10-01,Ley 94,Obligatoriedad por parte de las empresas radicadas bajo el régimen de la ley 19640 de comunicar fecha de cierre definitiva con 180 días de anticipación.,ECONOMIA-REGIMEN PROMOCION INDUSTRIAL-LEY 19640-CESE ACTIVIDADES- OBLIGACIONES-PLAZOS-AUTORIDAD DE APLICACION.,www.saij.gob.ar/LPV0000590
Tierra del Fuego,Ley,940,"Individual, Solo Modificatoria o Sin Eficacia",2013-05-22,2013-09-04,LEY 940,Presupuesto General de Erogaciones y Cálculo de recursos de la Administración Pública - Ejercicio 2013: Modificación.,SOLO MODIFICATORIA: LEY PROVINCIAL 905 (B.O.P. 26/12/2012) PRESUPUESTO GENERAL DE EROGACIONES-ADMINISTRACION PUBLICA PROVINCIAL-ADMINISTRACION CENTRAL-ORGANISMOS DESCENTRALIZADOS-INSTITUCIONES-SEGURIDAD SOCIAL-CAJA PREVISIONAL-PERSONAL...,www.saij.gob.ar/LPV0001436
Tierra del Fuego,Ley,942,"Vigente, de alcance general",2013-08-22,2013-09-16,LEY 942,Poder Ejecutivo Provincial: Emergencia urbano ambiental - prorroga de la vigencia Ley Provincial Nº 789.,BIENESTAR SOCIAL-DERECHO CONSTITUCIONAL- DERECHO PROCESAL-EMERGENCIA HABITACIONAL-TIERRAS FISCALES-SUSPENSÎON DE DESALOJOS.,www.saij.gob.ar/LPV0001446
Tierra del Fuego,Ley,943,"Vigente, de alcance general",2013-08-22,2013-09-16,LEY 943,Poder Ejecutivo Provincial: Autorización para gestionar crédito con entidades financieras para la cancelación de deudas previsionales corrientes y de ejercicios anteriores del gobierno provincial con el Instituto Provincial Autárquico Unificado de Seguridad Social (IPAUSS),PODER EJECUTIVO PROVINCIAL-PRESUPUESTO GENERAL DE EROGACIONES Y CALCULO DE RECURSOS DE LA ADMINISTRACION PUBLICA-EJERCICIO 2013-AUTORIZACION DE CREDITOS-ENTIDADES FINANCIERAS-CANCELACION DE DEUDAS PREVISIONAL-BANCO TIERRA DEL FUEGO-BANCO NACION...,www.saij.gob.ar/LPV0001447
Tierra del Fuego,Ley,944,"Vigente, de alcance general",2013-08-22,2013-09-16,LEY 944,"Poder Ejecutivo Provincial: Autorización para transferir sin cargo al Instituto Provincial de Vivienda (IPV), los inmuebles identificados catastralmente como parcela 47/nar y parcela 47/vr, macizo 2000 - sección 'y' de la ciudad de Río Grande.",PODER EJECUTIVO PROVINCIAL-TRANSFERENCIA DE INMUEBLES-INSTITUTO PROVINCIAL DE VIVIENDA (IPV)-TITULO GRATUITO-SOLUCIONES HABITACIONALES-CIUDAD DE RIO GRANDE.,www.saij.gob.ar/LPV0001448
Tierra del Fuego,Ley,945,"Individual, Solo Modificatoria o Sin Eficacia",2013-05-22,2013-09-16,LEY 945,"Código Procesal Civil, Comercial, Laboral, Rural y Minero: Modificación.","SOLO MODIFICATORIA: LEY PROVINCIAL 147 (B.O.P: 17/08/1994) PODER JUDICIAL PROVINCIAL-CODIGO PROCESAL CIVIL, COMERCIAL, LABORAL, RURAL Y MINERO-PRINCIPIOS GENERALES-COMPETENCIA-CUESTIONES- RECUSACIONES Y EXCUSACIONES-EL TRIBUNAL-ORGANIZACION Y...",www.saij.gob.ar/LPV0001437
Tierra del Fuego,Ley,946,"Vigente, de alcance general",2013-08-22,2013-09-16,LEY 946,Educación: Centro de Estudiantes.,EDUCACION-CENTRO DE ESTUDIANTES-MINISTERIO DE EDUCACION DE LA PROVINCIA DE TIERRA DEL FUEGO-ESTABLECIMIENTOS DE GESTION PRIVADA-ESTABLECIMIENTOS DE GESTION ESTATAL-GESTION SOCIAL-NIVEL SECUNDARIO-NIVEL TERCIARIO-ALUMNOS MATRICULADOS-CONSTITUCION...,www.saij.gob.ar/LPV0001449
Tierra del Fuego,Ley,947,"Vigente, de alcance general",2013-08-22,2013-09-16,LEY 947,Presupuesto de gastos y cálculo de recursos para el ejercicio 2013 del Instituto Provincial Autárquico Unificado de Seguridad Social (IPAUSS).,PRESUPUESTO DE GASTOS-CALCULO DE RECURSOS-INSTITUTO PROVINCIAL AUTARQUICO UNIFICADO DE SEGURIDAD SOCIAL (IPAUSS)-,www.saij.gob.ar/LPV0001450
Tierra del Fuego,Ley,948,"Vigente, de alcance general",2013-11-21,2013-12-04,LEY 948,IPAUSS: Autorización A Transferir Fondos Del Sistema Asistencial -Prorroga De La Vigencia De La Ley Provincial 939.,INSTITUTO PROVINCIAL AUTARQUICO DE SEGURIDAD SOCIAL (IPAUSS)-TRANSFERENCIA DE FONDOS-PRORROGA-SEGURIDAD SOCIAL-DEUDA PREVISIONAL-HABER JUBILATORIO-REGIMEN JUBILATORIO PROVINCIAL-SISTEMA PREVISIONAL.,www.saij.gob.ar/LPV0001451
Tierra del Fuego,Ley,949,"Individual, Solo Modificatoria o Sin Eficacia",2013-11-21,2013-12-06,LEY 949,Modificatoria de la ley 907 sobre impuestos provinciales,LEY MODIFICATORIA-IMPUESTOS PROVINCIALES-DETERMINACION DE IMPUESTOS-TASAS-ALICUOTA-EXENCIONES IMPOSITIVAS,www.saij.gob.ar/LPV1000949
Tierra del Fuego,Ley,95,Derogada,1977-07-18,1977-07-25,Ley 95,n/d,DEROGADA POR LEY 175 (B.O. 30-11-81) SOBRE CODIGO FISCAL MODIFICACION IMPUESTO DE SELLOS.- CODIGO FISCAL-IMPUESTO DE SELLOS-MODIFICACION-HECHOS IMPONIBLES- CONTRIBUYENTES-RESPONSABLES-BASE IMPONIBLE-TASAS RETRIBUTIVAS-PAGO- EXENCIONES.,www.saij.gob.ar/LPV0000227
Tierra del Fuego,Ley,95,Derogada,1992-06-04,1992-06-17,LEY 18,n/d,NORMA DEROGADA POR LEY PROVINCIAL N° 241-OTORGA PENSION A JUAN PEDRO CARDENAS OYARZO.,www.saij.gob.ar/LPV0000469
Tierra del Fuego,Ley,95,"Individual, Solo Modificatoria o Sin Eficacia",1993-09-23,1993-10-04,LEY 95,n/d,MODIFICA LEY P. 70 SOBRE BECAS DE ESTUDIO. INCOPORA ART. 43 BIS.LA LEY P. 70 ESTA DEROGADA POR LEY P.246.-EDUCACION-BECAS-ESTUDIO- CONCURSO-SOLICITUD-OTORGAMIENTO-REQUISITOS-PRESTAMOS-OBLIGACIONES- CANCELACION-CADUCIDAD-FONDO-AUTORIDAD DE APLICACION.,www.saij.gob.ar/LPV0000591
Tierra del Fuego,Ley,950,"Vigente, de alcance general",2013-11-21,2013-12-23,LEY 950,Educación: Incorpora el nombre 'Profesor Luis Adam Felippa' al establecimiento educativo - Colegio Provincial Haspen.,EDUCACION-ESTABLECIMIENTO EDUCATIVO-INCORPORACION DE NOMBRE 'PROFESOR LUIS ADAM FELIPPA'-COLEGIO PROVINCIAL HASPEN.,www.saij.gob.ar/LPV0001452
Tierra del Fuego,Ley,951,"Individual, Solo Modificatoria o Sin Eficacia",2013-11-21,2013-12-23,LEY 951,Ley Impositiva - Ejercicio 1999: Modificación.,SOLO MODIFICATORIA: LEY PROVINCIAL 440 (B.O.P: 01/02/99) IMPUESTOS PROVINCIALES-TASA RETRIBUTIVA DE SERVICIOS-CONTRIBUCIONES-LEY IMPOSITIVA-IMPUESTO SOBRE LOS INGRESOS BRUTOS-IMPUESTO INMOBILIARIO RURAL-IMPUESTO DE SELLOS.,www.saij.gob.ar/LPV0001439
Tierra del Fuego,Ley,952,"Vigente, de alcance general",2013-11-21,2013-12-23,LEY 952,Creación: Fondo Provincial de Museos.,CREACION-FONDO PROVINCIAL DE MUSEOS-TIERRA DEL FUEGO ANTARTIDA E ISLAS DEL ATLANTICO SUR-MUSEOS-LEY DE PRESUPUESTO GENERAL PROVINCIAL-DIRECCION PROVINCIAL DE MUSEOS Y PATRIMONIO CULTURAL-PATRIMONIO CULTURAL-SECRETARIA DE CULTURA JEFATURA DE...,www.saij.gob.ar/LPV0001453
Tierra del Fuego,Ley,953,"Vigente, de alcance general",2013-11-21,2013-12-23,LEY 953,Creación: Régimen especial de inasistencias justificadas no computables a los fines de la reincorporación para alumnas embarazadas y alumnos en condición de paternidad.,CREACION-REGIMEN ESPECIAL-INASISTENCIAS JUSTIFICADAS NO COMPUTABLES-ALUMNAS EMBARAZADAS-ALUMNOS EN CONDICION DE PATERNIDAD-INSTITUCIONES DEL AMBITO-ESTABLECIMIENTO EDUCATIVO-MINISTERIO DE EDUCACION.,www.saij.gob.ar/LPV0001454
Tierra del Fuego,Ley,954,"Vigente, de alcance general",2013-11-21,2013-12-23,LEY 954,Poder Ejecutivo Provincial: Adhesión a la Ley Nacional N° 26.199 sobre 'Día de acción por la tolerancia y el respeto de los pueblos'.,PODER EJECUTIVO PROVINCIAL-ADHESION-LEY NACIONAL Nº 26.199-'DIA DE ACCION POR LA TOLERANCIA Y EL RESPETO DE LOS PUEBLOS'-CULTURA Y EDUCACION-DERECHOS HUMANOS-CONMEMORACIONES.,www.saij.gob.ar/LPV0001455
Tierra del Fuego,Ley,955,"Vigente, de alcance general",2013-11-21,2013-12-23,LEY 955,"Firma Digital: Implementación en el ámbito de los Poderes Ejecutivo, Legislativo, Judicial, Municipios No Autónomos y los Autónomos sin Carta Orgánica de la Provincia.",FIRMA DIGITAL-IMPLEMENTACION-PODER EJECUTIVO-PODER LEGISLATIVO-PODER JUDICIAL-MUNICIPIOS-MUNICIPIOS NO AUTONOMOS-MUNICIPIOS SIN CARTA ORGANICA-PROVINCIA DE TIERRA DEL FUEGO-DERECHO CONSTITUCIONAL-DERECHO INFORMATICO-DOCUMENTO ELECTRONICO-FIRMA...,www.saij.gob.ar/LPV0001456
Tierra del Fuego,Ley,956,"Vigente, de alcance general",2013-12-05,2013-12-30,LEY 956,SALUD: CREACIÓN DEL FONDO PARA LA ATENCIÓN DE PERSONAS SIN COBERTURA SOCIAL.,SALUD-CREACION DE FONDO-PERSONAS SIN COBERTURA SOCIAL-MINISTERIO DE SALUD-CONSTITUCION PROVINCIAL-LEY PROVINCIAL Nº 859-DERECHO CONSTITUCIONAL-DERECHO ADMINISTRATIVO-REGIMEN DE PRESTACIONES-CUENTA ESPECIAL-BANCO DE TIERRA DEL FUEGO.,www.saij.gob.ar/LPV0001457
Tierra del Fuego,Ley,957,"Individual, Solo Modificatoria o Sin Eficacia",2013-12-05,2013-12-30,LEY 957,Ley Orgánica del Poder Judicial: Modificación.,SOLO MODIFICATORIA: LEY PROVINCIAL 110 (B.O.P: 24/11/93).PODER JUDICIAL-INTEGRACION-DISTRITOS-REGIMEN INTERNO-POTESTAD DISCIPLINARIA-FERIA JUDICIAL-ORGANOS JUDICIALES-SUPERIOR TRIBUNAL DE JUSTICIA-TRIBUNAL DE JUICIO EN LO CRIMINAL-JUZGADO...,www.saij.gob.ar/LPV0001440
Tierra del Fuego,Ley,958,Derogada,2013-12-05,2014-01-10,LEY 958,Residuos Peligrosos: Modificación.,DEROGADA POR LEY 1119 (B.O.P. 04-11-16).SOLO MODIFICATORIA: LEY PROVINCIAL 105 (B.O.P. 15/11/93) LEY PROVINCIAL 55 (B.O.P. 30/12/92).ECOLOGIA-MEDIO AMBIENTE-RESIDUOS TOXICOS-RESIDUOS PELIGROSOS-RESIDUOS PATOLOGICOS-AMBITO DE APLICACION-REGISTRO DE...,www.saij.gob.ar/LPV0001441
Tierra del Fuego,Ley,959,"Vigente, de alcance general",2013-12-05,2014-01-10,LEY 959,Presupuesto General de Erogaciones y Cálculo de Recursos de la Administración  Pública - Ejercicio 2014.,PRESUPUESTO GENERAL DE EROGACIONES-ADMINISTRACION PUBLICA  PROVINCIAL-ADMINISTRACION CENTRAL-ORGANIZMOS  DESCENTRALIZADOS-INSTITUCIONES-SEGURIDAD SOCIAL-CAJA PREVISIONAL-PERSONAL  POLICIAL-PENITENCIARIO PROVINCIAL-PODER EJECUTIVO-PODER...,www.saij.gob.ar/LPV0001458
Tierra del Fuego,Ley,96,"Individual, Solo Modificatoria o Sin Eficacia",1977-07-18,1977-07-25,Ley 96.,n/d,OBJETO CUMPLIDO-IMPUESTO-GRAVAMEN-TRIBUTO-LEY IMPOSITIVA-EJERCICIO 1977-IMPUESTO DE SELLOS-ACTOS-CONTRATOS-INMUEBLES-OPERACIONES-TASAS RETRIBUTIVAS-SERVICIOS ESPECIALES-MARCAS-SEÑALES-IMPUESTO INMOBILIARIO-AUTOMOTORES,www.saij.gob.ar/LPV0000323
Tierra del Fuego,Ley,96,"Individual, Solo Modificatoria o Sin Eficacia",1993-09-23,1993-10-04,LEY 96.,n/d,MODIFICA LEY P. 48 SOBRE DISCAPACITADOS-REGIMEN DE EQUIPARACION DE OPORTUNIDADES- DISCAPACITADOS-ASISTENCIA-PREVENCION-MINISTERIO DE SALUD Y ACCION SOCIAL-MINISTERIO DE EDUCACION Y CULTURA-CENTROS DE REHABILITACION- FORMACION LABORAL-FORMACION...,www.saij.gob.ar/LPV0000592
Tierra del Fuego,Ley,960,"Vigente, de alcance general",2013-11-21,2014-01-27,LEY 960,Poder Ejecutivo Provincial - Consejo de Planificación: Creación.,PODER EJECUTIVO PROVINCIAL-CREACION-CONSEJO DE PLANIFICACION-PRESUPUESTO GENERAL DE LA PROVINCIA-CAMARA DE INDUSTRIA-CAMARA DE COMERCIO-MUNICIPIO DE LA PROVINCIA-PODER LEGISLATIVO-ADMINISTRACION PUBLICA NACIONAL-BANCO DE TIERRA DEL FUEGO-FONDO...,www.saij.gob.ar/LPV0001459
Tierra del Fuego,Ley,961,"Vigente, de alcance general",2013-11-21,2014-01-27,LEY 961,Poder Ejecutivo Provincial - Consejo Profesional de Agrimensura: Creación.,"AGRIMENSORES, CREACIÓN DE COLEGIO PROFESIONAL- REQUISITOS DE EJERCICIO PROFESIONAL-MATRÍCULA PROFESIONAL-INSCRIPCIÓN EN LA MATRÍCULA-TRIBUNAL DE DISCIPLINA-AMBITO DE APLICACIÓN JURISDISCCIÓN TERRITORIAL DE LA PROVINCIA DE TIERRA DEL FUEGO, ANTÁRTIDA...",www.saij.gob.ar/LPV0001460
Tierra del Fuego,Ley,962,"Vigente, de alcance general",2013-12-05,2014-01-31,LEY 962,Derechos de los Consumidores.,DERECHO DE LOS CONSUMIDORES-PROVINCIA DE TIERRA DEL FUEGO ANTARTIDA E ISLAS DEL ATLANTICO SUR-CONSTITUCION NACIONAL-CONSTITUCION PROVINCIAL-LEY NACIONAL 24240-DEFENSA DEL CONSUMIDOR LEY NACIONAL 22802-LEY NACIONAL 20680-LEY NACIONAL 25156-LEY...,www.saij.gob.ar/LPV0001461
Tierra del Fuego,Ley,963,"Individual, Solo Modificatoria o Sin Eficacia",2013-12-05,2014-01-31,LEY 963,Código Fiscal: Modificación.,SOLO MODIFICATORIA: LEY PROVINCIAL 439 (B.O.P.: 01/02/99).CODIGO FISCAL DE TIERRA DEL FUEGO-OBLIGACIONES FISCALES- ORGANOS DE LA ADMINISTRACION FISCAL-SUJETOS PASIVOS DE OBLIGACIONES FISCALES-DOMICILIO FISCAL-CONTRIBUYENTES- DIRECCION GENERAL...,www.saij.gob.ar/LPV0001442
Tierra del Fuego,Ley,964,"Individual, Solo Modificatoria o Sin Eficacia",2014-01-08,2014-02-28,LEY 964,Presupuesto General de Erogaciones y Cálculo de Recursos de la Administración Pública - Ejercicio 2014: Modificación.,SOLO MODIFICATORIA: LEY PROVINCIAL 959 (B.O.P. 10/01/2014).PRESUPUESTO GENERAL DE EROGACIONES-ADMINISTRACION PUBLICA PROVINCIAL-ADMINISTRACION CENTRAL-ORGANISMOS DESCENTRALIZADOS-INSTITUCIONES-SEGURIDAD SOCIAL-CAJA PREVISIONAL-PERSONAL...,www.saij.gob.ar/LPV0001443
Tierra del Fuego,Ley,965,"Individual, Solo Modificatoria o Sin Eficacia",2014-01-08,2014-02-28,LEY 965,Ley Impositiva - Ejercicio 1999: Modificación.,SOLO MODIFICATORIA: LEY PROVINCIAL 440 (B.O.P.: 01/02/99).IMPUESTOS PROVINCIALES-TASA RETRIBUTIVA DE SERVICIOS-CONTRIBUCIONES- LEY IMPOSITIVA-IMPUESTO SOBRE LOS INGRESOS BRUTOS-IMPUESTO INMOBILIARIO RURAL-IMPUESTO DE SELLOS.,www.saij.gob.ar/LPV0001444
Tierra del Fuego,Ley,966,"Individual, Solo Modificatoria o Sin Eficacia",2014-04-09,2014-04-21,LEY 966,Comisión Especial de Evaluación y Reforma del Instituto Provincial Autárquico Unificado de Seguridad Social (IPAUSS): Modificación.,SOLO MODIFICATORIA: LEY PROVINCIAL 865 (B.O.P. 11/04/12).CREACION: COMISION ESPECIAL DE EVALUCIAON-REFORMA DEL INSTITUTO PROVINCIAL AUTARQUICO UNIFICADO DE SEGURIDAD SOCIAL-(IPAUSS)-REGLAMENTO INTERNO DE CAMARA LEGISLATIVA-INFORMACION DE...,www.saij.gob.ar/LPV0001462
Tierra del Fuego,Ley,967,"Vigente, de alcance general",2014-04-09,2014-04-21,LEY 967,"Promoción Industrial - Ley Nacional 19.640 - Estableciendo Tasa Cero (0%), en el marco del 'Programa Conectar Igualdad'.",ECONOMIA Y FINANZAS-EMPRESAS RADICADAS EN LA PROVINCIA DE TIERRA DEL FUEGO ANTARTIDA E ISLAS DEL ATLANTICO SUR-REGIMEN PROMOCIONAL-LEY NACIONAL 19.640-DECRETO NACIONAL 1139/88-MODIFICADO POR EL Nº 1345/88-DECRETO NACIONAL 490/03-DECRETO NACIONAL Nº...,www.saij.gob.ar/LPV0001464
Tierra del Fuego,Ley,968,"Individual, Solo Modificatoria o Sin Eficacia",2014-04-09,2014-04-21,LEY 968,"IPAUSS: Autorización a transferir fondos del sistema asistencial, para pagos de haberes jubilatorios: Modificación.",SOLO MODOFICATORIA: LEY PROVINCIAL 939  (B.O.P. 02/08/2013) IPASUSS-TRANSFERENCIA DE FONDOS DEL SISTEMA ASISTENCIAL DE PAGOS DE HABERES JUBILATORIOS-DEUDA PREVISIONAL-HABER JUBILATORIO-REGIMEN JUBILATORIO PROVINCIAL-SISTEMA PREVISIONAL,www.saij.gob.ar/LPV0001463
Tierra del Fuego,Ley,969,"Individual, Solo Modificatoria o Sin Eficacia",2014-04-09,2014-05-09,LEY 969,Presupuesto General de Erogaciones y Cálculo de Recursos de la Administración Pública - Ejercicio 2014 - Tribunal de Cuentas: Modificación.,SOLO MODIFICATORIA: LEY PROVINCIAL Nº 959 (B.O.P. 10/01/2014.) PRESUPUESTO GENERAL DE EROGACIONES-ADMINISTRACION PUBLICA PROVINCIAL-ADMINISTRACION CENTRAL-ORGANISMOS DESCENTRALIZADOS-INSTITUCIONES-SEGURIDAD SOCIAL-CAJA PREVISIONAL-PERSONAL...,www.saij.gob.ar/LPV0001465
Tierra del Fuego,Ley,97,"Vigente, de alcance general",1977-07-25,1977-08-01,Ley 97,Impuesto a los automotores,IMPUESTO A LOS AUTOMOTORES-HECHO IMPONIBLE-CONTRIBUYENTES- OBLIGACION TRIBUTARIA-BASE IMPONIBLE-DIRECCION GENERAL DE RENTAS:FACULTADES-EXENCIONES IMPOSITIVAS-PAGO-DOCUMENTOS DEL AUTOMOTOR,www.saij.gob.ar/LPV0000165
Tierra del Fuego,Ley,97,"Individual, Solo Modificatoria o Sin Eficacia",1993-09-23,1993-10-25,LEY 97.,n/d,MODIFICA LEY P. 65 SOBRE REGIMEN TURISTICO PROVINCIAL-INFUETUR.- TURISMO-ENTE-FUEGUINO-REGIMEN TURISTICO PROVINCIAL-APLICACION- ACTIVIDAD TURISTICA-PRESTADORES-SERVICIOS-TURISTICOS-ZONA TURISTICA...,www.saij.gob.ar/LPV0000593
Tierra del Fuego,Ley,970,"Individual, Solo Modificatoria o Sin Eficacia",2014-04-09,2014-05-12,LEY 970,Presupuesto General de Erogaciones y Cálculo de Recursos de la Administración Pública - Ejercicio 2014: Modificación.,SOLO MODIFICATORIA: LEY PROVINCIAL 964 (B.O.P.: 28/02/14.) PRESUPUESTO GENERAL DE EROGACIONES-ADMINISTRACION PUBLICA PROVINCIAL-ADMINISTRACION CENTRAL-ORGANISMOS DESCENTRALIZADOS-INSTITUCIONES-SEGURIDAD SOCIAL-CAJA PREVISIONAL-PERSONAL...,www.saij.gob.ar/LPV0001466
Tierra del Fuego,Ley,971,"Vigente, de alcance general",2014-04-09,2014-05-16,LEY 971,"Poder Ejecutivo Provincial: Aprobación convenio registrado bajo Nº 16.618 sobre Programa de Asistencia Financiera, entre el Gobierno Provincial y el Estado Nacional - Ratificado por Decreto Provincial Nº 3066/13.","PODER EJECUTIVO PROVINCIAL-CONVENIO Nº 16.618-ASISTENCIA FINANCIERA-GOBIERNO PROVINCIAL-PROVINCIA DE TIERRA DEL FUEGO, ANTARTIDA E ISLAS DEL ATLANTICO SUR-ESTADO NACIONAL-DECRETO PROVINCIAL Nº 3066/13.",www.saij.gob.ar/LPV0001467
Tierra del Fuego,Ley,972,"Vigente, de alcance general",2014-04-09,2014-05-16,LEY 972,Poder Ejecutivo Provincial: Aprobación convenio registrado bajo Nº 16.619 sobre Programa Federal de desendeudamiento de las provincias argentinas y Asistencia Financiera 2010 Y 2013 - Ratificado por Decreto Provincial Nº 3067/13.,PODER EJECUTIVO PROVINCIAL-CONVENIO Nº 16.619-DESENDEUDAMIENTO-PROVINCIAS ARGENTINAS-ASISTENCIA FINANCIERA 2010 Y 2013-DECRETO PROVINCIAL Nº 3067/13.,www.saij.gob.ar/LPV0001468
Tierra del Fuego,Ley,973,"Individual, Solo Modificatoria o Sin Eficacia",2013-11-21,2014-05-23,LEY 973,Ley de Marcas y Señales: Modificación.,SOLO MODIFICATORIA: LEY PROVINCIAL Nº 262. (B.O.P. 23/05/2014).DERECHO ADMINISTRATIVO-DERECHO LABORAL-EMPLEADOS PUBLICOS-LICENCIAS ESPECIALES.,www.saij.gob.ar/LPV0001469
Tierra del Fuego,Ley,974,"Individual, Solo Modificatoria o Sin Eficacia",2014-04-24,2014-05-28,LEY 974,Derechos de los Consumidores: Modificación.,SOLO MODIFICATORIA: LEY PROVINCIAL 962 (B.O.P. 31/01/2014).DERECHO DE LOS CONSUMIDORES-PROVINCIA DE TIERRA DEL FUEGO ANTARTIDA E ISLAS DEL ATLANTICO SUR-CONSTITUCION NACIONAL-CONSTITUCION PROVINCIAL-LEY NACIONAL 24240-DEFENSA DEL CONSUMIDOR LEY...,www.saij.gob.ar/LPV0001471
Tierra del Fuego,Ley,975,"Vigente, de alcance general",2014-04-24,2014-05-28,LEY 975,"Poder Ejecutivo Provincial: Adhesión a la Ley Nacional 26.895, sobre Presupuesto General de la Administración Nacional, Ejercicio 2014.",DERECHO ADMINISTRATIVO-ECONOMIA Y FINANZAS-ADMINISTRACION PUBLICA NACIONAL-PRESUPUESTO NACIONAL-ADHESION A LA LEY NACIONAL 26.895.,www.saij.gob.ar/LPV0001470
Tierra del Fuego,Ley,976,"Individual, Solo Modificatoria o Sin Eficacia",2014-04-24,2014-05-28,LEY 976,Ley Impositiva - Ejercicio 1999: Modificación.,SOLO MODIFICATORIA: LEY PROVINCIAL 440 (B.O.P.: 01/02/99).IMPUESTOS PROVINCIALES-TASA RETRIBUTIVA DE SERVICIOS-CONTRIBUCIONES- LEY IMPOSITIVA-IMPUESTO SOBRE LOS INGRESOS BRUTOS-IMPUESTO INMOBILIARIO RURAL-IMPUESTO DE SELLOS.,www.saij.gob.ar/LPV0001472
Tierra del Fuego,Ley,977,"Individual, Solo Modificatoria o Sin Eficacia",2014-04-09,2014-04-25,LEY 977,Código Fiscal: Modificación.,SOLO MODIFICATORIA: LEY PROVINCIAL 439 (B.O.P.: 01/02/99).CODIGO FISCAL DE TIERRA DEL FUEGO-OBLIGACIONES FISCALES- ORGANOS DE LA ADMINISTRACION FISCAL-SUJETOS PASIVOS DE OBLIGACIONES FISCALES-DOMICILIO FISCAL-CONTRIBUYENTES- DIRECCION GENERAL...,www.saij.gob.ar/LPV0001475
Tierra del Fuego,Ley,978,"Individual, Solo Modificatoria o Sin Eficacia",2014-04-25,2014-06-25,LEY 978,Poder Ejecutivo Provincial - Consejo Profesional de Agrimensura: Modificación.,"SOLO MODIFICATORIA:LEY PROVINCIAL Nº 961 (B.O.P. 27/01/2014).AGRIMENSORES, CREACIÓN DE COLEGIO PROFESIONAL- REQUISITOS DE EJERCICIO PROFESIONAL-MATRÍCULA PROFESIONAL-INSCRIPCIÓN EN LA MATRÍCULA-TRIBUNAL DE DISCIPLINA-AMBITO DE APLICACIÓN...",www.saij.gob.ar/LPV0001476
Tierra del Fuego,Ley,979,"Vigente, de alcance general",2014-06-03,2014-06-25,LEY 979,"Poder Ejecutivo Provincial: Convenio mutuo de Asistencia Financiera, entre la Provincia y el Fondo Fiduciario Federal, Registrado bajo el Nº 16.871, sobre empréstito de las obras de Infraestructura.",PODER EJECUTIVO PROVINCIAL-CONVENIO MUTUO DE ASISTENCIA FINANCIERA-FONDO FIDUCIARIO FEDERAL-Nº 16.871-OBRAS DE INFRAESTRUCTURA-INFRAESTRUCTURA REGIONAL-DECRETO PROVINCIAL Nº 0913/14-PROVINCIA DE TIERRA DEL FUEGO ANTARTIDA E ISLAS DEL ATLANTICO...,www.saij.gob.ar/LPV0001473
Tierra del Fuego,Ley,98,Derogada,1977-07-28,1977-08-01,Ley 98,Creación    del   Instituto  Territorial  de  Vivienda  y  Urbanismo,VIVIENDA-INSTITUTO TERRITORIAL DE VIVIENDA Y URBANISMO-CREACION DE ORGANISMOS-MISION Y FUNCIONES-DELEGACION DE FACULTADES-PATRIMONIO- RECURSOS FINANCIEROS-ESTATUTO ORGANICO-AUTARQUIA-VIVIENDA ECONOMICA -EMERGENCIA HABITACIONAL-ZONAS DE...,www.saij.gob.ar/LPV0000164
Tierra del Fuego,Ley,98,"Vigente, de alcance general",1993-09-23,1993-10-25,Ley 98.,Carácter imperativo y obligatorio de las instrucciones impartidas por la legislatura provincial a los senadores Nacionales.,PODER LEGISLATIVO-CAMARA DE SENADORES-OBLIGACION DE INFORMAR-PLAZO,www.saij.gob.ar/LPV0000594
Tierra del Fuego,Ley,980,"Vigente, de alcance general",2014-06-03,2014-06-25,LEY 980,"Poder Ejecutivo Provincial: Convenio mutuo de Asistencia Financiera, entre la Provincia y el Fondo Fiduciario Federal, Registrado bajo el Nº 16.870, sobre empréstito de las obras de Infraestructura.",PODER EJECUTIVO PROVINCIAL-CONVENIO MUTUO DE ASISTENCIA FINANCIERA-FONDO FIDUCIARIO FEDERAL-Nº 16.870-OBRAS DE INFRAESTRUCTURA-INFRAESTRUCTURA REGIONAL-DECRETO PROVINCIAL Nº 0912/14-PROVINCIA DE TIERRA DEL FUEGO ANTARTIDA E ISLAS DEL ATLANTICO...,www.saij.gob.ar/LPV0001474
Tierra del Fuego,Ley,981,"Vigente, de alcance general",2014-06-03,2014-06-27,LEY 981,"Poder Ejecutivo Provincial: Aprobación convenio, Registrado bajo Nº 16.872, Celebrado el 28/04/14 entre la Provincia y el Gobierno Nacional, sobre ' Programa Federal de Desendeudamiento de las Provincias Argentinas y de Asistencia Financiera'.",PODER EJECUTIVO PROVINCIAL-APROBACION CONVENIO Nº 16.872-PROVINCIA DE TIERRA DEL FUEGO-GOBIERNO NACIONAL-PROGRAMA FEDERAL DE DESENDEUDAMIENTO DE LAS PROVINCIAS ARGENTINAS Y DE ASISTENCIA FINANCIERA.,www.saij.gob.ar/LPV0001477
Tierra del Fuego,Ley,982,"Individual, Solo Modificatoria o Sin Eficacia",2014-06-03,2014-06-27,LEY 982,"Ley de Transito y Seguridad Vial, seguro obligatorio para Automotores Nacionales y Extranjeros - Ley Provincial Nº 376: Modificación.",SOLO MODIFICATORIA: LEY PROVINCIAL Nº 376 (B.O.P. 17/09/97).DERECHO CONSTITUCIONAL-TRANSPORTE-OBLIGACIONES Y CONTRATOS-DERECHO CIVIL-LEY NACIONAL-ADHESIÓN PROVINCIAL-TRÁNSITO AUTOMOTOR-PUBLICIDAD EN LA VÍA PÚBLICA-PEATONES.,www.saij.gob.ar/LPV0001479
Tierra del Fuego,Ley,983,"Vigente, de alcance general",2014-06-03,2014-06-27,LEY 983,"Provincia de Tierra del Fuego, Prohíbase la instalación de whiskerías, cabaret, clubes nocturnos, boites o establecimientos y/o locales de alterne.",PROVINCIA DE TIERRA DEL FUEGO-PROHIBICION DE ISTALACION-REGENTEO-SOSTENIMIENTO-PROMOCION- PUBLICIDAD-ADMINISTRACION Y/O EXPLOTACION BAJO CUALQUIER FORMA-MODALIDAD O DENOMINACION DE MANERA OSTENSIBLE O ENCUBIERTA-WISKERIAS-CABARET-CLUBES...,www.saij.gob.ar/LPV0001478
Tierra del Fuego,Ley,984,"Vigente, de alcance general",2014-06-03,2014-07-04,LEY 984,"Poder Ejecutivo Provincial: Aprobacion Convenio Nº 16.659, sobre proyecto - adecuacion, acontecimiento y fortalecimiento del Centro para Adolescentes en conflicto con la ley penal.",PODER EJECUTIVO PROVINCIAL-APROBACION CONVENIO Nº 16.659-ADECUACION-ACONTECIMIENTO Y FORTALECIMIENTO DEL CENTRO PARA ADOLESCENTES EN CONFLICTO CON LA LEY PENAL-MINISTERIO DE DESARROLLO DE LA NACION-DECRETO PROVINCIAL Nº 960/14.,www.saij.gob.ar/LPV0001480
Tierra del Fuego,Ley,985,"Vigente, de alcance general",2014-06-03,2014-07-04,LEY 985,Creación: Sistema integral de salud escolar.,"CREACIÓN: SISTEMA INTEGRAL DE SALUD ESCOLAR-PROVINCIA DE TIERRA DEL FUEGO,ANTARTIDA E ISLAS DEL ATLANTICO SUR.",www.saij.gob.ar/LPV0001481
Tierra del Fuego,Ley,986,"Vigente, de alcance general",2014-06-03,2014-07-04,LEY 986,Presupuesto General de Erogaciones y Cálculos de Recursos de la Administracion Pública - Ejercicio 2014: Modificacion.,ECONOMÍA Y FINANZAS-DERECHO ADMINISTRATIVO-SEGURIDAD SOCIAL-DEFENSA NACIONAL-PRESUPUESTO GENERAL-ADMINISTRACION PUBLICA PROVINCIAL-ORGANISMOS DESENTRALIZADOS.,www.saij.gob.ar/LPV0001482
Tierra del Fuego,Ley,987,"Individual, Solo Modificatoria o Sin Eficacia",2014-06-03,2014-07-04,LEY 987,Código Fiscal: Modificación.,SOLO MODIFICATORIA: LEY PROVINCIAL Nº 439 (B.O.P.: 01/02/99).CODIGO FISCAL DE TIERRA DEL FUEGO-OBLIGACIONES FISCALES- ORGANOS DE LA ADMINISTRACION FISCAL-SUJETOS PASIVOS DE OBLIGACIONES FISCALES-DOMICILIO FISCAL-CONTRIBUYENTES- DIRECCION GENERAL...,www.saij.gob.ar/LPV0001483
Tierra del Fuego,Ley,988,"Vigente, de alcance general",2014-06-03,2014-08-11,LEY 988,Dejar sin efecto la declaración de utilidad pública y sujeto a expropiación dispuesta por ley provincial 847,DEJAR SIN EFECTO LA DECLARACIÓN DE UTILIDAD PÚBLICA Y SUJETO-EXPROPIACIÓN-DISPUESTA POR LEY PROVINCIAL 847-INMUEBLE-IDENTIFICADO COMO PARCELA 1-MACIZO 50-SECCIÓN K-RIO GRANDE-FISCALIA DE ESTADO-JUICIO DE EXPROPIACIÓN- PODER EJECUTIVO.,www.saij.gob.ar/LPV0001484
Tierra del Fuego,Ley,99,"Vigente, de alcance general",1993-09-23,1993-10-25,Ley 99.,Censo poblacional rural.,SECRETARIA DE PLANEAMIENTO CIENCIA Y TECNOLOGIA-DIRECCION DE ESTADISTICA Y CENSOS-CENSOS AGORPECUARIOS-CENSOS DE POBLACION VIVIENDA Y FAMILIA-CENSOS ECONOMICOS-AUTORIDAD DE APLICACION- OBJETIVOS.- DEROGA LEY 372.,www.saij.gob.ar/LPV0000595
Tierra del Fuego,Ley,99,"Individual, Solo Modificatoria o Sin Eficacia",1977-07-29,1977-08-01,Ley 99.,n/d,MODIFICA ARTICULO 10 DE LA LEY TERRITORIAL NRO. 93 SOBRE IMPUESTO A LAS ACTIVIDADES CON FINES DE LUCRO.- IMPUESTO-GRAVAMEN-TRIBUTO-INGRESOS BRUTOS-ACTIVIDADES CON FINES DE LUCRO-DIRECCION GENERAL DE RENTAS-CONTRIBUYENTE-BASE IMPONIBLE-...,www.saij.gob.ar/LPV0000461
Tierra del Fuego,Ley,995,"Vigente, de alcance general",2014-08-21,2014-09-17,LEY 995,Ley de reconocimiento de la infertilidad humana como enfermedad - Reconocido por la Organización Mundial de la Salud (OMS).,PODER EJECUTIVO PROVINCIAL-RECONOCIMIENTO DE LA INFERTILIDAD HUMANA COMO ENFERMEDAD-RECONOCIDO POR LA ORGANIZACIÓN MUNDIAL DE LA SALUD-CRITERIOS INTERNACIONALES-COBERTURA MEDICA-REGULAR-CONTROLAR-SUPERVIZAR-FERTILIDAD ASISTIDA-PROVINCIA DE TIERRA...,www.saij.gob.ar/LPV0001490
Tierra del Fuego,Ley,996,"Individual, Solo Modificatoria o Sin Eficacia",2014-08-21,2014-09-22,LEY 996,Ley Transito y Seguridad Vial. Adhesion Ley Nacional nº 24.449: Modificacion.,SOLO MODIFICATORIA: LEY PROVINCIAL 376 (B.O.P. 17/09/97.) LEY TRANSITO Y SEGURIDAD VIAL-ADHESION LEY NACIONAL Nº 24.449-DERECHO CONSTITUCIONAL-TRANSPORTE-OBLIGACIONES Y CONTRATOS-DERECHO CIVIL-ADHESION PROVINCIAL-TRASITO AUTOMOTOR-PUBLICIDAD EN LA...,www.saij.gob.ar/LPV0001492
Tierra del Fuego,Ley,998,"Vigente, de alcance general",2014-10-09,2014-10-10,LEY 998,"Poder Ejecutivo Provincial: Aprobación convenio registrado bajo nº 16.621, sobre acuerdo de prórroga de las concesiones hidrocarburíferas de las áreas 'CA7 Los Chorrillos' y 'Tierra del Fuego' y sus anexos.",PODER EJECUTIVO PROVINCIAL-APROBACIÓN CONVENIO REGISTRADO BAJO Nº 16.621-ACUERDO DE PRÓRROGA-CONCESIONES HIDROCARBURÍFERAS-'CA7 LOS CHORRILLOS'-'TIERRA DEL FUEGO'-ANEXOS-EMPRESA PETROLERA LF COMPANY SRL- TDF COMPANY SRL-YPF S.A-DECRETO PROVINCIAL.,www.saij.gob.ar/LPV0001494
Tierra del Fuego,Ley,999,"Vigente, de alcance general",2014-10-09,2014-10-10,LEY 999,"Poder Ejecutivo Provincial: Aprobación acta acuerdo registrado bajo nº 17.010, entre la provincia de Tierra del Fuego y la empresa YPF S.A, sobre aporte extraordinario destinado a infraestructura social, sanitaria y cultura.","PODER EJECUTIVO PROVINCIAL-APROBACIÓN ACTA ACUERDO-REGISTRADO BAJO Nº 17.010-PROVINCIA DE TIERRA DEL FUEGO-YPF S.A- INFRAESTRUCTURA SOCIAL, SANITARIA Y CULTURA- DECRETO PROVINCIAL.",www.saij.gob.ar/LPV0001495
Tucumán,Ley,10666,"Vigente, de alcance general",2023-09-21,2023-10-17,LEY 10.666,Convenio sobre la Eliminación de la Violencia y el Acoso en el Mundo del Trabajo. Adhesión a la Ley Nacional 27.580,Convenio sobre la Eliminación de la Violencia y el Acoso en el Mundo del Trabajo. Adhesión a la Ley Nacional 27.580,www.saij.gob.ar/LPT0010666
Tucumán,Ley,1276,"Vigente, de alcance general",1915-12-21,1915-12-23,LEY 1.276,Erige en municipio a la población de Aguilares.,DERECHO CONSTITUCIONAL-MUNICIPALIDAD-AUTONOMIA MUNICIPAL-EJIDO MUNICIPAL,www.saij.gob.ar/LPT0101276
Tucumán,Ley,1529,"Vigente, de alcance general",1933-06-05,1933-06-22,LEY 1.529,Fija normas para determinar la gratuidad u onerosidad de los trabajos o comisiones encomendados a los funcionarios o empleados de la Administración Pública Provincial,DERECHO ADMINISTRATIVO-COMISIONES ESPECIALES-TRABAJO AD HONOREM,www.saij.gob.ar/LPT0101529
Tucumán,Ley,1704,"Vigente, de alcance general",1937-06-26,1937-07-23,LEY 1.704,Erige en municipio a la población de villa Alberdi.,DERECHO CONSTITUCIONAL-MUNICIPALIDAD-AUTONOMIA MUNICIPAL-EJIDO MUNICIPAL,www.saij.gob.ar/LPT0101704
Tucumán,Ley,1712,"Vigente, de alcance general",1937-11-09,1937-11-19,LEY 1.712,Erige en municipio a la población de Tafí Viejo.,DERECHO CONSTITUCIONAL-MUNICIPALIDAD-AUTONOMIA MUNICIPAL-EJIDO MUNICIPAL,www.saij.gob.ar/LPT0101712
Tucumán,Ley,2009,"Vigente, de alcance general",1946-12-19,1947-01-03,LEY  2.009,Declara acogida la provincia a Decreto-ley Nacional 33425 sobre  Administración Nacional del Agua,DERECHO ADMINISTRATIVO-DECLARACION DE UTILIDAD PUBLICA-EXPROPIACION,www.saij.gob.ar/LPT0102009
Tucumán,Ley,2072,"Vigente, de alcance general",1947-09-13,1947-10-01,LEY  2.072,"Establece la obligatoriedad de toda población de la provincia con más de tres mil habitantes de poseer plan regulador, efectuado por el departamento de obras públicas.",DERECHO ADMINISTRATIVO-ADMINISTRACION PUBLICA PROVINCIAL-ORGANISMOS DEL ESTADO-SERVICIOS PUBLICOS,www.saij.gob.ar/LPT0102072
Tucumán,Ley,2461,"Vigente, de alcance general",1952-04-25,1952-07-18,LEY 2.461,Reglamenta procedimiento ante la administración pública de denuncia de herencias vacantes.,DERECHO ADMINISTRATIVO-HERENCIA VACANTE-SUCESION DEL FISCO,www.saij.gob.ar/LPT0102461
Tucumán,Ley,2471,"Vigente, de alcance general",1952-04-29,1952-07-17,LEY  2.471,Crea la Escribanía de Gobierno.,DERECHO ADMINISTRATIVO-ESCRIBANIA GENERAL DE GOBIERNO-PROTOCOLIZACION,www.saij.gob.ar/LPT0102471
Tucumán,Ley,2568,"Vigente, de alcance general",1953-08-12,1953-10-07,LEY  2.568,Crea el instituto de anestesiología dependiente del Ministerio de Salud Pública.,DERECHO ADMINISTRATIVO-SALUD PUBLICA-ORGANISMOS DEL ESTADO-ESTABLECIMIENTOS ASISTENCIALES,www.saij.gob.ar/LPT0102568
Tucumán,Ley,2815,"Vigente, de alcance general",1959-01-12,1959-04-14,LEY  2.815,"Establece la figura de empresas de la provincia de Tucumán, para llevar a cabo actividades industriales.",DERECHO ADMINISTRATIVO-EMPRESA DE SERVICIOS PUBLICOS-EMPRESAS DEL ESTADO,www.saij.gob.ar/LPT0102815
Tucumán,Ley,3126,"Vigente, de alcance general",1962-02-28,1962-04-17,LEY 3.126,"Establece que las empresas transportistas de carga deben obtener para la explotación del servicio, autorización de la dirección general de autotransporte.",DERECHO ADMINISTRATIVO-SERVICIOS PUBLICOS-TRANSPORTE DE PASAJEROS,www.saij.gob.ar/LPT0103126
Tucumán,Ley,3423,"Vigente, de alcance general",1966-04-28,1966-05-06,LEY  3423,Establece prioridad para ocupar cargos en la policía para los familiares directos de los caídos en servicio.,DERECHO ADMINISTRATIVO-POLICIA PROVINCIAL-COBERTURA DE VACANTES,www.saij.gob.ar/LPT0103423
Tucumán,Ley,3467,"Vigente, de alcance general",1967-05-02,1967-05-09,LEY  3.467,Crea la Dirección de Materiales y Construcciones Escolares.,DERECHO ADMINISTRATIVO-ORGANISMOS DEL ESTADO-CONSTRUCCIONES ESCOLARES-SERVICIO DE MANTENIMIENTO,www.saij.gob.ar/LPT0103467
Tucumán,Ley,3470,"Vigente, de alcance general",1967-06-21,1967-07-12,LEY 3.470,Estatuto del docente,Estatuto del docente,www.saij.gob.ar/LPT0003470
Tucumán,Decreto Ley,3485,"Vigente, de alcance general",1967-09-08,1967-10-04,DECRETO LEY  3.485,Dispone la reestructuración de la Dirección Provincial de Vialidad.,DERECHO ADMINISTRATIVO-ORGANISMOS DEL ESTADO:CREACION-DIRECCIONES PROVINCIALES DE VIALIDAD-ESTRUCTURA ORGANICA,www.saij.gob.ar/LPT0103485
Tucumán,Ley,3486,"Vigente, de alcance general",1967-09-15,1967-10-10,LEY 3486,"Aprueba el convenio celebrado entre las provincias de Tucumán, Santiago del Estero y Córdoba, con fecha 03/07/1967",DERECHO CONSTITUCIONAL-CONVENIOS INTERPROVINCIALES-CONVENIOS DE COOPERACION,www.saij.gob.ar/LPT0103486
Tucumán,Ley,3557,"Vigente, de alcance general",1968-02-14,1969-02-21,LEY  3.557,Dispone la expropiación de los terrenos que fueran necesarios para la realización de obras a ejecutarse en el territorio de la provincia.,DERECHO ADMINISTRATIVO-EXPROPIACION-OBRAS PUBLICAS-INMUEBLES,www.saij.gob.ar/LPT0103557
Tucumán,Ley,3562,"Vigente, de alcance general",1969-03-13,1969-03-18,LEY 3.562,Reestructura la Dirección Provincial de Aeronáutica.,DERECHO AERONAUTICO-AUTORIDAD AERONAUTICA-ESTRUCTURA ORGANICA,www.saij.gob.ar/LPT0103562
Tucumán,Ley,3619,"Vigente, de alcance general",1969-12-15,1969-12-19,LEY 3.619,Crea el Instituto Provincial de Vivienda y Desarrollo Urbano como Ente Autárquico.,DERECHO ADMINISTRATIVO-ORGANISMOS DEL ESTADO:CREACION-URBANISMO,www.saij.gob.ar/LPT0103619
Tucumán,Ley,3623,"Vigente, de alcance general",1970-01-26,1983-03-29,LEY 3.623,Establece la Fiscalía de Estado de la Provincia de Tucumán.,DERECHO ADMINISTRATIVO-FISCALIA DE ESTADO-ORGANISMOS DEL ESTADO:CREACION,www.saij.gob.ar/LPT0103623
Tucumán,Ley,3656,"Vigente, de alcance general",1970-06-30,1970-07-08,LEY 3.656,Ley Orgánica de policía de Tucumán.,FUERZAS DE SEGURIDAD-POLICIA PROVINCIAL-ASCENSO POLICIAL-PERSONAL POLICIAL-ESTADO POLICIAL,www.saij.gob.ar/LPT0003656
Tucumán,Ley,3658,"Vigente, de alcance general",1970-06-20,1970-07-27,LEY 3.658,Reglamenta subdivisión de propiedad rural -establece la superficie mínima de la unidad económica agraria-.,UNIDAD ECONOMICA AGRARIA-FRACCIONAMIENTO RURAL-ARRENDAMIENTOS Y APARCERIAS RURALES,www.saij.gob.ar/LPT0103658
Tucumán,Ley,3690,"Vigente, de alcance general",1971-05-18,1971-05-28,LEY 3.690,Organización y funcionamiento del registro inmobiliario provincial.,DERECHO ADMINISTRATIVO-REGISTROS PUBLICOS-INFORMACION REGISTRAL,www.saij.gob.ar/LPT0103690
Tucumán,Ley,3745,"Vigente, de alcance general",1952-03-24,1971-10-06,LEY  3.745,Reglamenta la aplicación de las leyes nacionales 19181 y 19194 y provinciales 3610 y 3739. Procedimiento para las donaciones de bienes inmuebles efectuadas por ingenios azucareros.,DERECHO ADMINISTRATIVO-CANCELACION DE DEUDAS-INGENIOS-INDUSTRIA AZUCARERA,www.saij.gob.ar/LPT0103745
Tucumán,Ley,3780,"Vigente, de alcance general",1972-01-14,1972-01-24,LEY  3.780,Fija compatibilidad del escalafón por antigüedad en la docencia con el beneficio similar correspondiente al desempeño de un cargo administrativo.,DERECHO ADMINISTRATIVO-DOCENTES-ANTIGÜEDAD,www.saij.gob.ar/LPT0103780
Tucumán,Ley,3805,Derogada,1972-04-21,1972-04-26,LEY 3.805,Aprueba el reglamento para concesiones y permisos de actividades en el área de 'El Cadillal',DERECHO ADMINISTRATIVO-CONTRATO DE CONCESION-DEBERES DEL CONCESIONARIO,www.saij.gob.ar/LPT0103805
Tucumán,Ley,3907,"Vigente, de alcance general",1973-03-13,1973-03-19,LEY  3.907,Crea dentro de la jurisdicción de la secretaría de hacienda la Dirección General de Catastro en base a división catastro parcelario dependiente del Ministerio de Economía de la Pcia.,DERECHO ADMINISTRATIVO-CATASTRO-INMUEBLES-CATASTRO GEOMETRICO PARCELARIO,www.saij.gob.ar/LPT0103907
Tucumán,Ley,3910,"Vigente, de alcance general",1973-03-16,1973-03-21,LEY  3.910,Adhiere a la ley nacional n° 20337 -ley de cooperativas- transforma la dirección provincial de cooperativas en el instituto provincial de acción cooperativa y mutual fija sus funciones.,LEY DE SOCIEDADES COOPERATIVAS-SOCIEDAD COOPERATIVA-CONSTITUCION DE SOCIEDADES-ESTATUTO SOCIAL,www.saij.gob.ar/LPT0103910
Tucumán,Ley,3941,"Vigente, de alcance general",1973-05-10,1973-05-17,LEY  3.941,Aprueba el escalafón del personal de la Administración Pública Provincial.,ADMINISTRACION PUBLICA PROVINCIAL-EMPLEADOS PUBLICOS-ESTATUTO DEL EMPLEADO PUBLICO,www.saij.gob.ar/LPT0103941
Tucumán,Ley,3965,"Vigente, de alcance general",1973-05-24,1973-07-23,LEY 3.965,"Crea el Instituto Provincial de Administración Pública, que funcionará como organismo centralizado dependiente de la Secretaria General de la Gobernación.",DERECHO ADMINISTRATIVO-ORGANISMOS DEL ESTADO:CREACION-CAPACITACION DEL PERSONAL,www.saij.gob.ar/LPT0103965
Tucumán,Ley,4029,"Vigente, de alcance general",1973-11-29,1973-12-18,LEY  4.029,"Establece que las normas promulgadas con fuerza de ley desde el 28/06/1966 por las autoridades que representaron al gobierno de facto en la provincia, serán designadas en lo sucesivo con el nombre de decretos leyes.",DERECHO CONSTITUCIONAL-FORMACION Y SANCION DE LA LEY-ORDENAMIENTO LEGISLATIVO,www.saij.gob.ar/LPT0104029
Tucumán,Texto Ordenado Ley,4537,"Vigente, de alcance general",1976-08-31,1976-09-03,LEY 4.537,Ley de Procedimiento Administrativo.,DERECHO ADMINISTRATIVO-LEY DE PROCEDIMIENTOS ADMINISTRATIVOS DE TUCUMAN,www.saij.gob.ar/LPT0004537
Tucumán,Ley,5006,"Vigente, de alcance general",1978-10-04,1978-10-12,LEY  5.006,Ley de expropiaciones.,DERECHO CONSTITUCIONAL-INMUEBLES-EXPROPIACION-DECLARACION DE UTILIDAD PUBLICA,www.saij.gob.ar/LPT0105006
Tucumán,Ley,5043,"Vigente, de alcance general",1979-01-12,1979-01-22,LEY  5.043,Ratifica la carta orgánica del Consejo Interprovincial de Ministerios   de Obras Públicas.,DERECHO ADMINISTRATIVO-OBRAS PUBLICAS,www.saij.gob.ar/LPT0105043
Tucumán,Ley,5086,"Vigente, de alcance general",1979-07-17,1979-07-25,LEY  5.086,Atribuye a la caja popular de ahorros la explotación de la quiniela. Deroga la ley 2786 y sus modificatorias.,DERECHO ADMINISTRATIVO-LOTERIA PROVINCIAL-JUEGOS DE AZAR-QUINIELA DESCRIPTORES DERECHO ADMINISTRATIVO-LOTERIA PROVINCIAL-JUEGOS DE AZAR-QUINIELA,www.saij.gob.ar/LPT0105086
Tucumán,Ley,5087,"Vigente, de alcance general",1979-07-17,1979-07-27,LEY  5.087,"Atribuye a la caja popular de ahorros la administración de los casinos para juegos de azar, deroga la ley 2698 y sus modificatorias.",DERECHO ADMINISTRATIVO-LOTERIA PROVINCIAL-JUEGOS DE AZAR-QUINIELA,www.saij.gob.ar/LPT0105087
Tucumán,Ley,5115,"Vigente, de alcance general",1979-10-12,1979-10-17,LEY 5.115,Carta Orgánica de la Caja Popular de Ahorros de la Provincia.,DERECHO ADMINISTRATIVO-BIENESTAR SOCIAL-JUEGOS DE AZAR,www.saij.gob.ar/LPT0105115
Tucumán,Ley,5121,"Vigente, de alcance general",1975-10-25,2025-12-23,LEY 5.121,Código Tributario de Tucumán. Texto consolidado por la Ley 9924,Código Tributario de Tucumán. Texto consolidado por la Ley 9924,www.saij.gob.ar/LPT0005121
Tucumán,Ley,5140,"Vigente, de alcance general",1980-01-09,1980-01-22,LEY 5.140,Ley de Contravenciones policiales de Tucumán.,CODIGO CONTRAVENCIONAL DE TUCUMAN-REGIMEN DE FALTAS-COMPETENCIA CONTRAVENCIONAL,www.saij.gob.ar/LPT0005140
Tucumán,Ley,5191,"Vigente, de alcance general",1980-06-26,1980-07-02,LEY 5.191,Procedimiento judicial - Convenio sobre comunicaciones entre tribunales de distinta jurisdicción territorial celebrado entre la Nación y la provincia de Santa Fe - Adhesión a la Ley Nacional 22.172,Procedimiento judicial - Convenio sobre comunicaciones entre tribunales de distinta jurisdicción territorial celebrado entre la Nación y la provincia de Santa Fe - Adhesión a la Ley Nacional 22.172,www.saij.gob.ar/LPT0005191
Tucumán,Ley,5380,"Vigente, de alcance general",1982-03-24,1982-03-30,LEY 5.380,Ley de loteos: reglamenta régimen sobre fraccionamiento de tierras que requiera apertura de una o más vías de circulación. Deroga ley 1272 -ley de ejidos-.,INMUEBLES-LOTEO-VENTA DE INMUEBLES FRACCIONADOS EN LOTES,www.saij.gob.ar/LPT0105380
Tucumán,Ley,539,"Vigente, de alcance general",1886-06-22,1886-07-22,LEY 539,Erige en municipio el segundo distrito del departamento de Famaillá. SANCIONADA EN FECHA 22-06-1886,DERECHO CONSTITUCIONAL-MUNICIPALIDAD-AUTONOMIA MUNICIPAL-EJIDO MUNICIPAL,www.saij.gob.ar/LPT0200539
Tucumán,Ley,5391,"Vigente, de alcance general",1982-05-11,1982-07-17,LEY 5.391,Reglamenta el pago de haberes atrasados al personal de la Administración Pública.,ADMINISTRACION PUBLICA PROVINCIAL-EMPLEADOS PUBLICOS-REMUNERACION,www.saij.gob.ar/LPT0105391
Tucumán,Ley,5454,"Vigente, de alcance general",1983-01-05,1983-01-21,LEY  5.454,Ley orgánica de Partidos Políticos,DERECHO CONSTITUCIONAL-PARTIDOS POLITICOS-CAMPAÑA ELECTORAL,www.saij.gob.ar/LPT0105454
Tucumán,Ley,5473,"Vigente, de alcance general",1983-03-18,1983-03-25,LEY 5.473,Estatuto para el personal de la Administración Pública.,DERECHO ADMINISTRATIVO-EMPLEADOS PUBLICOS-PERSONAL DE PLANTA PERMANENTE-PERSONAL NO PERMANENTE-ESTATUTO DEL EMPLEADO PUBLICO,www.saij.gob.ar/LPT0105473
Tucumán,Ley,5529,"Vigente, de alcance general",1983-09-05,1983-09-14,LEY  5.529,Régimen orgánico de municipalidades.,DERECHO CONSTITUCIONAL-MUNICIPALIDAD-AUTONOMIA MUNICIPAL-EJIDO MUNICIPAL-LIMITES JURISDICCIONALES,www.saij.gob.ar/LPT0105529
Tucumán,Ley,5563,"Vigente, de alcance general",1983-10-28,1983-11-21,LEY 5.563,Modifica la ley 5115 -Carta Orgánica de la Caja Popular-. Deroga la ley 5162.,LEY MODIFICATORIA-DERECHO ADMINISTRATIVO-BIENESTAR SOCIAL-JUEGOS DE AZAR,www.saij.gob.ar/LPT0105563
Tucumán,Ley,5567,"Vigente, de alcance general",1983-10-28,1983-11-21,LEY 5.567,Adhesión al régimen establecido por ley nacional 20320 -estatuto y escalafón único para los agentes viales provinciales-. Deroga parcialmente a la ley 5010.,DERECHO ADMINISTRATIVO-EMPLEADOS PUBLICOS-DIRECCIONES PROVINCIALES DE VIALIDAD,www.saij.gob.ar/LPT0105567
Tucumán,Ley,5633,"Vigente, de alcance general",1984-06-26,1984-07-12,LEY  5.633,Establece el c lculo para el pago del sueldo anual complementario.,DERECHO ADMINISTRATIVO-ADMINISTRACION PUBLICA PROVINCIAL-EMPLEADOS PUBLICOS-REMUNERACION,www.saij.gob.ar/LPT0105633
Tucumán,Ley,5646,"Vigente, de alcance general",1984-08-02,1984-08-27,LEY  5.646,Modifica las leyes 3924 y 5115 -cartas orgánicas del banco de la provincia y la caja popular de ahorros-.,LEY MODIFICATORIA-DERECHO ADMINISTRATIVO-BIENESTAR SOCIAL-JUEGOS DE AZAR,www.saij.gob.ar/LPT0105646
Tucumán,Ley,5650,"Vigente, de alcance general",1984-08-07,1984-09-20,LEY 5.650,"Crea la Secretaría de Estado de Trabajo, el Consejo Provincial de Trabajo y la Dirección del Trabajo.",DERECHO ADMINISTRATIVO-DERECHO LABORAL-ORGANISMOS DEL ESTADO:CREACION-FISCALIZACION ESTATAL,www.saij.gob.ar/LPT0105650
Tucumán,Ley,5652,"Vigente, de alcance general",1984-09-19,1984-10-08,LEY 5.652,Crea el Sistema Provincial de Salud (SIPROSA) como organismo autárquico. Establece plazo para dictado de ley que regule la carrera sanitaria.,SALUD PUBLICA-DERECHO A LA SALUD-ORGANISMOS DEL ESTADO-ASISTENCIA SANITARIA,www.saij.gob.ar/LPT0105652
Tucumán,Ley,5654,"Vigente, de alcance general",1984-10-18,1984-11-06,LEY  5.654,Fija la asignación de la categoría del escalafón general de la administración pública,ADMINISTRACION PUBLICA PROVINCIAL-EMPLEADOS PUBLICOS-REMUNERACION-ADICIONALES DE REMUNERACION,www.saij.gob.ar/LPT0105654
Tucumán,Ley,5670,"Vigente, de alcance general",1984-11-09,1984-12-04,LEY 5.670,Autoriza al Poder Ejecutivo y a las municipalidades a disponer la afectación de inmuebles para la erradicación y/o consolidación de barrios de emergencia.,DERECHO ADMINISTRATIVO-MUNICIPALIDAD-INMUEBLES-EXPROPIACION-EMERGENCIA HABITACIONAL,www.saij.gob.ar/LPT0105670
Tucumán,Ley,5724,"Vigente, de alcance general",1985-06-19,2010-01-11,LEY 5.724,"Declara de interés provincial la actividad lechera en la Provincia de Tucumán, y su desarrollo, explotación e industrialización. Texto consolidado por Ley 8240","Declara de interés provincial la actividad lechera en la Provincia de Tucumán, y su desarrollo, explotación e industrialización. Texto consolidado por Ley 8240",www.saij.gob.ar/LPT0005724
Tucumán,Ley,5743,"Vigente, de alcance general",1985-10-08,1985-11-05,LEY  5.743,Modifica la ley 5115 -Carta Orgánica de la Caja Popular de Ahorros,LEY MODIFICATORIA-DERECHO ADMINISTRATIVO-BIENESTAR SOCIAL-JUEGOS DE AZAR,www.saij.gob.ar/LPT0105743
Tucumán,Ley,5764,"Vigente, de alcance general",1986-05-08,1986-05-28,LEY 5.764,Autoriza la aprobación de loteos irregulares y sus remodelaciones efectuadas en contravención a las leyes 1272 y 5380.,VENTA DE INMUEBLES FRACCIONADOS EN LOTES,www.saij.gob.ar/LPT0105764
Tucumán,Ley,5854,"Vigente, de alcance general",1986-12-29,1987-02-16,LEY 5.854,"Régimen de obras públicas. Deroga las leyes 5060, 5062 y 5698.",DERECHO ADMINISTRATIVO-LEY DE OBRAS PUBLICAS-OBRAS PUBLICAS,www.saij.gob.ar/LPT0105854
Tucumán,Ley,5907,"Vigente, de alcance general",1988-04-11,1988-04-28,LEY 5.907,"Establece que las designaciones efectuadas por el poder ejecutivo en categorías 23 y 24, nivel director, tendrán carácter precario y podrán ser removidas.",DERECHO ADMINISTRATIVO-ADMINISTRACION PUBLICA PROVINCIAL-FUNCIONARIOS PUBLICOS-NOMBRAMIENTO,www.saij.gob.ar/LPT0105907
Tucumán,Ley,5920,"Vigente, de alcance general",1988-05-17,1988-06-21,LEY  5.920,Autoriza al Poder Ejecutivo a refrendar los protocolos y convenios necesarios para la integración del Norte Grande Argentino.,DERECHO CONSTITUCIONAL-DECLARACION DE INTERES PROVINCIAL-CONMEMORACIONES,www.saij.gob.ar/LPT0105920
Tucumán,Ley,5976,"Vigente, de alcance general",1989-04-11,1989-05-22,LEY 5.976,Dispone la realización de la nómina completa del personal de la administración pública. Crea el registro público de personal activo y pasivo.,DERECHO ADMINISTRATIVO-ADMINISTRACION PUBLICA PROVINCIAL-REGISTROS OFICIALES-EMPLEADOS PUBLICOS-NOMBRAMIENTO,www.saij.gob.ar/LPT0105976
Tucumán,Ley,6003,"Vigente, de alcance general",1989-11-17,1990-01-19,LEY 6.003,Adhesión provincial a la ley nacional n° 23753 sobre 'enfermedad diabética',ADHESION PROVINCIAL-LEY NACIONAL-ENFERMEDADES-PREVENCION DE ENFERMEDADES-DIABETES-CAPACIDAD LABORAL,www.saij.gob.ar/LPT0106003
Tucumán,Ley,6107,"Vigente, de alcance general",1991-04-08,1991-04-10,LEY 6.107,Reglamenta la licencia gremial del personal de la administración pública.,DERECHO ADMINISTRATIVO-EMPLEADOS PUBLICOS-LICENCIAS ESPECIALES,www.saij.gob.ar/LPT0106107
Tucumán,Ley,6119,"Vigente, de alcance general",1991-04-19,1991-04-25,LEY  6.119,Autoriza a la Secretaria de Educación y Cultura centros de alfabetización y de capacitación laboral de adultos,CULTURA Y EDUCACION-EDUCACION DE ADULTOS-ENSEÑANZA DE ADULTOS,www.saij.gob.ar/LPT0106119
Tucumán,Ley,6123,"Vigente, de alcance general",1991-04-29,1991-05-06,LEY  6.123,Fija horario para prestación de servicios en la administración pública.,DERECHO LABORAL-ADMINISTRACION PUBLICA PROVINCIAL-HORARIO DE TRABAJO,www.saij.gob.ar/LPT0106123
Tucumán,Ley,614,"Vigente, de alcance general",1890-03-24,1890-03-24,LEY 614,Crea el Registro del Estado Civil de las Personas y determina funciones.,DERECHO ADMINISTRATIVO-REGISTRO DEL ESTADO CIVIL Y CAPACIDAD DE LAS PERSONAS-ORGANISMOS DEL ESTADO:CREACION,www.saij.gob.ar/LPT0000614
Tucumán,Ley,6143,"Vigente, de alcance general",1991-05-24,1991-05-31,LEY 6.143,División territorial de la provincia en diecisiete departamentos. Deroga la ley 5988.,DERECHO ADMINISTRATIVO-MUNICIPALIDAD-LIMITES JURISDICCIONALES,www.saij.gob.ar/LPT0106143
Tucumán,Ley,6147,"Vigente, de alcance general",1991-05-24,1991-05-29,LEY 6.147,"Régimen electoral del Gobernador, Vicegobernador, de los Legisladores, de los Intendentes y Concejales.",DERECHO CONSTITUCIONAL-REGIMEN ELECTORAL-ELECCIONES PROVINCIALES,www.saij.gob.ar/LPT0106147
Tucumán,Ley,6173,"Vigente, de alcance general",1991-06-21,1991-07-11,LEY  6.173,Fija asignaciones para el personal del escalafón de seguridad.,ADMINISTRACION PUBLICA PROVINCIAL-EMPLEADOS PUBLICOS-REMUNERACION,www.saij.gob.ar/LPT0106173
Tucumán,Ley,6181,"Vigente, de alcance general",1991-07-02,1991-07-23,LEY  6.181,Reglamenta la estabilidad del personal de la administración pública.,DERECHO ADMINISTRATIVO-ADMINISTRACION PUBLICA PROVINCIAL-PERSONAL DE PLANTA PERMANENTE,www.saij.gob.ar/LPT0106181
Tucumán,Ley,6201,"Vigente, de alcance general",1991-07-30,1991-08-07,LEY  6.201,Faculta al poder ejecutivo a autorizar a la dirección provincial del agua a perforar pozos en inmuebles de particulares para la provisión de agua con fines agrícola y ganaderos.,RECURSOS HIDRICOS-AGUA POTABLE-ACTIVIDAD AGROPECUARIA,www.saij.gob.ar/LPT0106201
Tucumán,Ley,6202,"Vigente, de alcance general",1991-07-30,1991-08-07,LEY  6.202,Establece el adicional por título y antigüedad para autoridades del poder ejecutivo.,DERECHO ADMINISTRATIVO-EMPLEADOS PUBLICOS-REMUNERACION-ADICIONALES DE REMUNERACION,www.saij.gob.ar/LPT0106202
Tucumán,Ley,6205,"Vigente, de alcance general",1991-08-01,1991-08-23,LEY 6205,C¢digo Procesal Administrativo de Tucum n.,DERECHO ADMINISTRATIVO-CODIGO PROCESAL ADMINISTRATIVO DE TUCUMAN- ACTO ADMINISTRATIVO-COMPETENCIA CONTENCIOSO ADMINISTRATIVA-PROCEDIMIENTO ADMINISTRATIVO-RECURSOS ADMINISTRATIVOS,www.saij.gob.ar/LPT0006205
Tucumán,Ley,6218,"Vigente, de alcance general",1991-08-16,1991-09-10,LEY 6.218,Encomienda al instituto provincial de la vivienda y  desarrollo urbano la realización de las tareas de ejecución del 'proyecto integrado de edificación social'.,CONVENIOS INTERNACIONALES-CONVENIOS DE COOPERACION-DESARROLLO SOCIAL,www.saij.gob.ar/LPT0106218
Tucumán,Ley,6238,"Vigente, de alcance general",1991-09-02,1992-01-22,LEY 6238,Ley Orgánica del Poder Judicial.,PODER JUDICIAL-ORGANIZACION DE LA JUSTICIA-JUZGADOS PROVINCIALES,www.saij.gob.ar/LPT0006238
Tucumán,Ley,624,"Vigente, de alcance general",1892-01-13,1892-03-24,LEY  624,Crea el Archivo General de la Provincia.,DERECHO ADMINISTRATIVO-ARCHIVOS-DOCUMENTOS HISTORICOS,www.saij.gob.ar/LPT0100624
Tucumán,Ley,6274,"Vigente, de alcance general",1991-10-14,2024-12-11,LEY 6.274,"Prohibe en el territorio de la provincian, los juegos de azar y las apuestas","Prohibe en el territorio de la provincian, los juegos de azar y las apuestas",www.saij.gob.ar/LPT0006274
Tucumán,Ley,6295,"Vigente, de alcance general",1991-10-22,1991-11-12,LEY 6295,Modifica la ley n° 5115 y sus modificatorias -carta orgánica de la caja popular de ahorros-.,DERECHO ADMINISTRATIVO-BIENESTAR SOCIAL-JUEGOS DE AZAR,www.saij.gob.ar/LPT0106295
Tucumán,Ley,6336,"Vigente, de alcance general",1991-11-22,1991-12-27,LEY 6336,Incluye a las autoridades superiores del Poder Legislativo en el marco de lo normado por la ley 6202 -Adicional por título y escalafón por antigüedad,PODER LEGISLATIVO-PRESUPUESTO-REMUNERACION-ADICIONALES DE REMUNERACION,www.saij.gob.ar/LPT0106336
Tucumán,Ley,6341,"Vigente, de alcance general",1992-02-14,1992-03-03,LEY 6.341,Ley de acefalía en el Poder Ejecutivo.,DERECHO CONSTITUCIONAL-PODER EJECUTIVO PROVINCIAL-ACEFALIA,www.saij.gob.ar/LPT0106341
Tucumán,Ley,6388,"Vigente, de alcance general",1992-08-26,1992-08-29,LEY 6.388,Lucha contra el Síndrome de Inmuno Deficiencia Adquirida (SIDA). Adhesión a la Ley Nacional 23798,Lucha contra el Síndrome de Inmuno Deficiencia Adquirida (SIDA). Adhesión a la Ley Nacional 23798,www.saij.gob.ar/LPT0006388
Tucumán,Ley,6398,"Vigente, de alcance general",1992-08-26,1992-10-02,LEY  6.398,Declara residencia oficial del gobernador la vivienda donde elija residir con su núcleo familiar.,DERECHO CONSTITUCIONAL-GOBERNADOR,www.saij.gob.ar/LPT0106398
Tucumán,Ley,6423,"Vigente, de alcance general",1992-11-30,1992-12-21,LEY 6.423,Creación de la Dirección de Energía de la Provincia (DEP) a los fines de la explotación del servicio de distribución y comercialización de energía eléctrica,ADMINISTRACION PUBLICA PROVINCIAL-ORGANISMOS DEL ESTADO:CREACION-DISTRIBUCION DE ENERGIA ELECTRICA-ENTES PROVINCIALES REGULADORES DE SERVICIOS PUBLICOS,www.saij.gob.ar/LPT0106423
Tucumán,Ley,6445,"Vigente, de alcance general",1993-03-25,1993-05-05,LEY 6.445,Declara sujeto a privatización mediante concesión la prestación de los servicios que a la fecha tiene la actual dirección provincial de obras sanitarias,DERECHO ADMINISTRATIVO-PRIVATIZACIONES-CUADRO TARIFARIO-PROVISION DE AGUA POTABLE,www.saij.gob.ar/LPT0106445
Tucumán,Ley,6450,"Vigente, de alcance general",1993-04-20,1993-06-17,LEY  6.450,Establece las jurisdicciones electorales de las comunas rurales al solo fin de la elección de comisionados comunales.,DERECHO CONSTITUCIONAL-REGIMEN ELECTORAL-ELECCIONES PROVINCIALES-ZONA RURAL-LIMITES JURISDICCIONALES,www.saij.gob.ar/LPT0106450
Tucumán,Ley,6498,"Vigente, de alcance general",1993-11-05,1993-12-02,LEY  6.498,Adhiere la provincia a la ley nacional 23843 -Creación del Consejo Federal Agropecuario-.,ADHESION PROVINCIAL-LEY NACIONAL-CONSEJO FEDERAL AGROPECUARIO:CREACION,www.saij.gob.ar/LPT0106498
Tucumán,Ley,6508,"Vigente, de alcance general",1993-11-09,1993-12-20,LEY  6.508,Deja  sin  efecto el cobro centralizado por parte de entidades profesionales en la percepción de honorarios de profesionales liberales.,ACTIVIDADES ECONOMICAS-EJERCICIO PROFESIONAL-COBRO DE HONORARIOS,www.saij.gob.ar/LPT0106508
Tucumán,Ley,6509,"Vigente, de alcance general",1993-12-07,1993-12-20,LEY  6.509,Adhiere la provincia de Tucumán a las políticas tarifarias establecidas por los artículos 40 y 41 de la ley nacional N° 24065,ENERGIA ELECTRICA-DISTRIBUCION DE ENERGIA ELECTRICA-ADHESION PROVINCIAL,www.saij.gob.ar/LPT0106509
Tucumán,Ley,6529,"Vigente, de alcance general",1993-12-30,1994-02-02,LEY 6529,Marco regulatorio de la concesión de los servicios de provisión de agua potable y recolección de efluentes cloacales de la provincia de Tucumán.,DERECHO ADMINISTRATIVO-SERVICIOS SANITARIOS-PROVISION DE AGUA POTABLE-REDES CLOACALES-CONTRATO DE CONCESION,www.saij.gob.ar/LPT0106529
Tucumán,Ley,6538,"Vigente, de alcance general",1994-03-22,1994-04-26,LEY  6.538,Modifica planta de cargos del personal permanente en el departamento general de policía.,DERECHO ADMINISTRATIVO-PERSONAL POLICIAL-ESTRUCTURA ORGANICA,www.saij.gob.ar/LPT0106538
Tucumán,Ley,6556,"Vigente, de alcance general",1994-05-13,1994-06-14,LEY 6.556,Crea el sistema estadístico provincial (SEP) fijando misiones y funciones.,DERECHO ADMINISTRATIVO-ESTADISTICAS-CENSOS DE POBLACION Y VIVIENDA,www.saij.gob.ar/LPT0106556
Tucumán,Ley,6571,"Vigente, de alcance general",1994-06-17,1994-08-22,LEY 6.571,Establece plazo a las oficinas públicas para evacuar informes requeridos por las comisiones de la H. Legislatura.,DERECHO CONSTITUCIONAL-PODER LEGISLATIVO-PEDIDO DE INFORMES-PLAZO,www.saij.gob.ar/LPT0106571
Tucumán,Ley,6576,"Vigente, de alcance general",1994-06-30,1994-08-23,LEY  6.576,Establece el régimen de consorcios camineros en la provincia de Tucumán para coadyuvar al mantenimiento de la red vial.,DERECHO ADMINISTRATIVO-CONSORCIOS CAMINEROS-VIALIDAD,www.saij.gob.ar/LPT0106576
Tucumán,Ley,6582,"Vigente, de alcance general",1994-06-30,1994-09-06,LEY 6.582,Faculta al Poder Ejecutivo a abonar con bonos 'del tesoro de la provincia de Tucumán independencia',DERECHO ADMINISTRATIVO-DEUDA PUBLICA-BONOS DE CONSOLIDACION,www.saij.gob.ar/LPT0106582
Tucumán,Ley,6598,"Vigente, de alcance general",1994-10-28,1994-11-23,LEY 6.598,Establece plazo para la remisión a la Honorable Legislatura de los tratados y convenios que celebre el Poder Ejecutivo.,DERECHO CONSTITUCIONAL-CONVENIOS CON LA NACION-VALIDEZ CONSTITUCIONAL,www.saij.gob.ar/LPT0106598
Tucumán,Ley,6608,"Vigente, de alcance general",1994-12-12,1995-01-06,LEY 6.608,Marco regulatorio para la distribución de energía en la provincia. Crea el fondo provincial de energía eléctrica.,DERECHO ADMINISTRATIVO-ENERGIA ELECTRICA-DISTRIBUCION DE ENERGIA ELECTRICA-FONDOS ESPECIALES,www.saij.gob.ar/LPT0106608
Tucumán,Ley,6644,"Vigente, de alcance general",1995-07-28,1995-08-15,LEY 6.644,Defensor del Pueblo,DERECHO CONSTITUCIONAL-FACULTADES DEL OMBUDSMAN-OMBUDSMAN-DEFENSOR DEL PUEBLO,www.saij.gob.ar/LPT0106644
Tucumán,Ley,6686,"Vigente, de alcance general",1993-04-27,1995-10-23,LEY 6.686,Ley reglamentaria de decretos de necesidad y urgencia,DERECHO CONSTITUCIONAL-DECRETO DE NECESIDAD Y URGENCIA-RATIFICACION LEGISLATIVA,www.saij.gob.ar/LPT0106686
Tucumán,Ley,6693,Derogada,1995-08-11,1995-11-02,LEY  6.693,"Crea registro oficial de leyes, dependiente de la H. Legislatura.",DERECHO CONSTITUCIONAL-REGISTROS OFICIALES-PUBLICACION DE LA LEY,www.saij.gob.ar/LPT0106693
Tucumán,Ley,6697,Derogada,1995-08-12,1995-11-15,LEY 6.697,Establece preferencia ante paridad de oferta en la adquisición de productos y/o contratación de servicios a empresas radicadas en la provincia 'Compre Tucumán',DERECHO ADMINISTRATIVO-COMPRE PROVINCIAL-DEFENSA DEL TRABAJO ARGENTINO,www.saij.gob.ar/LPT0106697
Tucumán,Ley,6716,"Vigente, de alcance general",1995-12-12,1995-12-21,LEY  6.716,"Establece que el Registro Oficial de Leyes y Decretos será el encargado de registrar, publicar y archivar las leyes promulgadas durante la vigencia de la ley N° 6693",DERECHO CONSTITUCIONAL-REGISTROS OFICIALES-PUBLICACION DE LA LEY,www.saij.gob.ar/LPT0106716
Tucumán,Ley,6739,"Vigente, de alcance general",1996-01-31,1996-02-20,LEY 6.739,Deroga el último párrafo del artículo 1° de la ley 6202 y sus modificatorias -adicionales por título y escalafón para funcionarios del Poder Ejecutivo,DERECHO ADMINISTRATIVO-FUNCIONARIOS PUBLICOS-REMUNERACION,www.saij.gob.ar/LPT0106739
Tucumán,Ley,6756,"Vigente, de alcance general",1996-04-26,1996-05-10,LEY  6.756,Crea Juzgados Contravencionales para el Centro Judicial Capital y Concepción,DERECHO CONSTITUCIONAL-PODER JUDICIAL-COMPETENCIA CONTRAVENCIONAL-JUZGADOS PROVINCIALES,www.saij.gob.ar/LPT0106756
Tucumán,Ley,6762,"Vigente, de alcance general",1996-04-26,1996-05-21,LEY 6.762,Dispone la disolución definitiva de la Dirección Provincial de Obras Sanitarias Remanente (DIPOS-R),DERECHO ADMINISTRATIVO-ORGANISMOS DEL ESTADO-SUPRESION DEL ORGANISMO,www.saij.gob.ar/LPT0106762
Tucumán,Ley,6763,"Vigente, de alcance general",1996-05-17,1996-05-22,LEY 6.763,Declara sujeto a privatización el 75% del paquete accionario del banco del Tucumán S.A. reteniendo la provincia el 20% y entregando el 5% para el personal en relación de dependencia.,DERECHO ADMINISTRATIVO-VENTA DEL PAQUETE ACCIONARIO-BANCOS PROVINCIALES-PRIVATIZACIONES,www.saij.gob.ar/LPT0106763
Tucumán,Ley,6779,"Vigente, de alcance general",1996-10-03,1996-10-09,LEY  6.779,Establece que los Poderes Legislativo y Judicial y los servicios administrativos dependientes del Poder Ejecutivo abonen un importe mensual en carácter de pago a cuenta del beneficio jubilatorio,PODERES DEL ESTADO-REMUNERACION-EMPLEADOS PUBLICOS,www.saij.gob.ar/LPT0106779
Tucumán,Ley,6808,"Vigente, de alcance general",1996-12-27,1997-01-28,LEY 6.808,"Establece que los intendentes y comisionados comunales podrán pedir, en cualquier momento de su gestión y hasta 60 días antes de finalizar la misma, una auditoría integral",DERECHO ADMINISTRATIVO-PODER EJECUTIVO PROVINCIAL-FUNCIONARIOS PUBLICOS,www.saij.gob.ar/LPT0106808
Tucumán,Ley,6817,"Vigente, de alcance general",1997-04-15,1997-05-14,LEY 6.817,Prohibición de fumar en diversos lugares del territorio de la Provincia,Prohibición de fumar en diversos lugares del territorio de la Provincia,www.saij.gob.ar/LPT0006817
Tucumán,Ley,6837,"Vigente, de alcance general",1997-08-27,1997-09-01,LEY  6.837,Deroga ley Nº 6826 y restablece la plena vigencia de las leyes Nº 6445 y 6529 y sus modificatorias,DERECHO ADMINISTRATIVO-PRIVATIZACIONES-EMPRESAS DEL ESTADO,www.saij.gob.ar/LPT0106837
Tucumán,Ley,6846,"Vigente, de alcance general",1997-09-29,1997-10-27,LEY 6.846,"Régimen de caducidad de los proyectos de ley, resolución y declaración",DERECHO CONSTITUCIONAL-TECNICA LEGISLATIVA-FORMACION Y SANCION DE LA LEY-PROYECTO DE LEY,www.saij.gob.ar/LPT0106846
Tucumán,Ley,6937,"Vigente, de alcance general",1998-10-20,1999-03-01,LEY 6.937,Modifica la ley N° 6756 -Creación de Juzgados Contravencionales-.,DERECHO CONSTITUCIONAL-PODER JUDICIAL-COMPETENCIA CONTRAVENCIONAL-JUZGADOS PROVINCIALES,www.saij.gob.ar/LPT0106937
Tucumán,Ley,6944,"Vigente, de alcance general",1995-10-09,1999-03-08,LEY,CODIGO PROCESAL CONSTITUCIONAL. Texto Consolidado,CODIGO PROCESAL CONSTITUCIONAL,www.saij.gob.ar/LPT0006944
Tucumán,Ley,6982,"Vigente, de alcance general",1999-10-13,1999-11-08,LEY 6.982,"Deportes. El Estado Provincial atenderá el deporte en sus diversas disciplinas, reconociendo y garantizando el derecho de los habitantes de la Provincia, a la enseñanza y práctica del deporte","Deportes. El Estado Provincial atenderá el deporte en sus diversas disciplinas, reconociendo y garantizando el derecho de los habitantes de la Provincia, a la enseñanza y práctica del deporte",www.saij.gob.ar/LPT0006982
Tucumán,Ley,7006,"Vigente, de alcance general",1999-12-29,2000-01-21,LEY  7.006,Autoriza cesión de haberes de agentes de la administración pública para adquisición de bienes y servicios.,DERECHO ADMINISTRATIVO-ADMINISTRACION PUBLICA PROVINCIAL-LIQUIDACION DE HABERES,www.saij.gob.ar/LPT0107006
Tucumán,Ley,7007,"Vigente, de alcance general",2000-02-11,2000-02-21,LEY  7.007,Dispone liquidación de vales alimentarios,ADMINISTRACION PUBLICA PROVINCIAL-REMUNERACION-ADICIONALES DE REMUNERACION,www.saij.gob.ar/LPT0107007
Tucumán,Ley,7037,"Vigente, de alcance general",2000-06-23,2000-07-14,LEY 7037,Crea el Consejo Provincial de Comercio Exterior como órgano de asesoramiento y consulta para el desarrollo del mercado exportador en el ámbito del gobierno de la provincia de Tucumán.,DERECHO ADMINISTRATIVO-ORGANISMOS DEL ESTADO:CREACION-COMERCIO EXTERIOR,www.saij.gob.ar/LPT0107037
Tucumán,Ley,7048,"Vigente, de alcance general",2000-07-07,2000-08-04,LEY  7.048,Modifica el art 22 de la ley 5115 -carta orgánica de la Caja popular de Ahorros de la Provincia-.,DERECHO ADMINISTRATIVO-BIENESTAR SOCIAL-JUEGOS DE AZAR-OPERACIONES FINANCIERAS-CAJAS PREVISIONALES,www.saij.gob.ar/LPT0107048
Tucumán,Ley,7071,"Vigente, de alcance general",2000-07-09,2000-10-19,LEY 7.071,Designa a las universidades consultoras preferenciales del estado provincial.,DERECHO ADMINISTRATIVO-UNIVERSIDADES PROVINCIALES-CONSULTORAS,www.saij.gob.ar/LPT0107071
Tucumán,Ley,7104,"Vigente, de alcance general",2000-12-14,2001-01-17,LEY 7.104,Creación del Registro de Deudores Alimentarios,REGISTRO DE DEUDORES ALIMENTARIOS MOROSOS-INCUMPLIMIENTO DE LA OBLIGACION ALIMENTARIA,www.saij.gob.ar/LPT0107104
Tucumán,Ley,7107,"Vigente, de alcance general",2000-12-14,2001-01-17,LEY 7.107,Creación en el Ministerio de Desarrollo Social el Registro Provincial de madre soltera o jefa de hogar.,DERECHO ADMINISTRATIVO-REGISTROS OFICIALES:CREACION-MADRE SOLTERA,www.saij.gob.ar/LPT0107107
Tucumán,Ley,7141,"Vigente, de alcance general",2001-06-11,2001-06-28,LEY 7.141,Creación de la Dirección Provincial del Agua que dependerá jerárquicamente de la Secretaría de Estado de Obras y Servicios Públicos de la provincia.,DERECHO ADMINISTRATIVO-ORGANISMOS DEL ESTADO:CREACION-RECURSOS HIDRICOS,www.saij.gob.ar/LPT0107141
Tucumán,Ley,7142,"Vigente, de alcance general",2001-06-11,2001-07-10,LEY 7.142,Creación del sistema alternativo de pago de infraestructura pública para los tres poderes del estado,DERECHO ADMINISTRATIVO-OBRA DE INFRAESTRUCTURA-SERVICIO PUBLICO,www.saij.gob.ar/LPT0107142
Tucumán,Ley,7155,"Vigente, de alcance general",2003-10-03,2003-11-10,LEY 7.313,Faculta al poder ejecutivo a disponer el traslado y afectación de personal técnico para realización de tareas específicas.,DERECHO ADMINISTRATIVO-PODER EJECUTIVO PROVINCIAL-TRASLADO DEL PERSONAL,www.saij.gob.ar/LPT0107155
Tucumán,Ley,7170,"Vigente, de alcance general",2001-12-11,2001-12-13,LEY  7.170,Dispone la adhesión de la provincia al 'Régimen para la promoción de la participación privada en el desarrollo de infraestructura'.,ACTIVIDADES ECONOMICAS-REGIMEN PARA LA PROMOCION DE LA PARTICIPACION PRIVADA EN EL DESARROLLO DE INFRAESTRUCTURA-PROGRAMAS DE INVERSION,www.saij.gob.ar/LPT0107170
Tucumán,Ley,7238,"Vigente, de alcance general",2001-05-24,2002-12-02,LEY 7.238,Creación del Consejo Provincial de la Mujer,DERECHO ADMINISTRATIVO-ORGANISMOS DEL ESTADO:CREACION-PROTECCION DE LA MUJER-DERECHOS DE LA MUJER,www.saij.gob.ar/LPT0107238
Tucumán,Ley,7240,"Vigente, de alcance general",2002-05-30,2002-12-06,LEY 7.240,Establece como requisito de permanencia en los niveles políticos o jerárquicos de la función pública el carecer de adicción a drogas ilegales.,DERECHO ADMINISTRATIVO-FUNCIONARIOS PUBLICOS-NOMBRAMIENTO-ADICCIONES,www.saij.gob.ar/LPT0107240
Tucumán,Ley,7242,"Vigente, de alcance general",2002-06-04,2002-12-02,LEY  7.242,"Creación del registro de sanciones e inhabilitaciones de la administración pública, designando autoridad de aplicación al tribunal de cuentas de la provincia.",DERECHO ADMINISTRATIVO-REGISTROS OFICIALES:CREACION-ADMINISTRACION PUBLICA PROVINCIAL-TRIBUNAL DE CUENTAS-SANCIONES ADMINISTRATIVAS,www.saij.gob.ar/LPT0107242
Tucumán,Ley,7243,"Vigente, de alcance general",2001-07-06,2002-12-20,LEY 7.243,Creación del Instituto Provincial de Lucha contra el alcoholismo -IPLA,DERECHO ADMINISTRATIVO-PREVENCION DE ENFERMEDADES-ORGANISMOS DEL ESTADO:CREACION-ALCOHOLISMO,www.saij.gob.ar/LPT0107243
Tucumán,Ley,7247,"Vigente, de alcance general",2002-11-05,2002-12-12,LEY 7.247,Creación del 'Centro de Información Ambiental Pública'.,DERECHO ADMINISTRATIVO-POLITICA AMBIENTAL-INFORMACION AMBIENTAL,www.saij.gob.ar/LPT0107247
Tucumán,Ley,7291,"Vigente, de alcance general",2003-10-09,2003-11-07,LEY 7.291,Dispone la adhesión de la provincia a la ley nacional 25506 -firma digital-.,ADHESION PROVINCIAL-LEY NACIONAL-LEY DE FIRMA DIGITAL-FIRMA DIGITAL-DOCUMENTO ELECTRONICO-FIRMA ELECTRONICA-CERTIFICADO DIGITAL,www.saij.gob.ar/LPT0107291
Tucumán,Ley,7292,"Vigente, de alcance general",2003-10-09,2003-11-07,LEY 7.292,Establece la incompatibilidad absoluta del ejercicio de cualquier profesión liberal con la función de legislador provincial.,DERECHO CONSTITUCIONAL-INCOMPATIBILIDAD DE CARGOS-LEGISLADORES,www.saij.gob.ar/LPT0107292
Tucumán,Ley,7313,"Vigente, de alcance general",2003-10-03,2003-11-10,LEY 7313,Faculta al Poder Ejecutivo a disponer el traslado y afectación de personal técnico para realización de tareas específicas.,DERECHO ADMINISTRATIVO-TRASLADO DEL PERSONAL-PODER EJECUTIVO PROVINCIAL,www.saij.gob.ar/LPT0107313
Tucumán,Ley,7345,"Vigente, de alcance general",2003-12-30,2004-01-30,LEY 7.345,Dispone la adhesión de la provincia a la Ley Nacional 25.790 sobre renegociación de contratos de obras y servicios públicos,ADHESION PROVINCIAL-LEY NACIONAL-SERVICIOS PUBLICOS-CONTRATO DE OBRA PUBLICA-CONTRATOS DE SERVICIOS-RENEGOCIACION DEL CONTRATO,www.saij.gob.ar/LPT0107345
Tucumán,Ley,7352,"Vigente, de alcance general",2004-01-21,2004-02-04,LEY 7.352,Rechaza decreto con invocación a necesidad y urgencia n° 85/1 (mdp) del 15/01/04 mediante el cual se aprueba el régimen tarifario único de los servicios públicos de provisión de agua potable,DERECHO ADMINISTRATIVO-RECURSOS HIDRICOS-PROVISION DE AGUA POTABLE,www.saij.gob.ar/LPT0107352
Tucumán,Ley,7391,"Vigente, de alcance general",2004-05-06,2004-06-10,LEY  7.391,Somete a la presente ley todo servicio de acceso a la red de internet mundial en forma gratuita u onerosa. Establece la obligatoriedad de instalar filtros o bloqueadores.,DERECHO INFORMATICO-INTERNET-BUSCADORES DE INTERNET-PROVEEDOR DE INTERNET,www.saij.gob.ar/LPT0107391
Tucumán,Ley,7404,"Vigente, de alcance general",2004-07-15,2004-08-11,LEY 7.404,Dispone la creación de la edición digital diaria del boletín oficial de la provincia,DERECHO ADMINISTRATIVO-ORGANISMOS DEL ESTADO:CREACION-BOLETIN OFICIAL DIGITAL,www.saij.gob.ar/LPT0107404
Tucumán,Ley,7413,"Vigente, de alcance general",2004-08-03,2004-09-01,LEY  7.413,Establece que se dará preferencia a cooperativas constituidas y radicadas en la provincia para la adquisición de bienes y servicios en licitaciones que realice el Poder Ejecutivo.,DERECHO ADMINISTRATIVO-LICITACION-SOCIEDAD COOPERATIVA,www.saij.gob.ar/LPT0107413
Tucumán,Ley,7452,"Vigente, de alcance general",2004-10-01,2004-11-02,LEY  7.452,"Crea el plan de ayuda al personal temporario de la actividad azucarera, citrícola, gastronómica y otras afines.",DERECHO LABORAL-DEFENSA DEL EMPLEO-EMPLEO PUBLICO-PERSONAL TEMPORARIO-INDUSTRIA AZUCARERA,www.saij.gob.ar/LPT0107452
Tucumán,Ley,7469,"Vigente, de alcance general",2004-12-22,2004-12-28,LEY 7.469,Declara la necesidad de la reforma parcial de la Constitución.,DERECHO CONSTITUCIONAL-CONSTITUCION PROVINCIAL-REFORMA DE LA CONSTITUCION,www.saij.gob.ar/LPT0107469
Tucumán,Ley,7477,"Vigente, de alcance general",2004-12-03,2005-01-07,LEY 7.477,"Fija pautas de participación de artistas locales en eventos, espectáculos y festivales organizados y/o subsidiados por la Administración Pública.",DERECHO ADMINISTRATIVO-POLITICA CULTURAL-PROMOCION CULTURAL-ARTISTAS-FESTIVALES ARTISTICOS,www.saij.gob.ar/LPT0107477
Tucumán,Ley,7491,"Vigente, de alcance general",2004-12-17,2005-01-17,LEY 7.491,Crea el Registro Provincial Unico de Desarmaderos de Automotores.,DERECHO ADMINISTRATIVO-REGISTROS OFICIALES:CREACION-REGISTRO UNICO DE DESARMADEROS DE AUTOMOTORES Y ACTIVIDADES AFINES-DESARMADO DE AUTOMOTORES,www.saij.gob.ar/LPT0107491
Tucumán,Ley,7494,Derogada,2004-12-29,2005-01-28,LEY 7.494,Dispone a los concesionarios de transporte la obligación de brindar servicio gratuitamente a las personas con discapacidad,DERECHOS HUMANOS-PERSONAS CON DISCAPACIDAD-TRANSPORTE DE PASAJEROS,www.saij.gob.ar/LPT0007494
Tucumán,Ley,7500,"Vigente, de alcance general",2004-12-29,2005-02-02,LEY 7.500,Sistema de protección del patrimonio cultural de la Provincia,Sistema de protección del patrimonio cultural de la Provincia,www.saij.gob.ar/LPT0007500
Tucumán,Ley,7523,"Vigente, de alcance general",2005-01-12,2005-02-22,LEY 7.523,Crea el registro único de sentencias condenatorias para delitos que conlleven pena de inhabilitación para conducir vehículos.,DERECHO ADMINISTRATIVO-REGISTRO DE SENTENCIAS CONDENATORIAS:CREACION-DELITOS,www.saij.gob.ar/LPT0107523
Tucumán,Ley,7535,"Vigente, de alcance general",2004-07-15,2005-04-08,LEY 7.535,Bienes integrantes del patrimonio cultural provincial.,CULTURA Y EDUCACION-PATRIMONIO CULTURAL-LUGARES HISTORICOS,www.saij.gob.ar/LPT0007535
Tucumán,Ley,7563,"Vigente, de alcance general",2005-06-13,2005-06-15,LEY 7.563,Autoriza al Instituto Provincial de la Vivienda y Desarrollo Urbano a hacer uso de la vía de excepción prevista en artículo 12 inciso 4 de la ley 5854 -Obras Públicas-.,DERECHO ADMINISTRATIVO-BIENESTAR SOCIAL-INSTITUTOS PROVINCIALES DE LA VIVIENDA,www.saij.gob.ar/LPT0107563
Tucumán,Ley,7575,"Vigente, de alcance general",2005-05-31,2005-07-18,LEY 7.575,Prohibición de fumar. Autoridad de Aplicación. Modifica la ley 6817,Prohibición de fumar. Autoridad de Aplicación. Modifica la ley 6817,www.saij.gob.ar/LPT0007575
Tucumán,Ley,7649,"Vigente, de alcance general",2005-09-30,2005-11-10,LEY 7.649,Creación del Ente Provincial Bicentenario Tucumán 2016.,DERECHO ADMINISTRATIVO-ENTES AUTARQUICOS PROVINCIALES-ORGANISMOS AUTARQUICOS,www.saij.gob.ar/LPT0107649
Tucumán,Ley,7667,"Vigente, de alcance general",2005-11-03,2005-12-05,LEY 7.667,Crea el Registro de Fabricantes y Comerciantes de prendas de vestir para adolescentes.,DERECHO ADMINISTRATIVO-ACTIVIDADES ECONOMICAS-REGISTROS OFICIALES:CREACION,www.saij.gob.ar/LPT0107667
Tucumán,Ley,7691,"Vigente, de alcance general",2005-12-15,2006-01-10,LEY 7.691,"DECLARA EL ESTADO DE EMERGENCIA EN LOS ESTABLECIMIENTOS EDUCATIVOS, SANITARIOS, DE SEGURIDAD Y DE ASISTENCIA SOCIAL, POR SUS CONDICIONES DE MANTENIMIENTO Y FUNCIONALIDAD.",DERECHO ADMINISTRATIVO-EMERGENCIAS SOCIALES-ESTABLECIMIENTOS EDUCACIONALES-INFRAESTRUCTURA EDILICIA,www.saij.gob.ar/LPT0107691
Tucumán,Ley,7705,"Vigente, de alcance general",2005-12-15,2006-01-17,LEY  7.705,Juzgados de Ejecución en lo Penal. Modifica la ley N° 6203 -Código Procesal Penal-.,CODIGO PROCESAL PENAL DE TUCUMAN-EJECUCION DE LA PENA-LIBERTAD ASISTIDA,www.saij.gob.ar/LPT0107705
Tucumán,Ley,7732,"Vigente, de alcance general",2006-03-30,2006-05-11,LEY  7.732,Declara en estado de emergencia al servicio de provisión de agua potable y saneamiento en las zonas turísticas de montaña de la provincia.,DERECHO ADMINISTRATIVO-EMERGENCIAS SOCIALES-PROVISION DE AGUA POTABLE-ORGANISMOS DEL ESTADO,www.saij.gob.ar/LPT0107732
Tucumán,Ley,7739,"Vigente, de alcance general",2006-03-30,2006-05-04,LEY 7.739,Autoriza al Poder Ejecutivo a disponer de los objetos depositados en estado de chatarra bajo la custodia del Estado,"DERECHO ADMINISTRATIVO-PODER EJECUTIVO PROVINCIAL-COMERCIALIZACION DE CHATARRA, HIERRO Y ACERO-DEPOSITO DE BIENES EMBARGADOS",www.saij.gob.ar/LPT0107739
Tucumán,Ley,7750,"Vigente, de alcance general",2006-05-31,2006-06-06,LEY  7.750,Establece horarios límite de apertura y cierre de locales bailables y de espectáculos nocturnos,ESTABLECIMIENTO COMERCIAL-HORARIO DE ATENCION AL PUBLICO-CONTROL DE ACTIVIDADES NOCTURNAS,www.saij.gob.ar/LPT0107750
Tucumán,Ley,7785,"Vigente, de alcance general",2006-06-01,2006-08-09,LEY 7.785,Creación del Registro Público de Administradores de Consorcio de propiedad horizontal.,DERECHO ADMINISTRATIVO-REGISTROS OFICIALES:CREACION-ADMINISTRADOR DEL CONSORCIO-CONTROL ESTATAL,www.saij.gob.ar/LPT0107785
Tucumán,Ley,7786,"Vigente, de alcance general",2006-08-28,2006-09-01,LEY 7.786,Faculta al Instituto Provincial de la Vivienda y Desarrollo Urbano a suscribir un convenio con el Banco del Tucumán para habilitar líneas de crédito.,DERECHO ADMINISTRATIVO-INSTITUTOS PROVINCIALES DE LA VIVIENDA-CONVENIOS DE COOPERACION-PLANEAMIENTO URBANO,www.saij.gob.ar/LPT0107786
Tucumán,Ley,7836,"Vigente, de alcance general",1952-03-24,2006-11-01,LEY  7.836,Dispone la habilitación de un espacio en edificios afectados al funcionamiento de la administración pública provincial para la exhibición de obras de arte.,DERECHO ADMINISTRATIVO-EDIFICIOS PUBLICOS-INFRAESTRUCTURA EDILICIA-OBRAS DE ARTE,www.saij.gob.ar/LPT0107836
Tucumán,Ley,7860,"Vigente, de alcance general",2006-12-05,2007-01-03,LEY 7.860,"Creación del Departamento de Protección de Testigos, dependiente de la Secretaría de Derechos Humanos.",DERECHO ADMINISTRATIVO-ORGANISMOS DEL ESTADO:CREACION-PROMOCION DE LOS DERECHOS HUMANOS-PROTECCION DE TESTIGOS,www.saij.gob.ar/LPT0107860
Tucumán,Ley,7869,"Vigente, de alcance general",2006-12-26,2007-01-24,LEY  7.869,Dispone la vigencia en todo el territorio de la provincia de las normas argentinas para construcciones sismorresistentes.,DERECHO ADMINISTRATIVO-CONSTRUCCIONES ANTISISMICAS-INGENIERIA ANTISISMICA,www.saij.gob.ar/LPT0107869
Tucumán,Ley,7876,"Vigente, de alcance general",2007-02-12,2007-03-01,LEY  7.876,Régimen Electoral de la provincia.,DERECHO ELECTORAL-ELECCIONES PROVINCIALES-SISTEMA ELECTORAL-REGISTRO DE ELECTORES,www.saij.gob.ar/LPT0107876
Tucumán,Ley,7878,"Vigente, de alcance general",2007-02-12,2007-04-09,LEY 7.878,Reglamenta la intervención de los organismos o entes autárquicos provinciales.,DERECHO ADMINISTRATIVO-ENTES AUTARQUICOS PROVINCIALES-INTERVENCION ESTATAL,www.saij.gob.ar/LPT0107878
Tucumán,Ley,789,"Vigente, de alcance general",1900-10-29,1900-10-29,LEY 789,Erige en municipio la población de Concepción.,DERECHO CONSTITUCIONAL-MUNICIPALIDAD-AUTONOMIA MUNICIPAL,www.saij.gob.ar/LPT0100789
Tucumán,Ley,7938,"Vigente, de alcance general",2007-09-04,2007-10-24,LEY 7.938,Establece un cargo especial por infraestructura para obras nuevas o refacciones que incluyan servicios sanitarios,DERECHO ADMINISTRATIVO-SERVICIOS SANITARIOS-OBRAS SANITARIAS,www.saij.gob.ar/LPT0107938
Tucumán,Ley,7945,"Vigente, de alcance general",2007-10-09,2007-11-07,LEY 7.945,Aprueba el convenio marco referido a la ejecución de obras para resolver el problema de anegamientos y daños en la infraestructura causado por las precipitaciones,DERECHO ADMINISTRATIVO-CONVENIOS CON LA NACION-CONVENIOS DE COOPERACION-INUNDACION,www.saij.gob.ar/LPT0107945
Tucumán,Ley,7971,"Vigente, de alcance general",2007-11-29,2007-12-28,LEY 7.971,Reglamenta la valuación de inmuebles en el territorio provincial.,DERECHO ADMINISTRATIVO-INMUEBLES-VALUACION FISCAL,www.saij.gob.ar/LPT0107971
Tucumán,Ley,7978,"Vigente, de alcance general",2007-12-20,2008-01-03,LEY  7.978,"Establece que a los fines de los artículos 126 7 127 de la constitución de la provincia, el poder ejecutivo deberá convocar a los abogados a elegir sus representantes para conformar el jurado de enjuiciamiento.",DERECHO CONSTITUCIONAL-JURADO DE ENJUICIAMIENTO-ENJUICIAMIENTO DE MAGISTRADOS,www.saij.gob.ar/LPT0107978
Tucumán,Ley,8197,"Vigente, de alcance general",2009-08-06,2009-08-12,LEY 8.197,Crea el Consejo Asesor de la Magistratura,Crea el Consejo Asesor de la Magistratura,www.saij.gob.ar/LPT0008197
Tucumán,Ley,8240,Derogada,2009-10-13,2010-01-11,LEY 8.240,Digesto Jurídico de Tucumán. Derogación de la Ley 8153.,DERECHO CONSTITUCIONAL-DIGESTO JURIDICO-ORDENAMIENTO LEGISLATIVO,www.saij.gob.ar/LPT0008240
Tucumán,Ley,8329,"Vigente, de alcance general",2010-08-20,2010-09-07,LEY 8.329,Obras de infraestructura,DERECHO ADMINISTRATIVO-SERVICIOS SANITARIOS-OBRAS SANITARIAS,www.saij.gob.ar/LPT0008329
Tucumán,Ley,8342,"Vigente, de alcance general",2010-09-17,2010-09-27,LEY 8.342,Declara el estado de emergencia del sistema eléctrico de transporte por distribución troncal en el ámbito provincial hasta el 31 de Diciembre de 2026.,Declara el estado de emergencia del sistema eléctrico de transporte por distribución troncal en el ámbito provincial hasta el 31 de Diciembre de 2026.,www.saij.gob.ar/LPT0008342
Tucumán,Ley,8360,"Vigente, de alcance general",2010-09-30,2010-10-18,LEY 8360,Crea tres (3) Juzgados en lo Civil en Familia y Sucesiones,CREACION DE TRES JUZGADOS EN LO CIVIL EN FAMILIA Y SUCESIONES EN EL CENTROS JUDICIAL CAPITAL,www.saij.gob.ar/LPT0008360
Tucumán,Ley,8444,"Individual, Solo Modificatoria o Sin Eficacia",2011-09-09,2011-10-06,LEY N. 8.444,Implementación de la Valuación Inmobiliaria,LEY MODIFICATORIA-DERECHO ADMINISTRATIVO-INMUEBLES-VALUACION FISCAL,www.saij.gob.ar/LPT0008444
Tucumán,Ley,8479,"Vigente, de alcance general",2011-12-22,2012-01-23,LEY 8.479,Creación del Ente Único de Control y Regulación de los Servicios Públicos Provinciales de Tucumán (ERSEPT),DERECHO ADMINISTRATIVO-SERVICIOS SANITARIOS-PROVISION DE AGUA POTABLE-REDES CLOACALES-CONTRATO DE CONCESION,www.saij.gob.ar/LPT0008479
Tucumán,Ley,8502,"Vigente, de alcance general",2012-05-10,2012-05-30,LEY 8.502,"Retención preventiva del vehículo o retiro de la vía pública, por infracciones y/o contravenciones","REGIMEN APLICABLE PARA TODO VEHICULO, OBJETO O MATERIAL QUE SEA DEPOSITADO EN EL AMBITO DE LA POLICIA DE LA PROVINCIA Y QUE NO FUESE RETIRADO O RECLAMADO POR EL INTERESADO DENTRO DE LOS CIENTO OCHENTA DIAS CORRIDOS",www.saij.gob.ar/LPT0008502
Tucumán,Ley,8519,"Vigente, de alcance general",2012-08-15,2012-08-17,LEY 8.519,"Prohibición de instalación, funcionamiento, promoción, regenteo, y/o explotación de Whiskerías, cabarets y clubes nocturnos.",DERECHO PENAL-TRATA DE PERSONAS-CODIGO CONTRAVENCIONAL DE TUCUMAN-REGIMEN DE FALTAS-COMPETENCIA CONTRAVENCIONAL-,www.saij.gob.ar/LPT0008519
Tucumán,Ley,8520,"Vigente, de alcance general",2012-08-15,2012-08-22,LEY 8.520,Régimen excepcional de facilidades de pago,"REGIMEN EXCEPCIONAL DE FACILIDADES DE PAGO, APLICABLE PARA LA CANCELACION TOTAL O PARCIAL -AL CONTADO O MEDIANTE PAGOS PARCIALES-DE DEUDAS VENCIDAS Y EXIGIBLES AL 29 DE JUNIO DE 2012 INCLUSIVE",www.saij.gob.ar/LPT0008520
Tucumán,Ley,8573,"Vigente, de alcance general",2013-02-21,2013-03-04,LEY 8.573,Declara de interés público provincial la producción de azúcar y de alcohol elaborados a partir de caña de azúcar.,DECLARACION DE INTERES PUBLICO PROVINCIAL-PRODUCCION SUSTENTABLE-AZUCAR-CAÑA DE AZUCAR,www.saij.gob.ar/LPT0008573
Tucumán,Ley,8594,"Vigente, de alcance general",2013-07-03,2013-07-12,LEY 8.594,Exención de pago del Impuesto de Sellos a los instrumentos a los cuales se refiere el Título I de la Ley Nacional N° 26.860,EXTERIORIZACION DE CAPITALES-BONO ARGENTINO DE AHORRO PARA EL DESARROLLO ECONOMICO-ADHESION PROVINCIAL-LEY NACIONAL,www.saij.gob.ar/LPT0008594
Tucumán,Ley,8598,"Vigente, de alcance general",2013-08-27,2013-08-30,LEY 8.598,Creación del Programa: 'Fondo Bicentenario 2016 para pequeños productores cañeros de Tucumán',ACTIVIDADES ECONOMICAS-PRODUCTORES AGROPECUARIOS-AZUCAR-INDUSTRIA AZUCARERA,www.saij.gob.ar/LPT0008598
Tucumán,Ley,8601,"Individual, Solo Modificatoria o Sin Eficacia",2013-08-27,2013-09-06,LEY 8.601,Modificatoria de la ley 8479 sobre Ente Único de Control y Regulación de los Servicios Públicos Provinciales de Tucumán (ERSEPT),DERECHO ADMINISTRATIVO-SERVICIOS SANITARIOS-PROVISION DE AGUA POTABLE-REDES CLOACALES-CONTRATO DE CONCESION,www.saij.gob.ar/LPT0008601
Tucumán,Ley,8619,"Individual, Solo Modificatoria o Sin Eficacia",2013-09-19,2013-09-25,LEY 8.619,Modifica el Decreto Acuerdo con Invocación a Necesidad y Urgencia N° 47/1 del 11 de Diciembre de 2009,DERECHO ADMINISTRATIVO-CONTRATACION DIRECTA-PROMOCION DEL EMPLEO,www.saij.gob.ar/LPT0008619
Tucumán,Ley,8625,"Vigente, de alcance general",2012-12-21,2013-10-15,LEY 8.625,Dispone a los concesionarios de transporte la obligación de brindar servicio gratuitamente a las personas con discapacidad,TRANSPORTE-CONCESION ADMINISTRATIVA-TRANSPORTE DE PASAJEROS,www.saij.gob.ar/LPT0008625
Tucumán,Ley,8640,"Vigente, de alcance general",2013-11-07,2013-12-09,LEY 8.640,Adhesión al Día Internacional de la Dislexia,SALUD PUBLICA-ENFERMEDADES-CONMEMORACIONES,www.saij.gob.ar/LPT0008640
Tucumán,Ley,8641,"Vigente, de alcance general",2013-11-14,2013-12-09,LEY 8.641,Prevención y control de todas las formas de transmisión de la enfermedad de Chagas. Adhesión provincial,Prevención y control de todas las formas de transmisión de la enfermedad de Chagas. Adhesión provincial a la ley nacional 26.281.,www.saij.gob.ar/LPT0008641
Tucumán,Ley,8651,"Vigente, de alcance general",2013-12-26,2014-01-03,LEY 8.651,"Se exime del pago a los comerciantes cuya actividad ejercida en los establecimientos hayan sido afectados por los acontecimientos acaecidos los días 9, 10 y 11 de diciembre de 2013.",ACTIVIDADES ECONOMICAS-BENEFICIOS TRIBUTARIOS-EXENCIONES IMPOSITIVAS,www.saij.gob.ar/LPT0008651
Tucumán,Ley,8653,"Individual, Solo Modificatoria o Sin Eficacia",2013-12-26,2014-01-03,LEY 8.653,Modificatoria de la Ley 7007 sobre vales de comida,ADMINISTRACION PUBLICA PROVINCIAL-EMPLEADOS PUBLICOS-VALES DE COMIDA,www.saij.gob.ar/LPT0008653
Tucumán,Ley,8656,"Vigente, de alcance general",2014-01-02,2014-01-08,LEY 8.656,Aprueba en todos sus términos el Decreto Acuerdo con invocación de Necesidad y Urgencia N° 6/3,ECONOMIA Y FINANZAS-PROGRAMA FEDERAL DE DESENDEUDAMIENTO DE LAS PROVINCIAS ARGENTINAS-CONVENIOS CON LA NACION,www.saij.gob.ar/LPT0008656
Tucumán,Ley,8660,"Vigente, de alcance general",2014-03-14,2014-03-20,LEY 8.660,"Se procede a la expropiación y declaración  de utilidad pública un inmueble ubicado en la localidad de Alto Verde, departamento Chicligasta","Se procede a la expropiación y declaración  de utilidad pública un inmueble ubicado en la localidad de Alto Verde, departamento Chicligasta",www.saij.gob.ar/LPT0008660
Tucumán,Ley,8661,"Vigente, de alcance general",2014-03-13,2014-03-20,LEY 8661,Disposiciones aplicables  a las obras públicas contratadas por el Gobierno de la Provincia,OBRAS PUBLICAS-CONTRATACIONES DEL ESTADO-LICITACION PUBLICA,www.saij.gob.ar/LPT0008661
Tucumán,Ley,8662,"Vigente, de alcance general",2014-03-13,2014-03-20,LEY 8.662,Se aprueba el Decreto Acuerdo con invocación de Necesidad y Urgencia N° 3/3 (ME),Se aprueba el Decreto Acuerdo con invocación de Necesidad y Urgencia N° 3/3 (ME).,www.saij.gob.ar/LPT0008662
Tucumán,Ley,8663,"Vigente, de alcance general",2014-03-19,2014-03-20,LEY 8.663,Se modifica el monto del convenio 72/1 del 2007 de decreto de necesidad y urgencia,Se modifican montos de convenio,www.saij.gob.ar/LPT0008663
Tucumán,Ley,8664,"Vigente, de alcance general",2014-03-13,2014-03-20,LEY 8.664,Adhesión de la provincia al art. 34 de la ley nacional 23.737,ESTUPEFACIENTES-DELITOS-ADHESION PROVINCIAL,www.saij.gob.ar/LPT0008664
Tucumán,Ley,8665,"Vigente, de alcance general",2014-03-18,2014-03-20,LEY 8.665,"Aprobacion del Convenio Unico de Colaboración y Transferencia entre la Subsecretaría de Obras Públicas dependiente de la Secretaría de Obras Públicas del Ministerio de Planificación Federal, Inversión Pública y Servicios de la Nación y el Gobierno de la Provincia.","Se aprueba el Convenio Unico de Colaboración y Transferencia entre la Subsecretaría de Obras Públicas dependiente de la Secretaría de Obras Públicas del Ministerio de Planificación Federal, Inversión Pública y Servicios de la Nación y el Gobierno de...",www.saij.gob.ar/LPT0008665
Tucumán,Ley,8666,"Vigente, de alcance general",2014-03-13,2014-03-20,LEY 8.666,"Aprobación del convenio firmado entre el Ministerio de Agricultura, Ganadería y Pesca y la Provincia","Se aprueba el convenio firmado entre el Ministerio de Agricultura, Ganadería y Pesca y la Provincia destinado a fortalecer a pequeños productores de caña de azúcar.",www.saij.gob.ar/LPT0008666
Tucumán,Ley,8667,"Vigente, de alcance general",2014-03-28,2014-04-01,LEY 8.667,Creación del Consejo de Administración y Gerenciamiento del Centro Cultural y Salón de Convenciones denominado 'Teatro Mercedes Sosa'.,CULTURA-EDUCACION ARTISTICA,www.saij.gob.ar/LPT0008667
Tucumán,Ley,8668,"Vigente, de alcance general",2014-04-11,2014-04-21,LEY 8.668,Se transfiere a titulo gratuito a la Universidad Nacional de Tucumán un terreno,Se transfiere a titulo gratuito a la Universidad Nacional de Tucumán fracciones de inmuebles,www.saij.gob.ar/LPT0008668
Tucumán,Ley,8669,"Vigente, de alcance general",2014-04-11,2014-04-23,LEY 9,Ratifícase el Decreto Acuerdo de Necesidad y Urgencia N° 4/1 de fecha 20 de Marzo de 2014,Ratifícase el Decreto Acuerdo de Necesidad y Urgencia N° 4/1 de fecha 20 de Marzo de 2014,www.saij.gob.ar/LPT0008669
Tucumán,Ley,8670,"Vigente, de alcance general",2014-04-16,2014-04-24,LEY 8.670,"Se aprueba el Convenio Programa de Ingreso Social con Trabajo, Línea Programática 'Ellas Hacen'","Convenio Programa de Ingreso Social con Trabajo, Línea Programática 'Ellas Hacen'",www.saij.gob.ar/LPT0008670
Tucumán,Ley,8671,"Vigente, de alcance general",2014-04-11,2014-05-06,LEY 8.671,"Incorporación de la leyenda 'El consumo excesivo de sal es perjudicial para la salud' en todos los restaurantes, bares y establecimientos gastronómicos públicos o privados donde se expendan comidas para ser consumidas en el lugar.",SALUD PUBLICA-RESTAURANTES-PREVENCION DE ENFERMEDADES-CONSUMO DE SODIO,www.saij.gob.ar/LPT0008671
Tucumán,Ley,8672,"Vigente, de alcance general",2014-04-11,2014-05-06,LEY 8.672,"Transfiérese en donación a Los Tarcos Rugby Club, un inmueble de propiedad del Estado Provincial","Transfiérese en donación a Los Tarcos Rugby Club, un inmueble de propiedad del Estado Provincial",www.saij.gob.ar/LPT0008672
Tucumán,Ley,8673,"Vigente, de alcance general",2014-04-29,2014-05-08,LEY 8.673,"Se declara de utilidad pública y sujeto a expropiación un inmueble ubicado en la ciudad de San Isidro de Lules, departamento Lules","Se declara de utilidad pública y sujeto a expropiación un inmueble ubicado en la ciudad de San Isidro de Lules, departamento Lules",www.saij.gob.ar/LPT0008673
Tucumán,Ley,8674,"Vigente, de alcance general",2014-04-29,2014-05-08,LEY 8.674,"Declaración de utilidad pública y sujeto a expropiación un inmueble ubicado en la intersección de Ruta Provincial N° 301 y Avenida Roca, de la ciudad de San Isidro de Lules, departamento Lules.","Se declara de utilidad pública y sujeto a expropiación un  inmueble ubicado en la intersección de Ruta Provincial N° 301 y Avenida Roca, de la ciudad de San Isidro de Lules, departamento Lules.",www.saij.gob.ar/LPT0008674
Tucumán,Ley,8675,"Vigente, de alcance general",2014-04-11,2014-05-08,LEY 8.675,"Se declara de utilidad pública y sujeto a expropiación un inmueble ubicado en la localidad de El Chañar, departamento Burruyacu","Se declara de utilidad pública y sujeto a expropiación un inmueble ubicado en la localidad de El Chañar, departamento Burruyacu.",www.saij.gob.ar/LPT0008675
Tucumán,Ley,8676,"Vigente, de alcance general",2014-05-29,2014-05-30,LEY 8.676,"Reestablecimiento de la vigencia del régimen excepcional de facilidades de pago, aplicable para la cancelación total o parcial -al contado o mediante pagos parciales- de deudas vencidas y exigibles al 29 de junio de 2012 inclusive",FACILIDADES DE PAGO-MORATORIA IMPOSITIVA,www.saij.gob.ar/LPT0008676
Tucumán,Ley,8677,"Vigente, de alcance general",2014-05-29,2014-06-06,LEY 8.677,Programa de Convergencia de Tarifas Eléctricas y Reafirmación del Federalismo Eléctrico en la República Argentina,"Se aprueba el acuerdo marco celebrado entre el Ministerio de Planificación Federal, Inversión Pública y Servicios y la Provincia al 'Programa de Convergencia de Tarifas Eléctricas y Reafirmación del Federalismo Eléctrico en la República Argentina'.",www.saij.gob.ar/LPT0008677
Tucumán,Ley,8678,"Vigente, de alcance general",2014-06-02,2014-06-06,LEY 8.678,Se aprueba el Acuerdo de Ejecución del Programa para Incrementar la Competitividad del Sector Azucarero del NOA (PROICSA),"Aprobación del Acuerdo de Ejecución del Programa para Incrementar la Competitividad del Sector Azucarero del NOA (PROICSA), firmado entre el Ministerio de Agricultura, Ganadería y Pesca de la Nación y la Provincia de Tucumán.",www.saij.gob.ar/LPT0008678
Tucumán,Ley,8679,"Vigente, de alcance general",2014-05-29,2014-06-06,LEY 8.679,"Se aprueba el convenio firmado entre la Unidad para el Cambio Rural del Ministerio de Agricultura, Ganadería y Pesca de la Nación y la Provincia de Tucumán, destinado a definir las modalidades de ejecución del Programa de Obras Menores de Infraestructura Productiva para el Desarrollo Local.","Aprovacion del convenio entre la Unidad para el Cambio Rural del Ministerio de Agricultura, Ganadería y Pesca de la Nación y la Provincia de Tucumán, destinado a definir las modalidades de ejecución del Programa de Obras Menores de Infraestructura...",www.saij.gob.ar/LPT0008679
Tucumán,Ley,8680,"Vigente, de alcance general",2014-06-04,2014-06-09,LEY 8.680,Se expropia un inmueble y se lo declara de utilidad pública,"Se declara de utilidad pública y sujeto a expropiación un inmueble de la localidad de Estación Aráoz, departamento Leales.",www.saij.gob.ar/LPT0008680
Tucumán,Ley,8681,"Vigente, de alcance general",2014-05-29,2014-06-09,LEY 8.681,Se transfiere un inmueble a la Municipalidad de San Miguel de Tucumán,Transferencia de donación de un inmueble a la Municipalidad de San Miguel de Tucumán,www.saij.gob.ar/LPT0008681
Tucumán,Ley,8682,"Vigente, de alcance general",2014-05-29,2014-06-17,LEY 8.682,Adhesión de la provincia a la ley nacional 26.928 que establece el Sistema de Protección Integral para Personas Trasplantadas,ADHESION PROVINCIAL-TRASPLANTE DE ORGANOS,www.saij.gob.ar/LPT0008682
Tucumán,Ley,8683,"Vigente, de alcance general",2014-06-11,2014-06-17,LEY 8.683,Modificatoria de Ley 8.360 Creación de juzgados,LEY MODIFICATORIA-PODER JUDICIAL PROVINCIAL-JUZGADO DE FAMILIA,www.saij.gob.ar/LPT0008683
Tucumán,Ley,8687,"Vigente, de alcance general",2014-06-18,2014-06-26,LEY 8.687,Programa Federal de Desendeudamiento de las Provincias Argentinas. Aprobación del Convenio,Programa Federal de Desendeudamiento de las Provincias Argentinas. Se aprueba el Convenio firmado por la Provincia de Tucumán con el Estado Nacional. Se establece la modalidad de pago de los servicios de la deuda.,www.saij.gob.ar/LPT0008687
Tucumán,Ley,8688,"Vigente, de alcance general",2014-06-11,2014-07-01,LEY 8.688,Modifica la Ley N° 8577,LEY MODIFICATORIA-OBRAS PUBLICAS-MUNICIPALIDAD-CONVENIOS CON LA NACION,www.saij.gob.ar/LPT0008688
Tucumán,Ley,8691,"Vigente, de alcance general",2014-06-26,2014-07-10,LEY 8.691,Propiedad expropiada que se declara de utilidad pública,Se declara de utilidad Pública una propiedad expropiada,www.saij.gob.ar/LPT0008691
Tucumán,Ley,8692,"Individual, Solo Modificatoria o Sin Eficacia",2014-06-11,2014-07-15,LEY 8.692,Modifi Ley 8.502,LEY MODIFICATORIA-AUTOMOTORES-SECUESTRO DE AUTOMOTOR-VIA PUBLICA,www.saij.gob.ar/LPT0008692
Tucumán,Ley,8693,"Vigente, de alcance general",2014-06-26,2014-07-15,LEY 8693,Modificación de la ley 8573 que declara de interés público provincial la producción de azúcar y de alcohol elaborados a partir de caña de azúcar,DECLARACION DE INTERES PROVINCIAL-AZUCAR-INDUSTRIA AZUCARERA-ALCOHOLES,www.saij.gob.ar/LPT0008693
Tucumán,Ley,8695,"Vigente, de alcance general",2012-12-21,2013-10-15,LEY 8.695,Transporte público de pasajeros provincial. Gratuidad del servicio a personas con discapacidad,"Se establece que los concesionarios del transporte público de pasajeros, deberán transportar gratuitamente a las personas con discapacidad. Derogación de la ley 7494.",www.saij.gob.ar/LPT0008695
Tucumán,Ley,8699,"Vigente, de alcance general",2014-06-26,2014-07-29,LEY,Instituto Provincial de Vivienda y Desarrollo Urbano. Adjudicación de viviendas a personas con discapacidad,Otorgamiento de viviendas a personas con discapacidad. Se establece el porcentaje de viviendas a adjudicarse a través del Instituto Provincial de Vivienda y Desarrollo Urbano. Se sustituye el artículo 16 de la ley 6830.,www.saij.gob.ar/LPT0008699
Tucumán,Ley,8700,"Vigente, de alcance general",2014-06-26,2014-08-01,LEY 8.700,"Adhesión de la provincia a la Ley Nacional 26.858 - Derecho al acceso, deambulación y permanencia en lugares públicos y privados de acceso público y a los servicios de transporte público, de toda persona con discapacidad, acompañada por un perro guía o de asistencia",ADHESION PROVINCIAL-LEY NACIONAL-SERVICIO PUBLICO-PERSONAS CON DISCAPACIDAD-PERRO GUIA-LUGAR PUBLICO,www.saij.gob.ar/LPT0008700
Tucumán,Ley,8701,"Vigente, de alcance general",2014-08-01,2014-08-08,LEY 8.701,"Ratificación del Decreto Acuerdo de Necesidad y Urgencia N° 6/1, que modifica la ley de Ministerios","Modificación de las funciones y competencias de determinados Ministerios. Se ratifica el Decreto Acuerdo de Necesidad y Urgencia N° 6/1 de fecha 1 de agosto de 2014, mediante el cual modifica la Ley de Ministerios, N° 8.450.",www.saij.gob.ar/LPT0008701
Tucumán,Ley,8702,"Vigente, de alcance general",2014-08-06,2014-08-13,LEY 8.702,Se aprueban convenios,Se apruba convenio,www.saij.gob.ar/LPT0008702
Tucumán,Ley,8703,"Individual, Solo Modificatoria o Sin Eficacia",2014-08-28,2014-09-04,LEY 8.703,Modificación de la ley 5454 orgánica de partidos políticos,LEY MODIFICATORIA-PARTIDOS POLITICOS-CAMPAÑA ELECTORAL-LEY ORGANICA DE LOS PARTIDOS POLITICOS,www.saij.gob.ar/LPT0008703
Tucumán,Ley,8705,"Vigente, de alcance general",2014-08-28,2014-09-05,LEY,Se da nombre a una escuela,"Se el nombre de 'Presidente Dr. Raúl Ricardo Alfonsín' a la Escuela Secundaria de la localidad de Manuela Pedraza, departamento Simoca.",www.saij.gob.ar/LPT0008705
Tucumán,Ley,8706,"Vigente, de alcance general",2014-08-28,2014-09-05,LEY 8706,Obra Pública Provincial,"Se aprueba la obra provincial 'CANAL DE CINTURA OESTE CIUDAD DE ALBERDI', del departamento Juan Bautista Alberdi Provincia de Tucumán",www.saij.gob.ar/LPT0008706
Tucumán,Ley,8707,"Vigente, de alcance general",2014-08-25,2014-09-19,LEY 8707,Se da nombre una escuela,Se da nombre a una escuela de la localidad de los Cuartos de la Provincia de Tucumán,www.saij.gob.ar/LPT0008707
Tucumán,Ley,8708,"Vigente, de alcance general",2014-08-28,2014-09-26,LEY,"Ingenios azucareros y productores cañeros, agrícolas y ganaderos. Tasa retributiva de servicios",Tasa retributiva de servicios a cargo de los ingenios azucareros y los productores cañeros y de los productores agrícolas y ganaderos. Agentes de retención y/o percepción. Se modifica la ley N° 5020.,www.saij.gob.ar/LPT0008708
Tucumán,Ley,8710,"Vigente, de alcance general",2014-09-22,2014-09-29,LEY 8.710,"Facultad al Poder Ejecutivo para convenir con la Caja Popular de Ahorros la instrumentación de una línea de créditos que permita acceder a un préstamo, destinado a hacer frente al pago de la Primera Cuota del Plan de Facilidades de Pago para acogerse al beneficio de la Jubilación",JUBILACIONES-FACILIDADES DE PAGO-CAJA POPULAR DE AHORROS-LINEA DE CREDITO,www.saij.gob.ar/LPT0008710
Tucumán,Ley,8711,"Vigente, de alcance general",2014-09-22,2014-09-29,LEY 8.711,"Se otorgan anticipos a la empresa adjudicataria de la Obra 'Cruces Peatonales sobre Nivel calles Córdoba y Mendoza', a realizarse a través de la Secretaría de Estado de Obras Públicas.","Otorganiento de anticipos a la empresa adjudicataria de la Obra 'Cruces Peatonales sobre Nivel calles Córdoba y Mendoza', a realizarse a través de la Secretaría de Estado de Obras Públicas.",www.saij.gob.ar/LPT0008711
Tucumán,Ley,8712,"Vigente, de alcance general",2014-09-22,2014-09-30,LEY 8.712,Se aprueban convenios,Apruébanse los Convenios Unicos de Colaboración y Transferencia,www.saij.gob.ar/LPT0008712
Tucumán,Ley,8713,"Vigente, de alcance general",2014-09-22,2014-09-30,LEY 8.713,"Se transfiere a la Caja Popular de Ahorros de la Provincia de Tucumán, un inmueble de propiedad del Superior Gobierno de la Provincia.",Se transfiere un inmueble de la Provincia para el funcionamiento de un organismo provincial,www.saij.gob.ar/LPT0008713
Tucumán,Ley,8715,"Vigente, de alcance general",2014-09-22,2014-09-29,LEY 8.715,Ejecución de proyectos tendientes al desarrollo de economías regionales. Convenio con el gobierno nacional,"Se aprueba el Convenio suscripto entre el Ministerio de Agricultura, Ganadería y Pesca de la Nación y el Gobierno de la Provincia. Ejecución de proyectos tendientes al desarrollo de economías regionales.",www.saij.gob.ar/LPT0008715
Tucumán,Ley,8717,"Vigente, de alcance general",2014-09-22,2014-10-06,LEY 8.717,Se otorga una propiedad para destinarlo al funcionamiento de la 'Asociación Civil Madres Plaza de Mayo - Línea Fundadora de Tucumán'.,Se otorga un inmueble para el funcionamiento de la 'Asociación Civil Madres Plaza de Mayo - Línea Fundadora de Tucumán'.,www.saij.gob.ar/LPT0008717
Tucumán,Ley,8718,"Vigente, de alcance general",2014-09-22,2014-10-06,LEY 8.718,Declaración del día 8 de Octubre de 2014 como 'Día del Bicentenario de le creación de la Provincia de Tucumán',CONMEMORACIONES-DIA DEL BICENTENARIO,www.saij.gob.ar/LPT0008718
Tucumán,Ley,8719,"Vigente, de alcance general",2014-09-22,2014-10-06,LEY 8.719,"Institución del día 20 de Setiembre de cada año como 'Día Provincial del Nunca Más', en homenaje y conmemoración al Informe 'Nunca Más', elaborado por la Comisión Nacional sobre la Desaparición de Personas (CONADEP)",CONMEMORACIONES-DERECHOS HUMANOS,www.saij.gob.ar/LPT0008719
Tucumán,Ley,8720,"Vigente, de alcance general",2014-10-17,2014-10-22,LEY 8.720,Reestablecimiento de la vigencia de la ley 8520,FACILIDADES DE PAGO-MORATORIA IMPOSITIVA-CONDONACION DE SANCIONES,www.saij.gob.ar/LPT0008720
Tucumán,Ley,8721,"Vigente, de alcance general",2014-10-17,2014-10-27,LEY 8.721,Convenios de Colaboración y Transferencia,Se aprueban los convenios entre organismos de colaboración y transferencia,www.saij.gob.ar/LPT0008721
Tucumán,Ley,8723,"Vigente, de alcance general",2014-10-17,2014-10-30,LEY 8.723,Se da nombre a una escuela secundaria,Se da nombre a una escuela,www.saij.gob.ar/LPT0008723
Tucumán,Ley,8724,"Vigente, de alcance general",2014-10-17,2014-10-30,LEY 8.724,"Obligación de utilizar algunas frases al pie de los mensajes de correos electrónicos emitidos por el Poder Ejecutivo, Legislativo y Judicial, Entes Autárquicos y Descentralizados",CORREO ELECTRONICO-MEDIO AMBIENTE-ADMINISTRACION PUBLICA,www.saij.gob.ar/LPT0008724
Tucumán,Ley,8725,"Vigente, de alcance general",2014-10-17,2014-11-04,LEY 8.725,"Establece el 15 de Octubre de cada año, como 'Día Provincial del Bastón Blanco'",EFEMERIDES-CONMEMORACIONES-DIA PROVINCIAL DEL BASTON BLANCO,www.saij.gob.ar/LPT0008725
Tucumán,Ley,8726,"Vigente, de alcance general",2014-10-17,2014-11-11,LEY 8.726,Adhesión a la Ley Nacional N° 26.657 que establece el Derecho a la Protección de la Salud Mental,ADHESION A LEY NACIONAL-DERECHO A LA PROTECCION DE LA SALUD MENTAL,www.saij.gob.ar/LPT0008726
Tucumán,Ley,8727,"Vigente, de alcance general",2014-10-17,2014-11-11,LEY 8.727,"Se nombra como 'Suboficial Segundo Roque Ramón Quintana' a la Escuela Media de Santa Rosa de Leales, departamento de Leales.","Se nombra 'Suboficial Segundo Roque Ramón Quintana' a la Escuela Media de Santa Rosa de Leales, departamento de Leales.",www.saij.gob.ar/LPT0008727
Tucumán,Ley,8728,"Vigente, de alcance general",2014-10-31,2014-11-11,LEY 8.728,Convenios Unicos de Colaboración y Transferencia,Se aprueban Convenios Unicos de Colaboración y Transferencia,www.saij.gob.ar/LPT0008728
Tucumán,Ley,8731,"Vigente, de alcance general",2014-10-30,2014-11-14,LEY 8.731,"Automotores abandonados, perdidos, decomisados o secuestrados, cuyo dominio corresponda al Estado nacional","Adhesión provincial a la ley nacional 26.348 sobre automotores abandonados, perdidos, decomisados o secuestrados, cuyo dominio corresponda al Estado nacional. Alcance a motovehículos.",www.saij.gob.ar/LPT0008731
Tucumán,Ley,8734,"Vigente, de alcance general",2014-10-31,2014-11-20,LEY 8.734,"Regulación del proceso de enjuiciamiento ante La Comisión Permanente de Juicio Político y el Jurado de Enjuiciamiento, de los miembros de los Ministerios Fiscal y Pupilar y Magistrados del Poder Judicial no sometidos a Juicio Político",PODER JUDICIAL PROVINCIAL-MINISTERIO PUBLICO FISCAL-TRIBUNAL DE ENJUICIAMIENTO-JUECES,www.saij.gob.ar/LPT0008734
Tucumán,Ley,8735,"Vigente, de alcance general",2014-11-18,2014-11-25,LEY 8.735,"Se modifica la Ley 6238 Ley Orgánica del Poder Judicial. Ministerio Público Fiscal, Pupilar y de la Defensa","Ley Orgánica del Poder Judicial. Se modifica la ley 6238. Ministerio Público Fiscal, Pupilar y de la Defensa. Integración. Ministerio Público. Cuerpo Médico Forense.",www.saij.gob.ar/LPT0008735
Tucumán,Ley,8741,"Vigente, de alcance general",2014-12-02,2014-12-12,LEY 8.741,El Día de la Persona Enferma de Miastenia Gravis,Se instituye el Día de la Persona Enferma de Miastenia Gravis,www.saij.gob.ar/LPT0008741
Tucumán,Ley,8742,"Vigente, de alcance general",2014-12-02,2014-12-12,LEY 8.742,Se crea la Comisión Provincial de Control al Sistema de Distribución de Gas Envasado.,Creación de la Comisión Provincial de Control al Sistema de Distribución de Gas Envasado. Objeto. Integración. Duración de los mandatos de los miembros de la comisión. Duración,www.saij.gob.ar/LPT0008742
Tucumán,Ley,8743,"Vigente, de alcance general",2014-11-18,2014-12-12,LEY 8.743,Modificación de la ley 6238 (Ley Orgánica del Poder Judicial),LEY ORGANICA DEL PODER JUDICIAL-PODER JUDICIAL,www.saij.gob.ar/LPT0008743
Tucumán,Ley,8744,"Vigente, de alcance general",2014-11-18,2014-12-12,LEY,Poder Judicial de la Provincia de Tucumán. Defensorías Oficiales en lo Civil y del Trabajo. Creación,"Poder Judicial de la Provincia de Tucumán. Se crean Defensorías Oficiales en lo Civil y del Trabajo con carácter de itinerantes. Se modifican los artículos 83 y 85 de la ley 6238, Orgánica del Poder Judicial.",www.saij.gob.ar/LPT0008744
Tucumán,Ley,8746,"Vigente, de alcance general",2014-11-28,2014-12-15,LEY 8746,Padron Catastral Provincial,Se modifica el nombre de una propiedad en el Padron Catastral de la Provincia,www.saij.gob.ar/LPT0008746
Tucumán,Ley,8747,"Individual, Solo Modificatoria o Sin Eficacia",2014-11-28,2014-12-18,LEY 8.747,Modificación del Código Procesal Penal,LEY MODIFICATORIA-CODIGO PROCESAL PENAL-DELITO-ROBO,www.saij.gob.ar/LPT0008747
Tucumán,Ley,8748,"Vigente, de alcance general",2014-11-18,2014-12-18,LEY 8.748,Excepción al cumplimiento de las exigencias para la renovación de la concesión del Servicio Provincial de Transporte Público Automotor de Pasajeros,CONCESION DE SERVICIO PUBLICO-SERVICIO PUBLICO-TRANSPORTE DE PASAJEROS-TRANSPORTE AUTOMOTOR,www.saij.gob.ar/LPT0008748
Tucumán,Ley,8749,"Vigente, de alcance general",2014-11-28,2014-12-22,LEY 8.749,"Ejercicio de la profesión de Biotecnólogos. Estatuto, Código de Ética y reglamentación","Ejercicio de la profesión de Biotecnólogos. Estatuto, Código de Ética. Colegio de Profesionales. Autoridades del Colegio de Biotecnólogos. Asamblea. Consejo Directivo. Tribunal de Ética y Disciplina. Comisión Revisora de Cuentas. Matriculación. De...",www.saij.gob.ar/LPT0008749
Tucumán,Ley,8756,"Vigente, de alcance general",2014-12-19,2015-01-12,LEY 8.756,Modificación de la Ley Orgánica del Poder Judicial. Se crean Fiscalías de Instrucción en lo Penal.,"Modificación de la Ley Orgánica del Poder Judicial. Se crean Fiscalías de Instrucción en lo Penal, en el Centro Judicial Capital, Centro Judicial Concepción, centro Judicial Monteros. Se modifica la ley N° 6238.",www.saij.gob.ar/LPT0008756
Tucumán,Ley,8759,"Vigente, de alcance general",2014-12-19,2015-02-02,LEY 8.759,"Se establece el día 21 de Setiembre de cada año como 'Día de la Sanidad', para el personal de la sanidad que se desempeñe en el sector público en el territorio de la Provincia de Tucumán",TRABAJADORES DE LA SANIDAD-FERIADOS,www.saij.gob.ar/LPT0008759
Tucumán,Ley,8761,"Vigente, de alcance general",2014-11-28,2015-03-19,LEY 8.761,Ley de Responsabilidad Social y Ambiental,MEDIO AMBIENTE-EDUCACION AMBIENTAL-RESPONSABILIDADES ESPECIALES,www.saij.gob.ar/LPT0008761
Tucumán,Ley,8768,"Vigente, de alcance general",2017-04-13,2017-04-22,LEY 8.768,Licitación para contratacion de Obra Pública,Licitación para contratacion de Obra Pública,www.saij.gob.ar/LPT0008768
Tucumán,Ley,8775,"Vigente, de alcance general",2015-04-13,2015-04-29,LEY 8.775,Modificación de la ley orgánica del Poder Judicial,LEY ORGANICA DEL PODER JUDICIAL-MODIFICACION,www.saij.gob.ar/LPT0008775
Tucumán,Ley,8776,"Vigente, de alcance general",2015-04-13,2015-04-29,LEY 8.776,"Prohibición del uso de purpurina, brillantina o su similar, en todos los establecimientos educacionales",PROHIBICION DE VENTA-PURPURINA,www.saij.gob.ar/LPT0008776
Tucumán,Ley,8778,"Vigente, de alcance general",2015-04-13,2015-05-05,LEY 8.778,Ley provincial de adhesión al Régimen de Promoción de los Clubes de Barrio y de Pueblo,"Promoción de los Clubes de Barrio y de Pueblo. Se adhiere la provincia de Tucumán a la Ley Nacional N° 27.098, sobre el Régimen de Promoción de los Clubes de Barrio y de Pueblo.",www.saij.gob.ar/LPT0008778
Tucumán,Ley,8779,"Vigente, de alcance general",2015-04-13,2015-05-27,LEY 8.779,Autorización al Poder Ejecutivo a disponer la participación de la Provincia en la constitución e integración de Consorcios de Cooperación,CONSORCIOS DE COOPERACION-COMERCIO INTERIOR,www.saij.gob.ar/LPT0008779
Tucumán,Ley,8780,"Vigente, de alcance general",2015-05-21,2015-05-27,LEY 8.780,Adhesión al Programa Federal de Fortalecimiento Operativo de las Areas de Seguridad y Salud,SALUD PUBLICA-PROGRAMA FEDERAL DE FORTALECIMIENTO OPERATIVO DE LAS AREAS DE SEGURIDAD Y SALUD,www.saij.gob.ar/LPT0008780
Tucumán,Ley,8781,"Vigente, de alcance general",2015-05-21,2015-05-27,LEY 8.781,Modificación del Régimen Electoral,SISTEMA ELECTORAL-ELECCIONES-PARTIDOS POLITICOS,www.saij.gob.ar/LPT0008781
Tucumán,Ley,8782,"Vigente, de alcance general",2015-05-21,2015-05-27,LEY 8.782,Modificación del Régimen Orgánico de los Partidos Políticos,SISTEMA ELECTORAL-ELECCIONES-PARTIDOS POLITICOS-CAMPAÑA ELECTORAL,www.saij.gob.ar/LPT0008782
Tucumán,Ley,8783,"Vigente, de alcance general",2015-05-21,2015-05-27,LEY 8.783,Modificación del Régimen Electoral Provincial,SISTEMA ELECTORAL-ELECCIONES-PARTIDOS POLITICOS,www.saij.gob.ar/LPT0008783
Tucumán,Ley,8784,"Vigente, de alcance general",2015-05-21,2015-06-01,LEY 8.784,Ley Orgánica del Poder Judicial. Cargos en oficinas con actividad exclusiva jurisdiccional. Requisitos,Ley Orgánica del Poder Judicial. Secretarios: Requisitos exigidos para los cargos en oficinas con actividad exclusiva jurisdiccional. Modificación de los artículos 112 y 115 de la ley 6238.,www.saij.gob.ar/LPT0008784
Tucumán,Ley,8789,"Vigente, de alcance general",2015-05-21,2015-06-12,LEY 8.789,Inclusión Social y la Convivencia contra Toda Forma de Violencia y Discriminación,"Institución del día 12 de junio como Día de los Adolescentes y Jóvenes por la Inclusión Social y la Convivencia contra toda Forma de Violencia y Discriminación, en conmemoración al natalicio de Ana Frank. Adhesión provincial a la ley nacional N°...",www.saij.gob.ar/LPT0008789
Tucumán,Ley,8790,"Vigente, de alcance general",2015-05-21,2015-06-15,LEY 8.790,Adhesión provincial al Programa Federal para el Fomento y Desarrollo de la Producción Bubalina,"Programa Federal para el Fomento y Desarrollo de la Producción de Bubalus Bubalis o Búfalos de agua, que será de aplicación en todas las zonas agroecológicamente aptas del territorio. Adhesión la ley nacional N° 27.076.",www.saij.gob.ar/LPT0008790
Tucumán,Ley,8791,"Vigente, de alcance general",2015-06-19,2015-06-19,LEY 8.791,Fomento de la actividad turística. Declaración como Municipio Turístico a la ciudad de Tafí del Valle,Fomento de la actividad turística. Declaración como Municipio Turístico a la ciudad de Tafí del Valle,www.saij.gob.ar/LPT0008791
Tucumán,Ley,8793,"Vigente, de alcance general",2015-05-21,2015-06-19,LEY 8.793,Modificación del Ente Provincial Bicentenario Tucumán 2016. Vigencia ininterrumpida. Concurso abierto.,"Se modifica el Ente Provincial Bicentenario Tucumán 2016, en el marco de la Ley N° 7649. Vigencia ininterrumpida. Concurso abierto de proyectos.",www.saij.gob.ar/LPT0008793
Tucumán,Ley,8794,"Vigente, de alcance general",2015-07-08,2015-07-14,LEY 8.794,Código Tributario Provincial. Incorporación de la expresión Código Civil y Comercial de la Nación. Modificación,Código Tributario Provincial. Se sustituye la expresión Código Civil por la de Código Civil y Comercial de la Nación. Plazo de prescripción de tributos: encuadre normativo. Modificación de la Ley N° 5121 (t.v.).,www.saij.gob.ar/LPT0008794
Tucumán,Ley,8795,"Vigente, de alcance general",2015-07-08,2015-07-15,LEY 8.795,Restablecimiento de la vigencia de la ley 8520 que establece un régimen excepcional de facilidades de pago,FACILIDADES DE PAGO-MORATORIA IMPOSITIVA-RESTABLECIMIENTO DE LA VIGENCIA DE LA LEY,www.saij.gob.ar/LPT0008795
Tucumán,Ley,8806,"Vigente, de alcance general",2015-09-09,2015-09-11,LEY 8.806,"Aprobación del D.N.U. N° 4/1, en la provincia de Tucumán, sobre Actividades de producción, impuesto inmobiliario",Se aprueba el Decreto Acuerdo con Invocación de Necesidad y Urgencia N° 4/1. Actividades de producción en la provincia de Tucumán. Pago del impuesto inmobiliario: diferimiento del plazo del impuesto inmobiliario.,www.saij.gob.ar/LPT0008806
Tucumán,Ley,8811,"Vigente, de alcance general",2015-09-09,2015-09-29,LEY 8.811,"Convenio suscripto con el Ministerio de Agricultura, Ganadería y Pesca de la Nación brindando asistencia financiera a los productores cañeros de la Provincia","Convenio suscripto con el Ministerio de Agricultura, Ganadería y Pesca de la Nación brindando asistencia financiera a los productores cañeros de la Provincia",www.saij.gob.ar/LPT0008811
Tucumán,Ley,8815,"Vigente, de alcance general",2015-09-09,2015-09-29,LEY 8.815,Declaración de Interés Provincial el Plan Piloto de Consumo de Bioetanol como Combustible en el transporte público,DECLARACION DE INTERES PROVINCIAL-BIOCOMBUSTIBLES-TRANSPORTE PUBLICO DE PASAJEROS,www.saij.gob.ar/LPT0008815
Tucumán,Ley,8823,"Vigente, de alcance general",2015-10-08,2015-10-22,LEY 8.823,Tucumán. Estados Contables de Situación Patrimonial correspondientes al Estado Provincial. Unificación del monto.,"Saldos deudores y acreedores de cuentas bancarias. Se dispone a los fines de la exposición de saldos bancarios en los Estados Contables de Situación Patrimonial correspondientes al Estado Provincial, se presenten unificados en un solo monto.",www.saij.gob.ar/LPT0008823
Tucumán,Ley,8824,"Vigente, de alcance general",2015-10-08,2015-10-22,LEY 8.824,"Empleados dependientes del Estado provincial. Haber mensual. Modificación del texto consolidadado, Ley N° 7007.","Conceptos remunerativos que integran el haber mensual de los empleados dependientes de los tres poderes del Estado, Organismos descentralizados, Entes autárquicos y Comunas Rurales. Se reemplaza la expresión 31 de diciembre de 2015 por 31 de...",www.saij.gob.ar/LPT0008824
Tucumán,Ley,8827,"Vigente, de alcance general",2015-10-08,2015-10-26,LEY 8.815,Precio de referencia establecido para la compra de azúcar,AZUCAR-INDUSTRIA AZUCARERA-PRECIO,www.saij.gob.ar/LPT0008827
Tucumán,Ley,8829,"Vigente, de alcance general",2015-10-08,2015-10-30,LEY 8.829,Suscripción de convenios de préstamos con las Municipalidades y Comunas Rurales en la Provincia de Tucumán.,Se faculta al Poder Ejecutivo la suscripción de convenios de préstamos con las Municipalidades y Comunas Rurales en la Provincia de Tucumán. Asistencia financiera. Convenios individuales. Requisitos.,www.saij.gob.ar/LPT0008829
Tucumán,Ley,8833,"Vigente, de alcance general",2015-09-09,2015-12-02,LEY 8.833,Facultad a la Corte Suprema de Justicia para impulsar un proceso de implementación parcial y progresivo de la Justicia de Paz Letrada,Facultad a la Corte Suprema de Justicia para impulsar un proceso de implementación parcial y progresivo de la Justicia de Paz Letrada,www.saij.gob.ar/LPT0008833
Tucumán,Ley,8845,"Vigente, de alcance general",2015-12-22,2016-01-13,LEY 8.845,"Creación del Programa de Formación y Ayuda Social denominado 'TUCUMAN MANOS A LA OBRA', tendiente a la inclusión de beneficiarios afectados a la formación y capacitación laboral","Creación del Programa de Formación y Ayuda Social denominado 'TUCUMAN MANOS A LA OBRA', tendiente a la inclusión de beneficiarios afectados a la formación y capacitación laboral.",www.saij.gob.ar/LPT0008845
Tucumán,Ley,8847,"Vigente, de alcance general",2016-02-18,2016-03-10,LEY 8.847,Habilitación de sedes administrativas en cada Municipio a fin de verificar el trámite administrativo y percepción de cánones en el marco de la Ley Nacional N° 11.723 sobre Propiedad Intelectual. Suspensión del trámite de juicios y medidas cautelares dictadas. Derogación del art. 9° de la Ley N° 4274.,Habilitación de sedes administrativas en cada Municipio a fin de verificar el trámite administrativo y percepción de cánones en el marco de la Ley Nacional N° 11.723 sobre Propiedad Intelectual. Suspensión del trámite de juicios y medidas cautelares...,www.saij.gob.ar/LPT0008847
Tucumán,Ley,8848,"Vigente, de alcance general",2016-02-18,2016-03-08,LEY 8.848,Prohibición de conducir vehículos habiendo consumido bebidas alcóholicas. Fijación de infracciones y sanciones,Prohibición de conducir vehículos habiendo consumido bebidas alcóholicas. Fijación de infracciones y sanciones.,www.saij.gob.ar/LPT0008848
Tucumán,Ley,8849,"Vigente, de alcance general",2016-03-02,2016-03-08,LEY 8.849,Modificación parcial al Código Procesal Penal de la Provincia (Ley N°6203),Modificación parcial al Código Procesal Penal de la Provincia (Ley N°6203),www.saij.gob.ar/LPT0008849
Tucumán,Ley,8850,"Vigente, de alcance general",2016-02-18,2016-03-23,LEY 8.850,"Establece como requisito de permanencia en los niveles políticos o jerárquicos de la función pública, el carecer de adicción a drogas ilegales. Derogación de la Ley N°7240","Establece como requisito de permanencia en los niveles políticos o jerárquicos de la función pública, el carecer de adicción a drogas ilegales. Derogación de la Ley N° 7240.",www.saij.gob.ar/LPT0008850
Tucumán,Ley,8851,"Vigente, de alcance general",2016-03-22,2016-03-29,LEY 8.851,"Adhesión de la Provincia de Tucumán a la Ley N° 25.973 y al Régimen de Inembargabilidad de los fondos públicos presupuestarios establecidos por Leyes Nacionales números 24.624, 25.565 y 11.672 (T.O. 2014)","Adhesión de la Provincia de Tucumán a la Ley N° 25.973 y al Régimen de Inembargabilidad de los fondos públicos presupuestarios establecidos por Leyes Nacionales números 24.624, 25.565 y 11.672 (T.O. 2014)",www.saij.gob.ar/LPT0008851
Tucumán,Ley,8853,"Vigente, de alcance general",2016-03-22,2016-04-19,LEY 8.853,Obligación para los titulares de comercios y en todo lugar de atención a consumidores y usuarios de colocar un cartel en lugar visible con determinada leyenda,Obligación para los titulares de comercios y en todo lugar de atención a consumidores y usuarios de colocar un cartel en lugar visible con determinada leyenda.,www.saij.gob.ar/LPT0008853
Tucumán,Ley,8855,"Vigente, de alcance general",2016-03-22,2016-04-20,LEY 8.855,"Información a ciudadanos sobre sus derechos como consumidores y usuarios: 'Semana del Consumidor y del Usuario', del 15 al 22 de Marzo de cada año","Información a ciudadanos sobre sus derechos como consumidores y usuarios: 'Semana del Consumidor y del Usuario', del 15 al 22 de Marzo de cada año.",www.saij.gob.ar/LPT0008855
Tucumán,Ley,8860,"Vigente, de alcance general",2016-03-22,2016-04-25,LEY 8.860,Fijación del procedimiento de control para determinar el estado eventual de intoxicación de conformidad con el Art. 48 de la Ley N° 24.449 (Ley Nacional de Tránsito),Fijación del procedimiento de control para determinar el estado eventual de intoxicación de conformidad con el Art. 48 de la Ley N° 24.449 (Ley Nacional de Tránsito),www.saij.gob.ar/LPT0008860
Tucumán,Ley,8865,"Vigente, de alcance general",2016-04-28,2016-05-10,LEY 8.865,Adhesión provincial al Régimen de Promoción de la Ganadería Bovina en Zonas Aridas y Semiáridas.,"Adhesión provincial al Régimen de Promoción de la Ganadería Bovina en Zonas Áridas y Semiáridas en el marco del Plan Federal del Bicentenario de Ganados y Carnes, Ley Nacional N° 27.066. Autoridad de aplicación.",www.saij.gob.ar/LPT0008865
Tucumán,Ley,8868,"Vigente, de alcance general",2016-04-28,2016-05-20,LEY 8.868,Se modifica la Ley Orgánica del Poder Judicial.,Se modifica la Ley Orgánica del Poder Judicial. Composición de la Cámara de Apelaciones en lo Penal de Instrucción del Centro Judicial Capital. Se crean las Fiscalías de Cámara de Apelaciones en lo Penal de Instrucción de la IIa. y IIIa.,www.saij.gob.ar/LPT0008868
Tucumán,Ley,8875,"Vigente, de alcance general",2016-05-30,2016-06-01,LEY 8.875,"Fijación de las pautas sobre planeamiento, organización y ejecución de actos relacionados con los festejos conmemorativos del Bicentenario de la Declaración de la Independencia Argentina 2016","Fijación de las pautas sobre planeamiento, organización y ejecución de actos relacionados con los festejos conmemorativos del Bicentenario de la Declaración de la Independencia Argentina 2016.",www.saij.gob.ar/LPT0008875
Tucumán,Ley,8887,"Vigente, de alcance general",2016-06-03,2016-06-13,LEY 8.887,"Adhesión provincial a la ley Nacional N° 27.214, de Educación Vial",Adhesión provincial a la Ley Nacional N° 27.214 (Educación Vial).,www.saij.gob.ar/LPT0008887
Tucumán,Ley,8889,"Vigente, de alcance general",2016-05-19,2016-06-13,LEY 8.889,Creación del Programa Provincial de Señalización Urbana para Personas con Problemas de Visión,Se crea Programa Provincial de Señalización Urbana para Personas con Problemas de Visión. Identificación en Sistema Braille. Presupuesto. Se invita a su adhesión a Organismos Nacionales y Municipalidades.,www.saij.gob.ar/LPT0008889
Tucumán,Ley,8906,"Vigente, de alcance general",2016-08-11,2016-09-07,LEY 8.906,Salud pública. Derechos del Paciente,"Salud pública. Derechos del Paciente en su relación con los Profesionales e Instituciones de la Salud. Establecimientos de Salud de la Provincia sean de gestión pública o privada. Obligación de exhibir de en mesa de entradas, centro de informes o...",www.saij.gob.ar/LPT0008906
Tucumán,Ley,8908,"Vigente, de alcance general",2016-09-08,2016-09-13,LEY 8.908,"Adhesión de la Provincia deTucumán al Sistema voluntario y excepcional de declaración de tenencia de moneda nacional, extranjera y demás bienes en el país y en el exterior de la Ley Nacional N° 27.260","Sistema voluntario y excepcional de declaración de tenencia de moneda nacional, extranjera y demás bienes en el país y en el exterior. Adhesión de la provincia a la Ley Nacional 27.260. Impuesto de sellos. Impuesto sobre los Ingresos Brutos....",www.saij.gob.ar/LPT0008908
Tucumán,Ley,8919,"Vigente, de alcance general",2016-03-22,2016-09-29,LEY 8.919,"Creación de Foros Municipales, Foros Comunales y Foros Vecinales de Seguridad. Integración","Creación de Foros Municipales, Foros Comunales y Foros Vecinales de Seguridad. Integración. Funciones. Organización. Se invita a su adhesión a las municipalidades.",www.saij.gob.ar/LPT0008919
Tucumán,Ley,8922,"Vigente, de alcance general",2016-09-01,2016-10-05,LEY 8.922,Creación de la Comisión Provincial para la Prevención e Intervención en el Abuso Sexual Infantil,"Prevención del Abuso Sexual Infantil (ASI). Creación de la Comisión Provincial para la Prevención e Intervención en el Abuso Sexual Infantil: función. Registro de organizaciones no gubernamentales con personería jurídica, para el desarrollo de...",www.saij.gob.ar/LPT0008922
Tucumán,Ley,8933,"Vigente, de alcance general",2016-10-20,2016-11-17,LEY 8.933,CODIGO PROCESAL PENAL,CODIGO PROCESAL PENAL,www.saij.gob.ar/LPT0008933
Tucumán,Ley,8934,"Vigente, de alcance general",2016-10-20,2016-11-17,LEY 8.934,Implenentación del Código Procesal penal de la provincia de Tucumán,Implenentación del Código Procesal penal de la provincia de Tucumán,www.saij.gob.ar/LPT0008934
Tucumán,Ley,8944,"Vigente, de alcance general",2016-11-24,2016-12-20,LEY 8.944,"Modificación del artículo 3, de la Ley N° 8931",Se modifica el artículo 3 de la Ley 8931.,www.saij.gob.ar/LPT0008944
Tucumán,Ley,8945,"Vigente, de alcance general",2016-11-24,2016-12-20,LEY 8.945,Adhesión de la Provincia de Tucumán a la Ley Nacional N° 27.131,La Provincia de Tucumán adhiera a la Ley Nacional N° 27.131 que declara el 29 de Noviembre de cada año como el Día Nacional del Politólogo/a.,www.saij.gob.ar/LPT0008945
Tucumán,Ley,8946,"Vigente, de alcance general",2016-09-08,2016-12-20,LEY 8.946,Régimen de Libertad condicional y procesados. Protección de personas. Uso de dispositivos por parte de jueces,"Régimen de Libertad condicional y procesados y sujetos con medidas cautelares, que tengan por objeto la protección de personas. Uso de dispositivos control y monitoreo por parte de los jueces.",www.saij.gob.ar/LPT0008946
Tucumán,Ley,8965,"Vigente, de alcance general",2016-12-21,2016-12-28,LEY 8.965,Código Tributario. Contribuyentes y responsables. Sitio informático seguro del domicilio fiscal electrónico,"Código Tributario. Sitio informático seguro del domicilio fiscal electrónico, con la finalidad que los contribuyentes y responsables den cumplimiento a sus obligaciones. Modificación al Código Fiscal.",www.saij.gob.ar/LPT0008965
Tucumán,Ley,8966,"Vigente, de alcance general",2016-12-21,2017-01-04,LEY 8.966,Modificación a la Ley N° 8734 sobre Regulación del Proceso de Jurado de Enjuiciamiento,Se modifica la Ley N° 8734 sobre Regulación del Proceso de Jurado de Enjuiciamiento.,www.saij.gob.ar/LPT0008966
Tucumán,Ley,8967,"Vigente, de alcance general",2016-12-28,2017-01-04,LEY 8.967,"Creación de Juzgados Especializados en Violencia contra la Mujer, Fiscalías y Defensorias Oficiales","Creación de Juzgados Especializados en Violencia contra la Mujer, Fiscalías y Defensorias Oficiales",www.saij.gob.ar/LPT0008967
Tucumán,Ley,8968,"Vigente, de alcance general",2016-12-21,2017-01-04,LEY 8.968,"Se otorga plena eficacia jurídica y valor probatorio a las notificaciones judiciales realizadas por medios digitales, leyes sucesivas que reglamenten su ejercicio, y acordadas de la Corte Suprema de Justicia de la Provincia de Tucumán","Se otorga plena eficacia jurídica y valor probatorio a las notificaciones judiciales realizadas por medios digitales, leyes sucesivas que reglamenten su ejercicio, y acordadas de la Corte Suprema de Justicia de la Provincia de Tucumán.",www.saij.gob.ar/LPT0008968
Tucumán,Ley,8969,"Vigente, de alcance general",2016-12-21,2017-01-05,LEY 8.969,Modificación al Código Procesal Laboral. Composición y competencia de los tribunales del Trabajo,Modificación al Código Procesal Laboral. Composición y competencia de los tribunales del Trabajo. Competencia de los jueces. Supuestos de competencia material. Regulación de honorarios.,www.saij.gob.ar/LPT0008969
Tucumán,Ley,8970,"Vigente, de alcance general",2016-12-21,2017-01-04,LEY 8.970,Modificación del Código Procesal Administrativo,Se modifica el Código Procesal Administrativo.,www.saij.gob.ar/LPT0008970
Tucumán,Ley,8971,"Vigente, de alcance general",2016-12-21,2017-01-04,LEY 8.971,Modificación de la Ley Orgánica del Poder Judicial respecto al Fuero Laboral y Contencioso Administrativo.,Se modifica la Ley Orgánica del Poder Judicial respecto al Fuero Laboral y Contencioso Administrativo.,www.saij.gob.ar/LPT0008971
Tucumán,Ley,8973,"Vigente, de alcance general",2016-12-07,2017-01-05,LEY 8.973,Institúyese el mes de Octubre de cada año como 'Mes de Concientización sobre el Cáncer de Mama',"Se instituye el mes de Octubre de cada año como 'Mes de Concientización sobre el Cáncer de Mama' en el ámbito de la Provincia de Tucumán, con el objeto de ayudar a concientizar a la población sobre esta enfermedad, impulsar su prevención y detección...",www.saij.gob.ar/LPT0008973
Tucumán,Ley,8974,"Vigente, de alcance general",2016-12-07,2017-01-05,LEY 8.974,Adhesión de la Provincia a la Ley Nacional N° 27.305 de incorporación al Programa Médico Obligatorio (PMO) de la cobertura de leches medicamentosas a pacientes con Alergia a la Proteína de la Leche Vacuna (APLV). Creación del Programa de Detección Temprana y Tratamiento Integral de la Alergia a la Proteína de Leche Vacuna (APLV).,La Provincia de Tucumán se adhiere a la Ley Nacional N° 27.305 de incorporación al Programa Médico Obligatorio (PMO) de la cobertura de leches medicamentosas a pacientes con Alergia a la Proteína de la Leche Vacuna (APLV). Se crea en el ámbito de la...,www.saij.gob.ar/LPT0008974
Tucumán,Ley,8975,"Vigente, de alcance general",2016-12-07,2017-01-05,LEY 8.975,Adhesión de la Provincia a la Ley Nacional N° 26.872 (Patología mamaria. Cirugías reconstructivas. Cobertura).,La Provincia de Tucumán adhiere a la Ley Nacional N° 26.872 (Patología mamaria. Cirugías reconstructivas. Cobertura).,www.saij.gob.ar/LPT0008975
Tucumán,Ley,8976,"Vigente, de alcance general",2016-12-07,2017-01-05,LEY 8.976,Adhesión de la Provincia a la Ley N° 27.159 (Muerte Súbita. Sistema de Prevención Integral).,La Provincia de Tucumán adhiere a la Ley N° 27.159 (Muerte Súbita. Sistema de Prevención Integral).,www.saij.gob.ar/LPT0008976
Tucumán,Ley,8979,"Vigente, de alcance general",2016-12-28,2017-02-03,LEY 8.979,"Marca Oficial provincial, para posicionarla en el contexto regional, nacional e internacional, a partir del 01/01/2017","Papelería, publicaciones, folletería y sitios web oficiales. Marca Oficial de la Provincia, para posicionarla en el contexto regional, nacional e internacional, a partir del 1 de enero de 2017.",www.saij.gob.ar/LPT0008979
Tucumán,Ley,8980,"Vigente, de alcance general",2016-12-28,2017-02-03,LEY 8.980,"Cesión de inmuebles al Estado Nacional a los fines de su afectación al régimen de la Ley N° 22.351 de Parques Nacionales, Monumentos Naturales y Reservas Nacionales","Cesión de inmuebles al Estado Nacional a los fines de su afectación al régimen de la Ley N° 22.351 de Parques Nacionales, Monumentos Naturales y Reservas Nacionales.",www.saij.gob.ar/LPT0008980
Tucumán,Ley,8981,"Vigente, de alcance general",2016-12-21,2017-02-10,LEY 8.981,"Declaración de Emergencia por Violencia contra la Mujer, por el término de dos años","Declaración de Emergencia por Violencia contra la Mujer, por el término de dos años, con el objetivo de reforzar la política preventiva en la materia, y optimizar los recursos del Estado.",www.saij.gob.ar/LPT0008981
Tucumán,Ley,8982,"Vigente, de alcance general",2016-12-21,2017-02-10,LEY 8.982,Acceso gratuito y expedito a la justicia a las víctimas de Violencia contra la Mujer. Creación de un cuerpo de Abogados,Acceso gratuito y expedito a la justicia a las víctimas de Violencia contra la Mujer. Creación del Cuerpo de Abogados para Víctimas de Violencia contra la Mujer. Creación del Registro de Agresores por Violencia contra la Mujer.,www.saij.gob.ar/LPT0008982
Tucumán,Ley,8984,"Vigente, de alcance general",2016-12-21,2017-03-02,LEY 8.984,"Establecimiento de un Sistema de Fomento a la Inversión en proyectos de impacto social en Salud, Educación y Tecnología","Establecimiento de un Sistema de Fomento a la Inversión en proyectos de impacto social en Salud, Educación y Tecnología. Beneficiarios. Obtención de los beneficios: Requisitos.",www.saij.gob.ar/LPT0008984
Tucumán,Ley,8986,"Vigente, de alcance general",2016-12-07,2017-03-07,LEY 8.986,Se establece la Ley de Juego Responsable en la Provincia,"Se establece la Ley de Juego Responsable en la Provincia, que tiene como objetivo la prevención de la ludopatía. Regulación del funcionamiento de las salas de juegos de azar.",www.saij.gob.ar/LPT0008986
Tucumán,Ley,8987,"Vigente, de alcance general",2017-02-16,2017-03-07,LEY 8.987,Régimen de Libertad condicional y procesados. Dispositivos electrónicos de control y monitoreo,"Régimen de Libertad condicional y procesados y sujetos con medidas cautelares, que tengan por objeto la protección de personas. Los Jueces de Instrucción y de Ejecución de Sentencia podrán utilizar dispositivos control y monitoreo. Modificación de...",www.saij.gob.ar/LPT0008987
Tucumán,Ley,8988,"Vigente, de alcance general",2017-02-16,2017-03-08,LEY 8.988,Modificación al Código Procesal Laboral. Competencia de los Jueces del Trabajo,"Código Procesal Laboral. Composición de la Magistratura del Trabajo, Competencia de los Jueces, plazo en el que deben dictar sentencia definitiva. Intervención directa en la audiencia de conciliación. Modificación de la Ley 6024.",www.saij.gob.ar/LPT0008988
Tucumán,Ley,8990,"Vigente, de alcance general",2016-12-21,2017-03-20,LEY 8.990,"Se incorpora al Registro previsto en el Art. 18 de la Ley N° 7484, a prestadores de servicios turísticos mediante contratos conforme a lo previsto en la Ley Nacional N° 27.221.","Se incorpora al Registro previsto en el Art. 18 de la Ley N° 7484, a prestadores de servicios turísticos mediante contratos conforme a lo previsto en la Ley Nacional N° 27.221.",www.saij.gob.ar/LPT0008990
Tucumán,Ley,8991,"Vigente, de alcance general",2017-03-20,2017-03-23,LEY 8.991,Se declara Patrimonio Natural y Cultural al Arbolado Público de la Provincia,Declaración de Patrimonio Natural y Cultural y bien Público al Arbolado Público de la Provincia. Definición. Ámbito de aplicación. Estrategias y objetivos. Autoridad de aplicación. Funciones.,www.saij.gob.ar/LPT0008991
Tucumán,Ley,8992,"Vigente, de alcance general",2017-03-23,2017-03-29,LEY 8.992,Modificación de la Ley N° 8983 - Ministerio Pupilar y de la Defensa y Ministerio Público Fiscal,Modificación de la Ley N° 8983 - Ministerio Pupilar y de la Defensa y Ministerio Público Fiscal,www.saij.gob.ar/LPT0008992
Tucumán,Ley,8994,Derogada,2016-10-27,2017-04-05,LEY 8.994,"Generación distribuida de energía eléctrica basada en energías renovables en el sector residencial, comercial e industrial","Generación distribuida de energía eléctrica basada en energías renovables en el sector residencial, comercial e industrial.",www.saij.gob.ar/LPT0008994
Tucumán,Ley,8995,"Vigente, de alcance general",2017-03-31,2017-04-04,LEY 8.995,"Ratifica Decreto Acuerdo de Necesidad y Urgencia N° 2/1 de fecha 30/03/2017, por el que se declara el Estado de Emergencia Hídrica, Social, Comunitaria y Agropecuaria en departamentos de la Provincia de Tucumán.","Ratifica Decreto Acuerdo de Necesidad y Urgencia N° 2/1 de fecha 30/03/2017, por el que se declara el Estado de Emergencia Hídrica, Social, Comunitaria y Agropecuaria en departamentos de la Provincia de Tucumán.",www.saij.gob.ar/LPT0008995
Tucumán,Ley,8996,"Vigente, de alcance general",2017-04-10,2017-04-17,LEY 8.996,Aprobación del Estatuto para el Personal que preste servicios remunerados en jurisdicción del Poder Legislativo,Aprobación del Estatuto para el Personal que preste servicios remunerados en jurisdicción del Poder Legislativo de la Provincia. Excepciones. Incompatibilidades y prohibiciones.,www.saij.gob.ar/LPT0008996
Tucumán,Ley,8997,"Vigente, de alcance general",2017-03-23,2017-04-26,LEY 8.997,Modifica la Ley N° 5121 y sus modificatorias (Código Tributario Provincial) y la Ley 8467 y sus modificatorias (Ley Impositiva de la Provincia).,Modifica la Ley N° 5121 y sus modificatorias (Código Tributario Provincial) y la Ley 8467 y sus modificatorias (Ley Impositiva de la Provincia).,www.saij.gob.ar/LPT0008997
Tucumán,Ley,9001,"Vigente, de alcance general",2017-03-23,2017-04-26,LEY 9.001,"Obligatoriedad de venta productos y alimentos saludables en todo kiosco, cantina y cualquier otro punto de expendio","Obligatoriedad de la venta productos y alimentos saludables en todo kiosco, cantina y cualquier otro punto de expendio, en ámbitos de establecimientos educativos y clubes, de carácter público o privado. Exhibición de letreros: Kiosco Saludable y el...",www.saij.gob.ar/LPT0009001
Tucumán,Ley,9004,"Vigente, de alcance general",2017-04-27,2017-05-12,LEY 9.004,Aprobación del Acuerdo de Financiamiento y Colaboración suscripto el 29 de marzo de 2017,"Aprobación del Acuerdo de Financiamiento y Colaboración, suscripto el 29 de marzo de 2017, con el objeto de realizar acciones mutuas de cooperación que sirvan al mejor desarrollo institucional.",www.saij.gob.ar/LPT0009004
Tucumán,Ley,9007,"Vigente, de alcance general",2017-04-27,2017-05-18,LEY 9.007,Modifica el artículo 3° de la Ley 8773. Faculta a las Comunas Rurales a suscribir convenios de préstamo con el Poder Judicial Provincial.,Modifica el artículo 3° de la Ley 8773. Faculta a las Comunas Rurales a suscribir convenios de préstamo con el Poder Judicial Provincial.,www.saij.gob.ar/LPT0009007
Tucumán,Ley,9009,"Vigente, de alcance general",2017-04-27,2017-05-18,LEY 9.009,Creación del Observatorio Provincial de Drogas,Creación del Observatorio Provincial de Drogas,www.saij.gob.ar/LPT0009009
Tucumán,Ley,9010,"Vigente, de alcance general",2017-04-27,2017-05-24,LEY 9.010,"Establece disposiciones en caso de amenazas y/o lesiones al Personal Docente y no Docente de establecimientos públicos o privados, a los profesionales y trabajadores de salud y sobre daños efectuados en bienes muebles o inmuebles de dichos establecimientos.","Establece disposiciones en caso de amenazas y/o lesiones al Personal Docente y no Docente de establecimientos públicos o privados, a los profesionales y trabajadores de salud y sobre daños efectuados en bienes muebles o inmuebles de dichos...",www.saij.gob.ar/LPT0009010
Tucumán,Ley,9011,"Vigente, de alcance general",2017-04-27,2017-05-24,LEY 9.011,"Creación del Consejo Asesor de la Magistratura, en jurisdicción del Poder Judicial de la Provincia de Tucumán.","Creación del Consejo Asesor de la Magistratura, en jurisdicción del Poder Judicial de la Provincia de Tucumán.",www.saij.gob.ar/LPT0009011
Tucumán,Ley,9013,"Vigente, de alcance general",2017-05-18,2017-05-24,LEY 9.013,"Restablece la vigencia de la Ley 8873. Régimen de Facilidades de Pago para Impuestos Provinciales vencidos al 31 de marzo de 2017, inclusive.","Restablece la vigencia de la Ley 8873. Régimen de Facilidades de Pago para Impuestos Provinciales vencidos al 31 de marzo de 2017, inclusive.",www.saij.gob.ar/LPT0009013
Tucumán,Ley,9014,"Vigente, de alcance general",2017-04-27,2017-05-26,LEY 9.014,Creación del Programa Provincial de Lucha contra la Enfermedad de Alzheimer y otras demencias.,Creación del Programa Provincial de Lucha contra la Enfermedad de Alzheimer y otras demencias.,www.saij.gob.ar/LPT0009014
Tucumán,Ley,9015,Derogada,2017-05-18,2017-06-08,LEY 9.015,Declaración de utilidad pública y expropiación de inmuebles ubicados en la localidad de San Miguel de Tucumán,Declaración de utilidad pública y expropiación de inmuebles ubicados en la localidad de San Miguel de Tucumán,www.saij.gob.ar/LPT0009015
Tucumán,Ley,9016,"Vigente, de alcance general",2017-05-18,2017-06-08,LEY 9.016,Creación del Colegio de Profesionales en Obstetricia de la Provincia de Tucumán,Creación del Colegio de Profesionales en Obstetricia de la Provincia de Tucumán,www.saij.gob.ar/LPT0009016
Tucumán,Ley,9018,"Vigente, de alcance general",2017-05-14,2017-06-15,LEY 9.018,"Desarrollo integral de las personas. Fomento del desarrollo del deporte, la cultura física y la recreación","Desarrollo integral de las personas. Fomento del desarrollo del deporte, la cultura física y la recreación. Exención del pago de gravamen para instituciones deportivas, que cuenten con el Certificado de Normal Funcionamiento.",www.saij.gob.ar/LPT0009018
Tucumán,Ley,9019,"Vigente, de alcance general",2017-06-08,2017-06-23,LEY 9.019,Se autoriza al Poder Ejecutivo de la provincia a destinar fondos para la ejecución de obras o adquisición de bienes y servicios,Se autoriza al Poder Ejecutivo de la provincia a destinar fondos para la ejecución de obras o adquisición de bienes y servicios,www.saij.gob.ar/LPT0009019
Tucumán,Ley,9020,"Vigente, de alcance general",2017-06-22,2017-06-26,LEY 9.020,"Adhesión de la Provincia de Tucumán a la Ley Nacional N° 26.876, que declara el día 27 de Junio de cada año, Día del Trabajador del Estado","Adhesión de la Provincia de Tucumán a la Ley Nacional N° 26.876, que declara el día 27 de Junio de cada año, Día del Trabajador del Estado",www.saij.gob.ar/LPT0009020
Tucumán,Ley,9022,"Vigente, de alcance general",2017-06-29,2017-07-03,LEY 9.022,"Adhesión provincial a la Ley Nacional N° 27.350, sobre el uso medicinal de la planta de cannabis y sus derivados",Adhesión de la Provincia de Tucumán a la Ley Nacional N° 27.350 (Uso Medicinal de la Planta de Cannabis y sus derivados).,www.saij.gob.ar/LPT0009022
Tucumán,Ley,9023,"Vigente, de alcance general",2017-06-08,2017-07-03,LEY 9.023,Adhesión a la ley nacional destinada para personas que requieran de un suministro eléctrico constante,"Adhesión a la ley nacional destinada a personas que por cuestiones de salud, requieran de un suministro eléctrico constante, 27.351. Creación del Registro Provincial de Electrodependientes, SIPROSA (Sistema Provincial de Salud).",www.saij.gob.ar/LPT0009023
Tucumán,Ley,9024,"Vigente, de alcance general",2017-06-08,2017-07-03,LEY 9.024,"Se dispone la eliminación gradual del uso del mercurio, en los establecimientos públicos y privados de salud de la Provincia.","Se diispóne la eliminación gradual del uso del mercurio, en los establecimientos públicos y privados de salud de la Provincia.",www.saij.gob.ar/LPT0009024
Tucumán,Ley,9026,"Vigente, de alcance general",2017-06-08,2017-07-04,LEY 9.026,"Proyectos y Campañas que Promuevan la Erradicación de Violencia contra Mujeres, Niñas, Niños y Adolescentes: Distinción","Establecimiento de la Distinción a Proyectos y Campañas que Promuevan la Erradicación de la Violencia contra Mujeres, Niñas, Niños y Adolescentes. Procedimiento.",www.saij.gob.ar/LPT0009026
Tucumán,Ley,9027,"Vigente, de alcance general",2017-06-22,2017-07-04,LEY 9.027,Se otorgan facultades de administración a la Caja Popular de Ahorros de la Provincia de Tucumán (CPA),La Caja Popular de Ahorros de la Provincia de Tucumán (CPA) queda facultada a realizar operaciones de administración.,www.saij.gob.ar/LPT0009027
Tucumán,Ley,9028,"Vigente, de alcance general",2017-06-22,2017-07-04,LEY 9.028,Se aprueba el Convenio Marco de Cooperación y Asistencia Técnica entre el Gobierno de la Provincia y la Asociación Tucumana de Citrus (ATC),Se aprueba el Convenio Marco de Cooperación y Asistencia Técnica firmado entre el Gobierno de la Provincia y la Asociación Tucumana de Citrus (ATC),www.saij.gob.ar/LPT0009028
Tucumán,Ley,9029,"Vigente, de alcance general",2017-06-22,2017-07-04,LEY 9.029,Expropiacion de inmuebles,Se declara bienes inmuebles sujetos a expropiación,www.saij.gob.ar/LPT0009029
Tucumán,Ley,9030,"Vigente, de alcance general",2017-06-22,2017-07-04,LEY 9.030,Ente autarquico Mercedes Sosa,Se modifica la normativa del Ente Autarquico Mercedes Sosa,www.saij.gob.ar/LPT0009030
Tucumán,Ley,9031,"Vigente, de alcance general",2016-12-21,2017-07-11,LEY 9.031,Donacion de inmuebles,Se transfiere en donación propiedades a la entidad de bien público 'Hermanas de la Compañía de la Cruz (Hermanas de la Cruz)',www.saij.gob.ar/LPT0009031
Tucumán,Ley,9032,"Vigente, de alcance general",2017-06-08,2017-07-11,LEY 9.032,Se autoriza al Servicio Provincial de Agua Potable y Saneamiento (Se.P.A.Py.S) a tomar el préstamo proveniente del Programa de Obras Menores de Saneamiento -PROMES-,Se autoriza a tomar prestamo para obras,www.saij.gob.ar/LPT0009032
Tucumán,Ley,9033,"Vigente, de alcance general",2017-06-22,2017-07-12,LEY 9.033,Cuidado integral de la salud de las personas con fibromialgia. Creación del Programa Provincial de Prevención,"Ley sobre el Cuidado integral de la salud de las personas con fibromialgia. Creación del Programa Provincial de Prevención, Tratamiento, Control y Asistencia de la Fibromialgia. Inclusión dentro del Programa Médico Obligatorio (PMO).",www.saij.gob.ar/LPT0009033
Tucumán,Ley,9034,"Vigente, de alcance general",2016-12-21,2017-07-20,LEY 9.034,"Se cede un inmueble en comodato, por el término de veinte (20) años, prorrogables por igual período, a la 'Asociación Civil Centro de Oficiales Retirados Azul Policía de Tucumán - C.O.R.A.P.T'",Se da en  comodato un inmueble a la 'Asociación Civil Centro de Oficiales Retirados Azul Policía de Tucumán - C.O.R.A.P.T',www.saij.gob.ar/LPT0009034
Tucumán,Ley,9035,"Vigente, de alcance general",2017-06-22,2017-07-24,LEY 9.035,Transferencia de propiedades a titulo gratuito a sus ocupantes,El gobienro de la provincia transfiere propiedades a titulo gratuito,www.saij.gob.ar/LPT0009035
Tucumán,Ley,9036,"Vigente, de alcance general",2017-06-22,2017-07-24,LEY 9.036,Mediación en Justicia de Paz letrada,Mediación en Justicia de Paz letrada,www.saij.gob.ar/LPT0009036
Tucumán,Ley,9037,"Vigente, de alcance general",2017-06-22,2017-07-27,LEY 9.037,"Se instituye el día 19 de Noviembre de cada año como 'Día para la Prevención del Abuso contra las Niñas, Niños y Adolescentes'.","Se instituye el 'Día para la Prevención del Abuso contra las Niñas, Niños y Adolescentes'.",www.saij.gob.ar/LPT0009037
Tucumán,Ley,9038,"Vigente, de alcance general",2017-07-06,2017-07-31,LEY 9.038,Se modifican articulos de leyes impositivas,Modificacion de normativa impositiva,www.saij.gob.ar/LPT0009038
Tucumán,Ley,9039,"Vigente, de alcance general",2017-07-06,2017-07-31,LEY 9.039,Adhesión a la ley nacional 25.054 de Bombero Voluntario,Adhesión de la provincia a la ley nacional 25.054 de Bombero Voluntario.,www.saij.gob.ar/LPT0009039
Tucumán,Ley,9040,"Vigente, de alcance general",2017-04-28,2017-08-14,LEY 9.040,"Adhiérese la Provincia a la Ley Nacional N° 27.218, 'Régimen tarifario específico para las entidades de bien público'.","Adhiérese la Provincia a la Ley Nacional N° 27.218, 'Régimen tarifario específico para las entidades de bien público'.",www.saij.gob.ar/LPT0009040
Tucumán,Ley,9041,"Vigente, de alcance general",2017-07-06,2017-08-14,LEY 9.041,Cesión de inmuebles a favor del Estado Nacional. Modificación de la ley 8980,Cesión de inmuebles a favor del Estado Nacional. Modificación de la ley 8980.,www.saij.gob.ar/LPT0009041
Tucumán,Ley,9043,"Vigente, de alcance general",2017-08-03,2017-08-14,LEY 9.043,"Adhiérase en todos sus términos a las disposiciones del Capítulo IX de la Ley Nacional N° 27.341, correspondiente al Régimen Federal de Responsabilidad Fiscal.","Adhiérase en todos sus términos a las disposiciones del Capítulo IX de la Ley Nacional N° 27.341, correspondiente al Régimen Federal de Responsabilidad Fiscal.",www.saij.gob.ar/LPT0009043
Tucumán,Ley,9044,"Vigente, de alcance general",2017-04-27,2017-08-25,LEY 9.044,"Declárase de utilidad pública y sujeto a expropiación, un inmueble ubicado en la localidad de El Manantial, departamento Lules.","Declárase de utilidad pública y sujeto a expropiación, un inmueble ubicado en la localidad de El Manantial, departamento Lules.",www.saij.gob.ar/LPT0009044
Tucumán,Ley,9045,"Vigente, de alcance general",2017-08-03,2017-08-25,LEY 9.045,Adhiérase la Provincia a la Ley Nacional N° 25.938.,Adhiérase la Provincia a la Ley Nacional N° 25.938.,www.saij.gob.ar/LPT0009045
Tucumán,Ley,9046,"Vigente, de alcance general",2016-12-07,2017-08-25,LEY 9.046,"Establécese el Día del Trabajador Azucarero, el día 22 de Agosto de cada año.","Establécese el Día del Trabajador Azucarero, el día 22 de Agosto de cada año.",www.saij.gob.ar/LPT0009046
Tucumán,Ley,9047,"Vigente, de alcance general",2017-08-03,2017-09-04,LEY 9.047,Expropiación de inmueble ubicado en la Ciudad de Concepción - Tucumán,Expropiación de inmueble ubicado en la Ciudad de Concepción - Tucumán,www.saij.gob.ar/LPT0009047
Tucumán,Ley,9049,"Vigente, de alcance general",2017-07-06,2017-09-04,LEY 9.049,Licencia especial deportiva. Adhesión provincial,Licencia especial deportiva. Adhesión provincial,www.saij.gob.ar/LPT0009049
Tucumán,Ley,9050,"Vigente, de alcance general",2017-07-06,2017-09-04,LEY 9.050,Promoción del voluntariado social,Promoción del voluntariado social,www.saij.gob.ar/LPT0009050
Tucumán,Ley,9051,"Vigente, de alcance general",2017-08-30,2017-09-18,LEY 9.051,Homenaje a los ex soldados combatientes conscriptos oriundos de la Provincia de Tucumán. Modifica la Ley 7205 y sus modificatorias Nº 7233 y Nº 7302,Homenaje a los ex soldados combatientes conscriptos oriundos de la Provincia de Tucumán. Modifica la Ley 7205 y sus modificatorias Nº 7233 y Nº 7302.,www.saij.gob.ar/LPT0009051
Tucumán,Ley,9052,"Vigente, de alcance general",2017-08-30,2017-09-18,LEY 9.052,Modificación de la Ley N° 8934,Modificación de la Ley N° 8934 - Ley de Implementación del Código Procesal Penal de Tucumán.,www.saij.gob.ar/LPT0009052
Tucumán,Ley,9057,"Vigente, de alcance general",2017-10-11,2017-11-01,LEY 9.057,Emergencia en Seguridad Pública,"Se declara la emergencia en seguridad pública, la emergencia en política carcelaria y policial, la emergencia en materia de tratamiento y recuperación de adictos y la emergencia en seguridad vial en todo el territorio provincial. Adhesión de la...",www.saij.gob.ar/LPT0009057
Tucumán,Ley,9061,"Vigente, de alcance general",2017-12-05,2017-12-13,LEY 9.061,"Autorízase al Poder Ejecutivo a ceder en comodato a la Comuna de Santa Cruz y La Tuna, un inmueble ubicado en esa localidad, departamento Simoca.","Autorízase al Poder Ejecutivo a ceder en comodato a la Comuna de Santa Cruz y La Tuna, un inmueble ubicado en esa localidad, departamento Simoca.",www.saij.gob.ar/LPT0009061
Tucumán,Ley,9062,"Vigente, de alcance general",2017-12-13,2017-12-13,LEY 9.062,"Facúltase al Poder Ejecutivo de la Provincia, a otorgar a la Sociedad Aguas del Tucumán SAPEM, un Aporte Financiero No Reintegrable.-","Facúltase al Poder Ejecutivo de la Provincia, a otorgar a la Sociedad Aguas del Tucumán SAPEM, un Aporte Financiero No Reintegrable.-",www.saij.gob.ar/LPT0009062
Tucumán,Ley,9063,"Vigente, de alcance general",2017-12-05,2017-12-13,LEY 9.063,Reemplázase el Artículo 10 de la Ley N° 5673.-,Reemplázase el Artículo 10 de la Ley N° 5673.-,www.saij.gob.ar/LPT0009063
Tucumán,Ley,9064,"Vigente, de alcance general",2017-12-14,2017-12-28,LEY 9.064,Presupuesto General de la Administración Pública Provincial ejercicio 2.018.-,Fíjase en la suma de PESOS SESENTA Y SIETE MIL QUINIENTOS CUATRO MILLONES SEISCIENTOS SESENTA Y SIETE MIL ($67.504.667.000.-) el total de gastos corrientes y de capital del Presupuesto General de la Administración Pública Provincial ejercicio 2.018.-,www.saij.gob.ar/LPT0009064
Tucumán,Ley,9066,"Vigente, de alcance general",2017-12-14,2017-12-26,LEY 9.066,"Prorrógase por el término de un (1) año, a partir de la fecha de su vencimiento, la vigencia de la Ley N° 7875 y sus modificatorias.","Prorrógase por el término de un (1) año, a partir de la fecha de su vencimiento, la vigencia de la Ley N° 7875 y sus modificatorias.",www.saij.gob.ar/LPT0009066
Tucumán,Ley,9067,"Vigente, de alcance general",2017-12-14,2017-12-26,LEY 9.067,Modifícase la Ley N° 8342 y sus modificatorias.-,Modifícase la Ley N° 8342 y sus modificatorias.-,www.saij.gob.ar/LPT0009067
Tucumán,Ley,9068,"Vigente, de alcance general",2017-12-14,2017-12-26,LEY 9.068,Modifícase el Artículo 1° de la Ley N° 8826.-,Modifícase el Artículo 1° de la Ley N° 8826.-,www.saij.gob.ar/LPT0009068
Tucumán,Ley,9069,"Vigente, de alcance general",2017-12-14,2017-12-26,LEY 9.069,"Facúltase al Poder Ejecutivo a otorgar a la firma CERVECERIA Y MALTERIA QUILMES SAICAyG con domicilio en calle Charcas N° 5160 CABA, el beneficio de reintegro a la inversión sobre el proyecto de implementación de un nuevo mecanismo de packaging en el marco de la obra 'Ampliación Planta Acheral'.-","Facúltase al Poder Ejecutivo a otorgar a la firma CERVECERIA Y MALTERIA QUILMES SAICAyG con domicilio en calle Charcas N° 5160 CABA, el beneficio de reintegro a la inversión sobre el proyecto de implementación de un nuevo mecanismo de packaging en...",www.saij.gob.ar/LPT0009069
Tucumán,Ley,9070,"Vigente, de alcance general",2017-12-14,2017-12-26,LEY 9.070,Apruébase el Consenso Fiscal suscripto entre el Gobierno de la Provincia de Tucumán y el Gobierno Nacional el día 16 de Noviembre del 2017.,Apruébase el Consenso Fiscal suscripto entre el Gobierno de la Provincia de Tucumán y el Gobierno Nacional el día 16 de Noviembre del 2017.,www.saij.gob.ar/LPT0009070
Tucumán,Ley,9071,"Vigente, de alcance general",2017-12-14,2017-12-28,LEY 9.071,Modificar la Ley N° 8467 y sus modificatorias (Ley Impositiva de la Provincia),Modificar la Ley N° 8467 y sus modificatorias (Ley Impositiva de la Provincia).-,www.saij.gob.ar/LPT0009071
Tucumán,Ley,9072,"Vigente, de alcance general",2017-12-05,2017-12-28,LEY 9.072,"Declárase de utilidad pública y sujeto a expropiación, un inmueble ubicado en la localidad de Mercedes, departamento Lules.-","Declárase de utilidad pública y sujeto a expropiación, un inmueble ubicado en la localidad de Mercedes, departamento Lules.-",www.saij.gob.ar/LPT0009072
Tucumán,Ley,9073,"Vigente, de alcance general",2017-12-05,2017-12-28,LEY 9.073,"Declárase de utilidad pública y sujeto a expropiación, el inmueble detallado en la Ley N° 8842, con iguales fines que los allí descriptos.","Declárase de utilidad pública y sujeto a expropiación, el inmueble detallado en la Ley N° 8842, con iguales fines que los allí descriptos.",www.saij.gob.ar/LPT0009073
Tucumán,Ley,9074,"Vigente, de alcance general",2017-12-05,2017-12-13,LEY 9.074,Dispónese la colocación en todas las Instituciones Públicas y Privadas cestos de clasificación de residuos conformados por cuatro (4) unidades identificadas con colores.,"Dispónese la colocación en todas las Instituciones Públicas y Privadas, sean estas educativas, comerciales, de servicios de salud entre otros; cestos de clasificación de residuos conformados por cuatro (4) unidades identificadas con los siguientes...",www.saij.gob.ar/LPT0009074
Tucumán,Ley,9075,"Vigente, de alcance general",2017-12-05,2017-12-28,LEY 9.075,Créase en el ámbito de la Provincia de Tucumán el Programa Bancos de Leche Materna.,Créase en el ámbito de la Provincia de Tucumán el Programa Bancos de Leche Materna.,www.saij.gob.ar/LPT0009075
Tucumán,Ley,9076,"Vigente, de alcance general",2017-12-14,2018-01-15,LEY 9.076,"Propiedad Intelectual. Prórroga del plazo de suspensión estipulado en el artículo 6° de la Ley 8847, que suspende el trámite de los juicios en el estado que se encuentren y las medidas cautelares dictadas derivadas de la aplicación de la Ley N° 11.723 de Propiedad Intelectual",Suspensión del trámite de juicios y medidas cautelares dictadas. Prórroga del art. 6 de la Ley 8847.,www.saij.gob.ar/LPT0009076
Tucumán,Ley,9078,"Vigente, de alcance general",2018-03-15,2018-03-20,LEY 9.078,Código Procesal Penal de Tucumán. Prisión preventiva,"Delitos de robo en la vía pública. Desapoderamientos en casas, viviendas, oficinas o lugares cuya residencia sea temporaria ante la ausencia de los propietarios o de sus ocupantes. Prisión preventiva. Plazo. Modificación de la Ley 6203 y sus...",www.saij.gob.ar/LPT0009078
Tucumán,Ley,9079,"Vigente, de alcance general",2017-05-18,2018-03-21,LEY 9.079,Adhesión provincial a la Ley Nacional N° 27.287 de Sistema Nacional para la Gestión Integral del Riesgo y la Protección Civil,Adhesión de la Provincia de Tucumán a la Ley Nacional N° 27.287 sobre el Sistema Nacional para la Gestión Integral del Riesgo y la Protección Civil.,www.saij.gob.ar/LPT0009079
Tucumán,Ley,9103,"Vigente, de alcance general",2017-12-14,2018-06-05,LEY 9.103,Secretaría de Estado de Trabajo. Departamento de Conciliación Laboral Obligatoria Modificación de la Ley 5650,Creación Secretaría de Estado de Trabajo. Departamento de Conciliación Laboral Obligatoria DECLO. Modificación de la Ley 5650.,www.saij.gob.ar/LPT0009103
Tucumán,Ley,9104,"Vigente, de alcance general",2018-03-22,2018-06-07,LEY 9.104,Programa de Tratamiento y Reinserción de Personas con Consumos Problemáticos dentro de los Institutos Penales,"Creación del Programa de Tratamiento y Reinserción de Personas con Consumos Problemáticos dentro de los Institutos Penales de la Provincia, Instituto de Menores Julio Argentino Roca y el Instituto de Menores Santa María Goretti. Creación de un...",www.saij.gob.ar/LPT0009104
Tucumán,Ley,9118,"Vigente, de alcance general",2018-08-02,2018-09-10,LEY 9.118,Tribunal de impugnación,Tribunal de impugnación,www.saij.gob.ar/LPT0009118
Tucumán,Ley,9124,"Vigente, de alcance general",2018-10-04,2018-10-10,LEY 9.124,Eximición de solicitar el certificado de cumplimiento fiscal.,Certificado de Cumplimiento Fiscal. Eximidos de solicitar la emisión.,www.saij.gob.ar/LPT0009124
Tucumán,Ley,9125,"Vigente, de alcance general",2018-10-04,2018-10-10,LEY 9.125,Modificación del Presupuesto General de la Administración Pública Provincial ejercicio 2.018.,Modificación del Presupuesto General de la Administración Pública Provincial ejercicio 2.018.,www.saij.gob.ar/LPT0009125
Tucumán,Ley,9126,"Vigente, de alcance general",2018-10-09,2018-10-11,LEY 9.126,Servicio Penitenciario Provincial.Personal Penitenciario. Ingreso. Escalafón seguridad.,Servicio Penitenciario Provincial.Personal Penitenciario. Ingreso. Escalafón seguridad,www.saij.gob.ar/LPT0009126
Tucumán,Ley,9127,"Vigente, de alcance general",2018-10-04,2018-10-11,LEY 9.127,Emergencia en Seguridad Pública.,Emergencia en Seguridad Pública. Se sustitución el art. 10 de la Ley 9057.,www.saij.gob.ar/LPT0009127
Tucumán,Ley,913,"Vigente, de alcance general",2025-09-19,2025-09-23,LEY 913,"Energía eléctrica. Aprueba el Acta Acuerdo celebrada entre el Poder Ejecutivo y la Empresa EDET S.A., en el marco del Contrato de Concesión del Servicio Público de Distribución Eléctrica, por el cual se fijó fecha límite para el llamado a licitación pública","Energía eléctrica. Aprueba el Acta Acuerdo celebrada entre el Poder Ejecutivo y la Empresa EDET S.A., en el marco del Contrato de Concesión del Servicio Público de Distribución Eléctrica, por el cual se fijó fecha límite para el llamado a licitación...",www.saij.gob.ar/LPT0009913
Tucumán,Ley,9130,"Vigente, de alcance general",2018-10-04,2018-10-31,LEY 9.130,"Homenaje. Se instituye el día 31 de Octubre de cada año, como 'Día Provincial de las Iglesias Evangélicas y Protestantes'.","Homenaje. Se instituye el día 31 de Octubre de cada año, como 'Día Provincial de las Iglesias Evangélicas y Protestantes'.",www.saij.gob.ar/LPT0009130
Tucumán,Ley,9131,"Vigente, de alcance general",2018-10-26,2018-11-01,LEY 9.131,"Conmemoración. Se instituye en todo el territorio de la Provincia, el día 30 de Octubre como el 'Día del Retorno a la Democracia en la República Argentina'.","Conmemoración. Se instituye en todo el territorio de la Provincia, el día 30 de Octubre como el 'Día del Retorno a la Democracia en la República Argentina'.",www.saij.gob.ar/LPT0009131
Tucumán,Ley,9134,"Vigente, de alcance general",2018-10-26,2018-12-07,LEY 9.134,Ley orgánica de Partidos Políticos. Se modifica la Ley 5454.,Ley orgánica de Partidos Políticos. Se modifica la Ley 5454.,www.saij.gob.ar/LPT0009134
Tucumán,Ley,9135,"Vigente, de alcance general",2018-12-06,2018-12-10,LEY 9.135,"Se declara el 8 de Diciembre de cada año Capital de la Provincia de Tucumán, con carácter simbólico, a la ciudad de Concepción, en conmemoración del día de la Inmaculada Concepción de la Virgen María.","Se declara el 8 de Diciembre de cada año Capital de la Provincia de Tucumán, con carácter simbólico, a la ciudad de Concepción, en conmemoración del día de la Inmaculada Concepción de la Virgen María.",www.saij.gob.ar/LPT0009135
Tucumán,Ley,9136,"Vigente, de alcance general",2018-11-30,2018-12-11,LEY 9.136,Aprobación del Consenso Fiscal 2018.,Aprobación del Consenso Fiscal,www.saij.gob.ar/LPT0009136
Tucumán,Ley,9139,"Vigente, de alcance general",2018-10-26,2018-12-19,LEY 9.139,Régimen Electoral de la provincia. Ley de Partidos Políticos. Modificación de las leyes 7876 y 5454.,Régimen Electoral de la provincia. Ley de Partidos Políticos. Modificación de las leyes 7876 y 5454.,www.saij.gob.ar/LPT0009139
Tucumán,Ley,9140,"Vigente, de alcance general",2018-06-22,2018-12-20,LEY 9.140,Estatuto para el personal de la Administración Pública. Se modifica la Ley 5473.,Estatuto para el personal de la Administración Pública. Se modifica la Ley 5473.,www.saij.gob.ar/LPT0009140
Tucumán,Ley,9141,"Vigente, de alcance general",2018-09-30,2018-12-21,LEY 9.141,Caja de previsión y seguridad social para médicos e ingenieros de Tucumán. Se modifica la Ley 7025.,Caja de previsión y seguridad social para médicos e ingenieros de Tucumán. Se modifica la Ley 7025.,www.saij.gob.ar/LPT0009141
Tucumán,Ley,9142,"Vigente, de alcance general",2018-12-18,2018-12-21,LEY 9.142,Regulación del turismo activo.,Regulación del turismo activo.,www.saij.gob.ar/LPT0009142
Tucumán,Ley,9143,"Vigente, de alcance general",2018-12-21,2018-12-28,LEY 9.143,Ratificación del Decreto Acuerdo con invocación de Necesidad y Urgencia N° 2/7 (MS) de fecha 18 de Diciembre de 2018.,Ratificación del Decreto Acuerdo con invocación de Necesidad y Urgencia N° 2/7 (MS) de fecha 18 de Diciembre de 2018.,www.saij.gob.ar/LPT0009143
Tucumán,Ley,9144,"Vigente, de alcance general",2018-12-26,2018-12-28,LEY 9.144,Policías Municipales de Prevención Local. Creación. Convenio Específico de Conformación y Cooperación.,Policías Municipales de Prevención Local. Creación. Convenio Específico de Conformación y Cooperación.,www.saij.gob.ar/LPT0009144
Tucumán,Ley,9145,"Vigente, de alcance general",2018-12-26,2018-12-28,LEY 9.145,Marco regulatorio del uso racional de la fuerza y armas en la Policía de Tucumán para la protección de la ciudadanía y la prevención del delito. Aprobación.,Marco regulatorio del uso racional de la fuerza y armas en la Policía de Tucumán para la protección de la ciudadanía y la prevención del delito. Aprobación.,www.saij.gob.ar/LPT0009145
Tucumán,Ley,9147,"Vigente, de alcance general",2018-12-21,2018-12-28,LEY 9.147,"Ley de Administración Financiera de la Provincia. Prórroga hasta el 31 de diciembre de 2019, la excepción a las disposiciones del Artículo 204 de la Ley N° 6970.","Ley de Administración Financiera de la Provincia. Prórroga hasta el 31 de diciembre de 2019, la excepción a las disposiciones del Artículo 204 de la Ley N° 6970.",www.saij.gob.ar/LPT0009147
Tucumán,Ley,9148,"Vigente, de alcance general",2018-12-21,2018-12-28,LEY 9.148,"Transporte público. Se ratifica el Decreto Acuerdo con invocación de Necesidad y Urgencia N° 3/1 de fecha 19 de Diciembre de 2018, en el cual se otorga un anticipo de subsidio a las empresas prestatarias del Servicio de Transporte Público Automotor de Pasajeros.","Transporte público. Se ratifica el Decreto Acuerdo con invocación de Necesidad y Urgencia N° 3/1 de fecha 19 de Diciembre de 2018, en el cual se otorga un anticipo de subsidio a las empresas prestatarias del Servicio de Transporte Público Automotor...",www.saij.gob.ar/LPT0009148
Tucumán,Ley,9149,"Vigente, de alcance general",2018-12-21,2019-01-08,LEY 9.149,"Presupuesto General de la Administración Nacional para el ejercicio 2019. Adhesión de la provincia a los arts. 67, 68, y 69.","Presupuesto General de la Administración Nacional para el ejercicio 2019. Adhesión de la provincia a los arts. 67, 68, y 69.",www.saij.gob.ar/LPT0009149
Tucumán,Ley,9150,"Vigente, de alcance general",2018-12-26,2019-01-08,LEY 9.150,Impuesto Inmobiliario. Prórroga de plazos.,Impuesto Inmobiliario. Prórroga de plazos.,www.saij.gob.ar/LPT0009150
Tucumán,Ley,9151,"Vigente, de alcance general",2018-12-26,2019-01-02,LEY 9.151,Modificación del Código Tributario de la Provincia de Tucumán y de la Ley Impositiva.,Modificación del Código Tributario de la Provincia de Tucumán y de la Ley Impositiva.,www.saij.gob.ar/LPT0009151
Tucumán,Ley,9156,"Vigente, de alcance general",2018-12-21,2019-01-21,LEY 9.156,"Aprobación del Convenio celebrado entre el Estado Nacional y la Provincia de Tucumán, prevé la cancelación de deudas y créditos recíprocos, suscripto en fecha 5 de Noviembre de 2018.","Aprobación del Convenio celebrado entre el Estado Nacional y la Provincia de Tucumán, prevé la cancelación de deudas y créditos recíprocos, suscripto en fecha 5 de Noviembre de 2018.",www.saij.gob.ar/LPT0009156
Tucumán,Ley,9157,"Vigente, de alcance general",2019-01-16,2019-01-22,LEY 9.157,Convenio de Asistencia Financiera - Programa de Convergencia FiscaL,Convenio de Asistencia Financiera - Programa de Convergencia FiscaL,www.saij.gob.ar/LPT0009157
Tucumán,Ley,9158,"Vigente, de alcance general",2019-01-16,2019-01-22,LEY 9.158,Se prorroga la vigencia de la ley 7875,Prorroga de la vigencia de la ley 7875,www.saij.gob.ar/LPT0009158
Tucumán,Ley,9159,"Vigente, de alcance general",2018-12-21,2019-01-22,LEY 9.159,Régimen de Fomento a la Generación Distribuida de Energía Renovable Integrada a la Red Eléctrica Pública. Adhesión de la provincia a la Ley Nacional 27.424.,Régimen de Fomento a la Generación Distribuida de Energía Renovable Integrada a la Red Eléctrica Pública. Adhesión de la provincia a la Ley Nacional 27.424.,www.saij.gob.ar/LPT0009159
Tucumán,Ley,9161,"Vigente, de alcance general",2018-12-21,2019-01-22,LEY 9.161,"Creación del Programa de Formación y Ayuda Social denominado 'TUCUMAN MANOS A LA OBRA', tendiente a la inclusión de beneficiarios afectados a la formación y capacitación laboral.","Creación del Programa de Formación y Ayuda Social denominado 'TUCUMAN MANOS A LA OBRA', tendiente a la inclusión de beneficiarios afectados a la formación y capacitación laboral.",www.saij.gob.ar/LPT0009161
Tucumán,Ley,9163,"Vigente, de alcance general",2018-11-30,2019-02-15,LEY 9.163,Régimen Electoral de la provincia. Modificación de la Ley 7876.,Régimen Electoral de la provincia. Modificación de la Ley 7876.,www.saij.gob.ar/LPT0009163
Tucumán,Ley,9164,"Vigente, de alcance general",2019-02-11,2019-02-15,LEY 9.164,"Declaración de utilidad pública y sujeto a expropiación, un inmueble ubicado en la ciudad de San Miguel de Tucumán.","Declaración de utilidad pública y sujeto a expropiación, un inmueble ubicado en la ciudad de San Miguel de Tucumán.",www.saij.gob.ar/LPT0009164
Tucumán,Ley,9165,"Vigente, de alcance general",2018-04-26,2019-02-15,LEY 9.165,"Declaración de utilidad pública y sujeto a expropiación, un inmueble ubicado en la ciudad de Concepción, departamento Chicligasta.","Declaración de utilidad pública y sujeto a expropiación, un inmueble ubicado en la ciudad de Concepción, departamento Chicligasta.",www.saij.gob.ar/LPT0009165
Tucumán,Ley,9166,"Vigente, de alcance general",2018-08-30,2019-02-15,LEY 9.166,"Transferencia a título gratuito al Sindicato de Obreros y Empleados y Empleados Municipales de San Miguel de Tucumán, una fracción del inmueble ubicado en el departamento Capital.","Transferencia a título gratuito al Sindicato de Obreros y Empleados y Empleados Municipales de San Miguel de Tucumán, una fracción del inmueble ubicado en el departamento Capital.",www.saij.gob.ar/LPT0009166
Tucumán,Ley,9167,"Vigente, de alcance general",2019-03-22,2019-03-29,LEY 9.167,"Régimen excepcional de facilidades de pago. Restablécese, hasta el 28 de Junio de 2019, la vigencia de la Ley N° 8873.","Régimen excepcional de facilidades de pago. Restablécese, hasta el 28 de Junio de 2019, la vigencia de la Ley N° 8873.",www.saij.gob.ar/LPT0009167
Tucumán,Ley,9168,"Vigente, de alcance general",2018-12-21,2019-04-17,LEY 9.168,Habilitación de sedes administrativas en cada Municipio a fin de verificar el trámite administrativo y percepción de cánones en el marco de la Ley Nacional N° 11.723 sobre Propiedad Intelectual. Suspensión del trámite de juicios y medidas cautelares dictadas. Prórroga de la vigencia del art. 6° de la Ley 8847.,Habilitación de sedes administrativas en cada Municipio a fin de verificar el trámite administrativo y percepción de cánones en el marco de la Ley Nacional N° 11.723 sobre Propiedad Intelectual. Suspensión del trámite de juicios y medidas cautelares...,www.saij.gob.ar/LPT0009168
Tucumán,Ley,9169,"Vigente, de alcance general",2019-03-22,2019-04-17,LEY 9.169,Código Procesal Constitucional. Modificación de la Ley 6944.,Código Procesal Constitucional. Modificación de la Ley 6944.,www.saij.gob.ar/LPT0009169
Tucumán,Ley,9170,"Vigente, de alcance general",2019-04-10,2019-05-10,LEY 9.170,Código Procesal Penal. Se modifica la Ley 8933.,Código Procesal Penal. Se modifica la Ley 8933.,www.saij.gob.ar/LPT0009170
Tucumán,Ley,9171,"Vigente, de alcance general",2019-03-22,2019-04-17,LEY 9.171,Código Procesal Penal. Se modifica la Ley 8933.,Código Procesal Penal. Se modifica la Ley 8933.,www.saij.gob.ar/LPT0009171
Tucumán,Ley,9172,"Vigente, de alcance general",2019-03-22,2019-04-17,LEY 9.172,Ley Orgánica del Poder Judicial. Ministerio Público. Ministerio Fiscal. Auxiliares de Fiscales. Funciones. Código Procesal Penal de la Provincia. Modificación de las Leyes 6238 y 8933.,Ley Orgánica del Poder Judicial. Ministerio Público. Ministerio Fiscal. Auxiliares de Fiscales. Funciones. Código Procesal Penal de la Provincia. Modificación de las Leyes 6238 y 8933.,www.saij.gob.ar/LPT0009172
Tucumán,Ley,9173,"Vigente, de alcance general",2019-03-22,2019-04-17,LEY 9.173,Código Procesal Penal. Justicia penal. Competencia durante el juicio. Se modifica la Ley 8933.,Código Procesal Penal. Justicia penal. Competencia durante el juicio. Se modifica la Ley 8933.,www.saij.gob.ar/LPT0009173
Tucumán,Ley,9174,"Vigente, de alcance general",2019-03-22,2019-09-21,LEY 9.174,Código Procesal Penal de la provincia de Tucumán. Se modifica la Ley 8933.,Código Procesal Penal de la provincia de Tucumán. Se modifica la Ley 8933.,www.saij.gob.ar/LPT0009174
Tucumán,Ley,9175,"Vigente, de alcance general",2019-03-22,2019-04-17,LEY 9.175,Ley Orgánica del Poder Judicial. Se modifica la Ley 6238.,Ley Orgánica del Poder Judicial. Se modifica la Ley 6238.,www.saij.gob.ar/LPT0009175
Tucumán,Ley,9176,"Vigente, de alcance general",2019-03-22,2019-04-17,LEY 9.176,Implementación del Código Procesal Penal de la provincia. Entrada en vigencia. Modificación de la Ley 8934.,Implementación del Código Procesal Penal de la provincia. Entrada en vigencia. Modificación de la Ley 8934.,www.saij.gob.ar/LPT0009176
Tucumán,Ley,9177,"Vigente, de alcance general",2019-04-22,2019-04-26,LEY 9.177,Sistema Educativo Provincial. Titularización del personal docente. Requisitos.,Sistema Educativo Provincial. Titularización del personal docente. Requisitos.,www.saij.gob.ar/LPT0009177
Tucumán,Ley,9180,"Vigente, de alcance general",2019-08-16,2019-08-23,LEY 9.180,Presupuesto General de Gastos y Cálculo de Recursos de la Administración Pública para el ejercicio fiscal año 2019. Modificación de la Ley 9138.,Presupuesto General de Gastos y Cálculo de Recursos de la Administración Pública para el ejercicio fiscal año 2019. Modificación de la Ley 9138.,www.saij.gob.ar/LPT0009180
Tucumán,Ley,9183,"Vigente, de alcance general",2019-08-21,2019-09-02,LEY 9.183,"Decláranse de utilidad pública y sujetos a expropiación, las fracciones de los inmuebles detallados en la","Decláranse de utilidad pública y sujetos a expropiación, las fracciones de los inmuebles detallados en la Ley N° 7755 y su modificatoria Ley N° 8363.",www.saij.gob.ar/LPT0009183
Tucumán,Ley,9184,"Vigente, de alcance general",2019-08-29,2019-09-02,LEY 9.184,Ley Orgánica del Poder Judicial. Modificación de la Ley 6238.,Ley Orgánica del Poder Judicial. Modificación de la Ley 6238.,www.saij.gob.ar/LPT0009184
Tucumán,Ley,9185,"Vigente, de alcance general",2019-09-04,2019-09-05,LEY 9.185,Ley Orgánica Poder Judicial. Modificación de la Ley 6238.,Ley Orgánica Poder Judicial. Modificación de la Ley 6238.,www.saij.gob.ar/LPT0009185
Tucumán,Ley,9186,"Vigente, de alcance general",2019-09-09,2019-09-13,LEY 9.186,"Creación del Consejo Asesor de la Magistratura, en jurisdicción del Poder Judicial de la Provincia de Tucumán. Modificación de la Ley 8197.","Creación del Consejo Asesor de la Magistratura, en jurisdicción del Poder Judicial de la Provincia de Tucumán. Modificación de la Ley 8197.",www.saij.gob.ar/LPT0009186
Tucumán,Ley,9187,"Vigente, de alcance general",2019-09-09,2019-09-13,LEY 9.187,Declaración de utilidad pública y expropiación de inmuebles ubicados en la localidad de San Miguel de Tucumán. Derogación de la Ley 9015.,Declaración de utilidad pública y expropiación de inmuebles ubicados en la localidad de San Miguel de Tucumán. Derogación de la Ley 9015.,www.saij.gob.ar/LPT0009187
Tucumán,Ley,9189,"Vigente, de alcance general",2019-09-30,2019-10-09,LEY 9.189,Administración Pública. Modifica la Planta de Cargos del Presupuesto General de la Provincia para el ejercicio fiscal año 2019.,Administración Pública. Modifica la Planta de Cargos del Presupuesto General de la Provincia para el ejercicio fiscal año 2019.,www.saij.gob.ar/LPT0009189
Tucumán,Ley,9190,"Vigente, de alcance general",2019-10-01,2019-10-09,LEY 9.190,Administración Pública. Modifica la Planta de Cargos del Presupuesto General de la Provincia para el ejercicio fiscal año 2019.,Administración Pública. Modifica la Planta de Cargos del Presupuesto General de la Provincia para el ejercicio fiscal año 2019.,www.saij.gob.ar/LPT0009190
Tucumán,Ley,9192,"Vigente, de alcance general",2019-10-24,2019-11-21,LEY 9.192,"Normas generales y metodología de aplicación para la defensa, conservación y mejoramiento del Ambiente. Se modifica la Ley 6253.","Normas generales y metodología de aplicación para la defensa, conservación y mejoramiento del Ambiente. Se modifica la Ley 6253.",www.saij.gob.ar/LPT0009192
Tucumán,Ley,9193,"Vigente, de alcance general",2019-12-03,2019-12-10,LEY 9.193,Emergencia en Seguridad Pública. Se restablece la vigencia de la Ley 9057.,Emergencia en Seguridad Pública. Se restablece la vigencia de la Ley 9057.,www.saij.gob.ar/LPT0009193
Tucumán,Ley,9199,"Vigente, de alcance general",2019-12-03,2019-12-12,LEY 9.199,"Se establece en el ámbito de la Provincia de Tucumán, el Servicio de Celebración de Matrimonio fuera de las Oficinas Oficiales.","Se establece en el ámbito de la Provincia de Tucumán, el Servicio de Celebración de Matrimonio fuera de las Oficinas Oficiales.",www.saij.gob.ar/LPT0009199
Tucumán,Ley,9214,"Vigente, de alcance general",2019-12-19,2019-12-30,LEY 9.214,Aprobación del Consenso Fiscal suscripto entre el Gobierno de la Provincia de Tucumán y el Gobierno Nacional el día 17 de Diciembre de 2019.,Aprobación del Consenso Fiscal suscripto entre el Gobierno de la Provincia de Tucumán y el Gobierno Nacional el día 17 de Diciembre de 2019.,www.saij.gob.ar/LPT0009214
Tucumán,Ley,9215,"Vigente, de alcance general",2019-12-19,2019-12-30,LEY 9.215,"Administración pública provincial. Se establece que la totalidad de los fondos que administren, se depositarán obligatoriamente en cuentas corrientes bancarias abiertas en el Banco Macro S.A.","Administración pública provincial. Se establece que la totalidad de los fondos que administren, se depositarán obligatoriamente en cuentas corrientes bancarias abiertas en el Banco Macro S.A.",www.saij.gob.ar/LPT0009215
Tucumán,Ley,9218,"Vigente, de alcance general",2020-01-07,2020-01-16,LEY 9.218,Programa 'Producto de Origen Tucumano'. Creación en el ámbito de la provincia.,Programa 'Producto de Origen Tucumano'. Creación en el ámbito de la provincia.,www.saij.gob.ar/LPT0009218
Tucumán,Ley,9219,"Vigente, de alcance general",2019-12-19,2020-01-16,LEY 9.219,"Impuesto sobre los Ingresos Brutos. Se establece hasta el 31 de Diciembre de 2020 inclusive, la alícuota del 0% (cero por ciento) para la venta de azúcar efectuada por productores cañeros maquileros.","Impuesto sobre los Ingresos Brutos. Se establece hasta el 31 de Diciembre de 2020 inclusive, la alícuota del 0% (cero por ciento) para la venta de azúcar efectuada por productores cañeros maquileros.",www.saij.gob.ar/LPT0009219
Tucumán,Ley,9221,"Vigente, de alcance general",2019-12-12,2020-02-07,LEY 9.221,Ley Orgánica del Poder Judicial. Modificación de la Ley 6238.,Ley Orgánica del Poder Judicial. Modificación de la Ley 6238.,www.saij.gob.ar/LPT0009221
Tucumán,Ley,9222,"Vigente, de alcance general",2019-03-22,2020-02-28,LEY 9.222,"Declárase de utilidad pública y sujeto a expropiación, un inmueble ubicado en la ciudad de Monteros, departamento Monteros.","Declárase de utilidad pública y sujeto a expropiación, un inmueble ubicado en la ciudad de Monteros, departamento Monteros.",www.saij.gob.ar/LPT0009222
Tucumán,Ley,9225,"Vigente, de alcance general",2020-03-10,2020-03-13,LEY 9.225,Se establece el  Año 2020 como el AÑO DEL GENERAL MANUEL BELGRANO.,Se establece el  Año 2020 como el AÑO DEL GENERAL MANUEL BELGRANO.,www.saij.gob.ar/LPT0009225
Tucumán,Ley,9226,"Vigente, de alcance general",2020-03-17,2020-03-19,LEY 9.226,"Aprobación del Decreto Acuerdo con invocación a Necesidad y Urgencia N° 1/1 del Poder Ejecutivo con fecha 13 de Marzo de 20200, declarando la Emergencia Epidemiológica en la Provincia.","Aprobación del Decreto Acuerdo con invocación a Necesidad y Urgencia N° 1/1 del Poder Ejecutivo con fecha 13 de Marzo de 20200, declarando la Emergencia Epidemiológica en la Provincia.",www.saij.gob.ar/LPT0009226
Tucumán,Ley,9227,"Vigente, de alcance general",2020-03-17,2020-04-06,LEY 9.227,Código Procesal en lo Civil y Comercial de Tucumán. Se modifica la Ley 6176.,Código Procesal en lo Civil y Comercial de Tucumán. Se modifica la Ley 6176.,www.saij.gob.ar/LPT0009227
Tucumán,Ley,9231,"Vigente, de alcance general",2020-04-07,2020-04-14,LEY 9.231,"Emergencia Sanitaria. Emergencia Epidemiológica. Entidades bancarias.  Se abonarán haberes jubilatorios, pensiones y beneficios sociales a aquellas personas que no puedan percibir su pago mediante cajeros automáticos.","Emergencia Sanitaria. Emergencia Epidemiológica. Entidades bancarias.  Se abonarán haberes jubilatorios, pensiones y beneficios sociales a aquellas personas que no puedan percibir su pago mediante cajeros automáticos.",www.saij.gob.ar/LPT0009232
Tucumán,Ley,9234,"Vigente, de alcance general",2020-04-20,2020-04-21,LEY 9.234,Emergencia Epidemiológica. Programa Especial de Control de Abastecimiento y Precios de Productos Esenciales. Creación en el marco de promover la fiscalización y control del cumplimiento del abastecimiento y precios máximos en el ámbito provincial.,Emergencia Epidemiológica. Programa Especial de Control de Abastecimiento y Precios de Productos Esenciales. Creación en el marco de promover la fiscalización y control del cumplimiento del abastecimiento y precios máximos en el ámbito provincial.,www.saij.gob.ar/LPT0009234
Tucumán,Ley,9235,"Vigente, de alcance general",2020-03-23,2020-04-24,LEY 9.235,Código Tributario de la Provincia de Tucumán. Modificación.,Código Tributario de la Provincia de Tucumán. Modificación.,www.saij.gob.ar/LPT0009235
Tucumán,Ley,9236,"Vigente, de alcance general",2020-03-17,2020-05-05,LEY 9.236,Regularización de tributos. Obligaciones tributarias. Régimen excepcional de facilidades de pago.,Regularización de tributos. Obligaciones tributarias. Régimen excepcional de facilidades de pago.,www.saij.gob.ar/LPT0009236
Tucumán,Ley,9237,"Vigente, de alcance general",2018-11-20,2020-04-28,LEY 9.237,Declaración de Emergencia por Violencia contra la Mujer. Modificación de la Ley 8981.,Declaración de Emergencia por Violencia contra la Mujer. Modificación de la Ley 8981.,www.saij.gob.ar/LPT0009237
Tucumán,Ley,9238,"Vigente, de alcance general",2020-04-30,2020-05-05,LEY 9.238,Energía eléctrica. La Empresa de Distribución Eléctrica de Tucumán Sociedad Anónima (EDET S.A.) deberá facturar todos los suministros contratados en base a fijación de potencia en un monto equivalente al 50% de la potencia contratada.,Energía eléctrica. La Empresa de Distribución Eléctrica de Tucumán Sociedad Anónima (EDET S.A.) deberá facturar todos los suministros contratados en base a fijación de potencia en un monto equivalente al 50% de la potencia contratada.,www.saij.gob.ar/LPT0009238
Tucumán,Ley,9239,"Vigente, de alcance general",2020-04-30,2020-05-06,LEY 9.239,Ley de Implementación del Código Procesal Penal de Tucumán. Se modifica la Ley 8934.,Ley de Implementación del Código Procesal Penal de Tucumán. Se modifica la Ley 8934.,www.saij.gob.ar/LPT0009239
Tucumán,Ley,9240,"Vigente, de alcance general",2020-04-30,2020-05-06,LEY 9.240,"Pandemia. Coronavirus. Se establece el uso obligatorio de barbijos, tapabocas o máscaras faciales a todas las personas que circulen en la vía pública, establecimientos públicos y privados, transporte público, comercios, instituciones bancarias, y demás lugares de concurrencia masiva.","Pandemia. Coronavirus. Se establece el uso obligatorio de barbijos, tapabocas o máscaras faciales a todas las personas que circulen en la vía pública, establecimientos públicos y privados, transporte público, comercios, instituciones bancarias, y...",www.saij.gob.ar/LPT0009240
Tucumán,Ley,9243,"Vigente, de alcance general",2020-03-30,2020-05-15,LEY 9.243,Código Procesal Penal de la Provincia de Tucumán. Modificación de las leyes 8933 y 8934.,Código Procesal Penal de la Provincia de Tucumán. Modificación de las leyes 8933 y 8934.,www.saij.gob.ar/LPT0009243
Tucumán,Ley,9244,"Vigente, de alcance general",2020-04-30,2020-05-15,LEY 9.244,"Se prohíbese a todos los proveedores de servicios de cobranza extrabancaria de servicios públicos, impuestos nacionales, provinciales, tasas municipales, carga virtual de crédito para telefonía celular, televisión satelital, de tarjetas de transporte público de pasajeros, imponer el cobro de cargos extras o sumas adicionales.","Se prohíbese a todos los proveedores de servicios de cobranza extrabancaria de servicios públicos, impuestos nacionales, provinciales, tasas municipales, carga virtual de crédito para telefonía celular, televisión satelital, de tarjetas de...",www.saij.gob.ar/LPT0009244
Tucumán,Ley,9245,"Vigente, de alcance general",2020-04-30,2020-05-18,LEY 9.245,"Servicio Provincial de Transporte Público de Pasajeros. Podrán circular con una cantidad de pasajeros que no supere la capacidad de asientos disponibles, manteniendo el distanciamiento social.","Servicio Provincial de Transporte Público de Pasajeros. Podrán circular con una cantidad de pasajeros que no supere la capacidad de asientos disponibles, manteniendo el distanciamiento social.",www.saij.gob.ar/LPT0009245
Tucumán,Ley,9246,"Vigente, de alcance general",2020-05-18,2020-05-21,LEY 9.246,"Declaración de utilidad pública y sujeto a expropiación la fracción del inmueble, ubicado en la ciudad de Aguilares, departamento Río Chico.","Declaración de utilidad pública y sujeto a expropiación la fracción del inmueble, ubicado en la ciudad de Aguilares, departamento Río Chico.",www.saij.gob.ar/LPT0009246
Tucumán,Ley,9247,"Vigente, de alcance general",2020-05-21,2020-05-22,LEY 9.247,Programa de Capacitación Obligatoria en Temática de Género y Violencia contra las Mujeres. Adhesión provincial a la Ley Nacional N° 27.499.,Programa de Capacitación Obligatoria en Temática de Género y Violencia contra las Mujeres. Adhesión provincial a la Ley Nacional N° 27.499.,www.saij.gob.ar/LPT0009247
Tucumán,Ley,9248,"Vigente, de alcance general",2020-05-21,2020-05-22,LEY 9.248,Servicio de transporte público de pasajeros. Subsidios y compensaciones provinciales y nacionales otorgados a las empresas prestatarias. Pago de sueldos y cargas sociales.,Servicio de transporte público de pasajeros. Subsidios y compensaciones provinciales y nacionales otorgados a las empresas prestatarias. Pago de sueldos y cargas sociales.,www.saij.gob.ar/LPT0009248
Tucumán,Ley,9249,"Vigente, de alcance general",2020-05-21,2020-05-22,LEY 9.249,"Se dispone la rotulación obligatoria con el texto 'PROHIBIDA SU VENTA', en las cajas o envases de leche destinadas a organizaciones civiles y/o sociales de nivel intermedio para personas en situación de vulnerabilidad.","Se dispone la rotulación obligatoria con el texto 'PROHIBIDA SU VENTA', en las cajas o envases de leche destinadas a organizaciones civiles y/o sociales de nivel intermedio para personas en situación de vulnerabilidad.",www.saij.gob.ar/LPT0009249
Tucumán,Ley,9253,"Vigente, de alcance general",2020-06-11,2020-06-12,LEY 9253,Servicio de transporte público de pasajeros. Subsidios y compensaciones provinciales y nacionales otorgados a las empresas prestatarias. Pago de sueldos y cargas sociales. Se deroga el Artículo 2° de la Ley N° 9248.,Servicio de transporte público de pasajeros. Subsidios y compensaciones provinciales y nacionales otorgados a las empresas prestatarias. Pago de sueldos y cargas sociales. Se deroga el Artículo 2° de la Ley N° 9248.,www.saij.gob.ar/LPT0009253
Tucumán,Ley,9254,"Vigente, de alcance general",2020-05-27,2020-06-16,LEY 9.254,"Régimen de licencias especiales para los agentes de los Poderes Ejecutivo, Legislativo y Judicial y/o Entes Autárquicos, Tribunal de Cuentas y Defensoría del Pueblo que tengan a su cargo familiar con discapacidad. Se deroga la Ley N° 5806.","Régimen de licencias especiales para los agentes de los Poderes Ejecutivo, Legislativo y Judicial y/o Entes Autárquicos, Tribunal de Cuentas y Defensoría del Pueblo que tengan a su cargo familiar con discapacidad. Se deroga la Ley N° 5806.",www.saij.gob.ar/LPT0009254
Tucumán,Ley,9255,"Vigente, de alcance general",2020-05-27,2020-06-16,LEY 9.255,Caja de Previsión y Seguridad Social para Profesionales de Tucumán. Se modifica la Ley 6953.,Caja de Previsión y Seguridad Social para Profesionales de Tucumán. Se modifica la Ley 6953.,www.saij.gob.ar/LPT0009255
Tucumán,Ley,9256,"Vigente, de alcance general",2020-05-27,2020-06-16,LEY 9.256,"Plan de Modernización del Estado Provincial, a los fines de lograr su desburocratización sistemática e integral con miras a la simplificación, agilización de los trámites de la ciudadanía y la posibilidad de hacerlos a distancia. Creación. Objetivos.","lan de Modernización del Estado Provincial, a los fines de lograr su desburocratización sistemática e integral con miras a la simplificación, agilización de los trámites de la ciudadanía y la posibilidad de hacerlos a distancia. Creación. Objetivos.",www.saij.gob.ar/LPT0009256
Tucumán,Ley,9258,"Vigente, de alcance general",2020-06-11,2020-06-17,LEY 9.258,"Impuesto sobre los Ingresos Brutos. Se exíme del pago, por un plazo de cinco (5) años, del pago del impuesto a la firma SUIZO ARGENTINA S.A.","Impuesto sobre los Ingresos Brutos. Se exíme del pago, por un plazo de cinco (5) años, del pago del impuesto a la firma SUIZO ARGENTINA S.A.",www.saij.gob.ar/LPT0009258
Tucumán,Ley,9261,"Vigente, de alcance general",2020-06-11,2020-07-02,LEY 9.261,"Se declara la Emergencia Ambiental, Ecológica, y Zona de Protección Arqueológica al denominado Cerro El Pelao, jurisdicción de la comuna de El Mollar, departamento Tafí del Valle, por el término de un (1) año, facultando al Poder Ejecutivo a prorrogarlo por igual término.","Se declara la Emergencia Ambiental, Ecológica, y Zona de Protección Arqueológica al denominado Cerro El Pelao, jurisdicción de la comuna de El Mollar, departamento Tafí del Valle, por el término de un (1) año, facultando al Poder Ejecutivo a...",www.saij.gob.ar/LPT0009261
Tucumán,Ley,9262,"Vigente, de alcance general",2020-06-11,2020-07-02,LEY 9.262,"Programa de Protección al Personal del Sistema de Salud Público y Privado, trabajadores y voluntarios ante la pandemia de coronavirus COVID 19. Adhesión a la Ley Nacional 27.548.","Programa de Protección al Personal del Sistema de Salud Público y Privado, trabajadores y voluntarios ante la pandemia de coronavirus COVID 19. Adhesión a la Ley Nacional 27.548.",www.saij.gob.ar/LPT0009262
Tucumán,Ley,9263,"Vigente, de alcance general",2020-06-11,2020-07-02,LEY 9.263,"Salu Pública. Se establece una multa a toda persona física o jurídica que por cualquier motivo discrimine, publicare o expusiera de forma verbal su desagrado, en contra de las personas que por su condición profesional de la salud tanto público como privado y voluntarios, se encuentren abocados al cuidado y atención de personas que contrajeron la enfermedad producida por el virus COVID 19.","Salu Pública. Se establece una multa a toda persona física o jurídica que por cualquier motivo discrimine, publicare o expusiera de forma verbal su desagrado, en contra de las personas que por su condición profesional de la salud tanto público como...",www.saij.gob.ar/LPT0009263
Tucumán,Ley,9266,"Vigente, de alcance general",2020-06-11,2020-07-03,LEY 9266,"Comisión Provincial de Prevención de la Tortura y otros Tratos o Penas Crueles, Inhumanos o Degradantes. Se modifica la Ley 8523.","Comisión Provincial de Prevención de la Tortura y otros Tratos o Penas Crueles, Inhumanos o Degradantes. Se modifica la Ley 8523.",www.saij.gob.ar/LPT0009266
Tucumán,Ley,9269,"Vigente, de alcance general",2020-07-07,2020-07-14,LEY 9.269,"Emergencia sanitaria y epidemiológica declarada en razón de la pandemia provocada por el COVID-19, establécese el cierre de las fronteras de la Provincia y un mayor control sanitario por el término de sesenta (60) días corridos contados a partir de la publicación de la presente Ley, prorrogables por igual plazo.","Emergencia sanitaria y epidemiológica declarada en razón de la pandemia provocada por el COVID-19, establécese el cierre de las fronteras de la Provincia y un mayor control sanitario por el término de sesenta (60) días corridos contados a partir de...",www.saij.gob.ar/LPT0009269
Tucumán,Ley,9275,"Vigente, de alcance general",2020-07-21,2020-07-23,LEY 9.275,"Se declara de utilidad pública y sujeto a expropiación, el inmueble detallado en la Ley N° 8691.","Se declara de utilidad pública y sujeto a expropiación, el inmueble detallado en la Ley N° 8691.",www.saij.gob.ar/LPT0009275
Tucumán,Ley,9278,"Vigente, de alcance general",2020-07-07,2020-07-30,LEY 9.278,"Programa Provincial de Donación Voluntaria de Plasma Sanguíneo de Pacientes Recuperados de COVID-19, con fines terapéuticos. Creación.","Programa Provincial de Donación Voluntaria de Plasma Sanguíneo de Pacientes Recuperados de COVID-19, con fines terapéuticos. Creación.",www.saij.gob.ar/LPT0009278
Tucumán,Ley,9280,"Vigente, de alcance general",2020-07-23,2020-08-04,LEY 9.280,"Se aprueba en todos sus términos el Convenio para la distribución del fondo de compensación al transporte público de pasajeros celebrado el día 17 de Junio de 2020, entre el Ministerio de Transporte de la Nación y la Provincia de Tucumán","Se aprueba en todos sus términos el Convenio para la distribución del fondo de compensación al transporte público de pasajeros celebrado el día 17 de Junio de 2020, entre el Ministerio de Transporte de la Nación y la Provincia de Tucumán.",www.saij.gob.ar/LPT0009280
Tucumán,Ley,9281,"Vigente, de alcance general",2020-03-22,2020-08-10,LEY 9.281,"Expropiación. Se declara de utilidad y sujeto a expropiación a un inmuebles ubicado en la ciudad de Monteros, departamento Monteros.","Expropiación. Se declara de utilidad y sujeto a expropiación a un inmuebles ubicado en la ciudad de Monteros, departamento Monteros.",www.saij.gob.ar/LPT0009281
Tucumán,Ley,9282,"Vigente, de alcance general",2020-06-25,2020-08-10,LEY 9.282,"Expropiación. Se declara de utilidad y sujeto de expropiación a un inmueble ubicado en la ciudad de Concepción, departamento Chicligasta.","Expropiación. Se declara de utilidad y sujeto de expropiación a un inmueble ubicado en la ciudad de Concepción, departamento Chicligasta.",www.saij.gob.ar/LPT0009282
Tucumán,Ley,9284,"Vigente, de alcance general",2020-08-06,2020-08-14,LEY 9.284,"Ley Orgánica del Poder Judicial. Creación de cargos. Se modifican las Leyes 6238, 8934 y 9243.","Ley Orgánica del Poder Judicial. Creación de cargos. Se modifican las Leyes 6238, 8934 y 9243.",www.saij.gob.ar/LPT0009284
Tucumán,Ley,9285,"Vigente, de alcance general",2020-08-06,2020-08-14,LEY 9285,Código Procesal Penal de la Provincia de Tucumán. Se modifica la Ley 8933.,Código Procesal Penal de la Provincia de Tucumán. Se modifica la Ley 8933.,www.saij.gob.ar/LPT0009285
Tucumán,Ley,9286,"Vigente, de alcance general",2020-07-23,2020-08-21,LEY 9.286,"Declárese de utilidad pública y sujeto de expropiación a una fracción del inmueble ubicado en la comuna de Acheral, departamento Monteros.","Declárese de utilidad pública y sujeto de expropiación a una fracción del inmueble ubicado en la comuna de Acheral, departamento Monteros.",www.saij.gob.ar/LPT0009286
Tucumán,Ley,9287,"Vigente, de alcance general",2020-08-06,2020-08-26,LEY 9.287,Establece preferencia ante paridad de oferta en la adquisición de productos y/o contratación de servicios a empresas radicadas en la provincia. Se deroga la Ley N° 6697.,Establece preferencia ante paridad de oferta en la adquisición de productos y/o contratación de servicios a empresas radicadas en la provincia. Se deroga la Ley N° 6697.,www.saij.gob.ar/LPT0009287
Tucumán,Ley,9288,"Vigente, de alcance general",2020-08-06,2020-08-26,LEY 9.288,"Declaración de utilidad pública y sujetos a expropiación los inmuebles ubicados en la comuna de Los Sosa, departamento Monteros.","Declaración de utilidad pública y sujetos a expropiación los inmuebles ubicados en la comuna de Los Sosa, departamento Monteros.",www.saij.gob.ar/LPT0009288
Tucumán,Ley,9289,"Vigente, de alcance general",2020-08-06,2020-08-26,LEY 9.289,"Declaración de utilidad pública y sujeto a expropiación un inmueble, ubicado en la localidad de San Pedro de Colalao, departamento Trancas.","Declaración de utilidad pública y sujeto a expropiación un inmueble, ubicado en la localidad de San Pedro de Colalao, departamento Trancas.",www.saij.gob.ar/LPT0009289
Tucumán,Ley,9290,"Vigente, de alcance general",2020-08-06,2020-08-26,LEY 9.290,Ley de Contravenciones policiales de Tucumán. Se modifica la Ley 5140.,Ley de Contravenciones policiales de Tucumán. Se modifica la Ley 5140.,www.saij.gob.ar/LPT0009290
Tucumán,Ley,9291,"Vigente, de alcance general",2020-08-06,2020-08-26,LEY 9.291,"Regulación de la instalación y el empleo de videocámaras y el tratamiento de imágenes y sonidos captadas por éstas en los espacios públicos o en espacios privados con acceso al público, por parte de los organismos estatales o por particulares.","Regulación de la instalación y el empleo de videocámaras y el tratamiento de imágenes y sonidos captadas por éstas en los espacios públicos o en espacios privados con acceso al público, por parte de los organismos estatales o por particulares.",www.saij.gob.ar/LPT0009291
Tucumán,Ley,9292,"Vigente, de alcance general",2020-08-06,2020-08-26,LEY 9.292,Poder judicial provincial. Se crea la Oficina de Gestión de Audiencias Civiles y Comerciales (OGACC) que dependerá jerárquicamente  de la Corte Suprema de Justicia de Tucumán.,Poder judicial provincial. Se crea la Oficina de Gestión de Audiencias Civiles y Comerciales (OGACC) que dependerá jerárquicamente  de la Corte Suprema de Justicia de Tucumán.,www.saij.gob.ar/LPT0009292
Tucumán,Ley,9293,"Vigente, de alcance general",2020-07-23,2020-08-27,LEY 9.293,Programa Provincial de Investigación para el Control del Vector Aedes Aegypti. Creación,Programa Provincial de Investigación para el Control del Vector Aedes Aegypti. Creación.,www.saij.gob.ar/LPT0009293
Tucumán,Ley,9294,"Vigente, de alcance general",2020-08-06,2020-08-27,LEY 9.294,Sistema de Protección al Enfermo Oncológico Infantil. Se modifica la Ley N° 8277.,Sistema de Protección al Enfermo Oncológico Infantil. Se modifica la Ley N° 8277.,www.saij.gob.ar/LPT0009294
Tucumán,Ley,9295,"Vigente, de alcance general",2020-08-24,2020-08-28,LEY 9.295,"Homenaje. Se declara con carácter simbólico, Paraje Histórico de la Provincia de Tucumán, a la localidad de La Encrucijada,departamento Burruyacú; en homenaje a Don Bernabé Aráoz.","Homenaje. Se declara con carácter simbólico, Paraje Histórico de la Provincia de Tucumán, a la localidad de La Encrucijada,departamento Burruyacú; en homenaje a Don Bernabé Ará",www.saij.gob.ar/LPT0009295
Tucumán,Ley,9296,"Vigente, de alcance general",2019-10-08,2020-09-04,LEY 9.296,Ley Orgánica del Poder Judicial. Se modifica la Ley 6238.,Ley Orgánica del Poder Judicial. Se modifica la Ley 6238.,www.saij.gob.ar/LPT0009296
Tucumán,Ley,9297,"Vigente, de alcance general",2020-08-06,2020-09-11,LEY 9.297,Homenaje. Se impone el nombre de Bernabé Aráoz a la actual Estación Central de Omnibus de San Miguel de Tucumán.,Homenaje. Se impone el nombre de Bernabé Aráoz a la actual Estación Central de Omnibus de San Miguel de Tucumán.,www.saij.gob.ar/LPT0009297
Tucumán,Ley,9298,"Vigente, de alcance general",2020-09-09,2020-09-21,LEY 9.298,Sistema de Protección al Enfermo Oncológico Infantil. Se modifica la Ley N° 9294.,Sistema de Protección al Enfermo Oncológico Infantil. Se modifica la Ley N° 9294.,www.saij.gob.ar/LPT0009298
Tucumán,Ley,9299,"Vigente, de alcance general",2020-08-30,2020-09-21,LEY 9.299,Remoción de barreras comunicacionales a fin de conseguir la equiparación de oportunidades para personas sordas e hipoacúsicas en el ámbito de la Provincia. Se modifica la Ley 6941.,Remoción de barreras comunicacionales a fin de conseguir la equiparación de oportunidades para personas sordas e hipoacúsicas en el ámbito de la Provincia. Se modifica la Ley 6941.,www.saij.gob.ar/LPT0009299
Tucumán,Ley,9300,"Vigente, de alcance general",2020-09-09,2020-09-29,LEY 9.300,"Normas generales y metodología de aplicación para la defensa, conservación y mejoramiento del Ambiente. Se modifica la Ley 6253 (texto consolidado por Ley 8517).","Normas generales y metodología de aplicación para la defensa, conservación y mejoramiento del Ambiente. Se modifica la Ley 6253 (texto consolidado por Ley 8517).",www.saij.gob.ar/LPT0009300
Tucumán,Ley,9301,"Vigente, de alcance general",2020-09-09,2020-10-05,LEY 9.301,Se declara al Árbol Oficial de Provincia de Tucumán al Lapacho Rosado ('Tabebuia avellanedae').,Se declara al Árbol Oficial de Provincia de Tucumán al Lapacho Rosado ('Tabebuia avellanedae').,www.saij.gob.ar/LPT0009301
Tucumán,Ley,9303,"Vigente, de alcance general",2020-09-28,2020-10-05,LEY 9.303,Regulación del uso y la comercialización de material pirotécnico en el territorio provincial.,Regulación del uso y la comercialización de material pirotécnico en el territorio provincial.,www.saij.gob.ar/LPT0009303
Tucumán,Ley,9305,"Vigente, de alcance general",2020-10-01,2020-10-15,LEY 9.305,"Se aprueba en todos sus términos el Acta Acuerdo entre la Dirección Nacional de Vialidad y el Gobierno de la Provincia, para la repavimentación de la Ruta Provincial N° 307, suscripta el 08 de Septiembre de 2020.","Se aprueba en todos sus términos el Acta Acuerdo entre la Dirección Nacional de Vialidad y el Gobierno de la Provincia, para la repavimentación de la Ruta Provincial N° 307, suscripta el 08 de Septiembre de 2020.",www.saij.gob.ar/LPT0009305
Tucumán,Ley,9306,"Vigente, de alcance general",2020-10-01,2020-10-23,LEY 9.306,"Declaración de utilidad pública y sujeto a expropiación una fracción del inmueble ubicado en la localidad de Banda del Río Salí, departamento Cruz Alta.","Declaración de utilidad pública y sujeto a expropiación una fracción del inmueble ubicado en la localidad de Banda del Río Salí, departamento Cruz Alta.",www.saij.gob.ar/LPT0009306
Tucumán,Ley,9307,"Vigente, de alcance general",2020-10-01,n/d,LEY 9.307,Regulación de la instalación y el funcionamiento de crematorios de cadáveres y restos humanos en la Provincia de Tucumán.,Regulación de la instalación y el funcionamiento de crematorios de cadáveres y restos humanos en la Provincia de Tucumán.,www.saij.gob.ar/LPT0009307
Tucumán,Ley,9308,"Vigente, de alcance general",2020-10-01,2020-10-27,LEY 9.308,"Plan Provincial de Conectividad para establecimientos públicos educativos, de salud e instituciones de seguridad, con el objeto de garantizar el acceso a los Servicios de las Tecnologías de la Información y las Comunicaciones. Creación.","Plan Provincial de Conectividad para establecimientos públicos educativos, de salud e instituciones de seguridad, con el objeto de garantizar el acceso a los Servicios de las Tecnologías de la Información y las Comunicaciones. Creación.",www.saij.gob.ar/LPT0009308
Tucumán,Ley,9309,"Vigente, de alcance general",2020-11-12,2020-11-16,LEY 9.309,"Convenio entre el Ministerio de Desarrollo Social de la Nación y el Ministerio de Desarrollo Social, suscripto el 27/08/2020 para el otorgamiento de un subsidio institucional para la implementación del Programa Nacional Banco de maquinarias, herramientas y materiales para la emergencia social.","Convenio entre el Ministerio de Desarrollo Social de la Nación y el Ministerio de Desarrollo Social, suscripto el 27/08/2020 para el otorgamiento de un subsidio institucional para la implementación del Programa Nacional Banco de maquinarias,...",www.saij.gob.ar/LPT0009309
Tucumán,Ley,9311,"Vigente, de alcance general",2020-11-05,2020-11-20,LEY 9.311,"Expropiación. Declaración de utilidad pública y sujeto a expropiación un inmueble ubicado en la localidad de San Isidro de Lules, departamento Lules.","Expropiación. Declaración de utilidad pública y sujeto a expropiación un inmueble ubicado en la localidad de San Isidro de Lules, departamento Lules.",www.saij.gob.ar/LPT0009311
Tucumán,Ley,9312,"Vigente, de alcance general",2020-11-05,2020-11-20,LEY 9.312,Declaración de Interés Público Provincial la producción sustentable de azúcar y de alcohol elaborados a partir de caña de azúcar.,Declaración de Interés Público Provincial la producción sustentable de azúcar y de alcohol elaborados a partir de caña de azúcar.,www.saij.gob.ar/LPT0009312
Tucumán,Ley,9313,"Vigente, de alcance general",2020-11-05,2020-11-25,LEY 9.313,Sistema de Búsqueda Abigail. Se crea el Sistema Provincial de Búsqueda de Personas Desaparecidas y Extraviadas. Adhesión provincial al Sistema Federal de Búsqueda de Personas Desaparecidas y Extraviadas (SIFEBU) creado por Decreto N° 1093/16.,Sistema de Búsqueda Abigail. Se crea el Sistema Provincial de Búsqueda de Personas Desaparecidas y Extraviadas.Adhesión provincial al Sistema Federal de Búsqueda de Personas Desaparecidas y Extraviadas (SIFEBU) creado por Decreto N° 1093/16.,www.saij.gob.ar/LPT0009313
Tucumán,Ley,9314,"Vigente, de alcance general",2020-11-05,2020-11-27,LEY 9.314,Muerte Súbita. Sistema de Prevención Integral. Adhesión de la Provincia a la Ley N° 27.159. Se modifica la Ley 8976.,Muerte Súbita. Sistema de Prevención Integral. Adhesión de la Provincia a la Ley N° 27.159. Se modifica la Ley 8976.,www.saij.gob.ar/LPT0009314
Tucumán,Ley,9317,"Vigente, de alcance general",2020-11-05,2020-11-30,LEY 9.317,Ley Orgánica del Poder Judicial. Se modifica la Ley 6238. Jurisdicción territorial de los Centros Judiciales de Concepción y Monteros.,Ley Orgánica del Poder Judicial. Se modifica la Ley 6238. Jurisdicción territorial de los Centros Judiciales de Concepción y Monteros.,www.saij.gob.ar/LPT0009317
Tucumán,Ley,9318,"Vigente, de alcance general",2020-11-05,2020-12-02,LEY 9.318,Prescripción y dispensación por recetas electrónicas o digitales y teleasistencia en salud. Adhesión de la provincia a la Ley Nacional 27.553.,Prescripción y dispensación por recetas electrónicas o digitales y teleasistencia en salud. Adhesión de la provincia a la Ley Nacional 27.553.,www.saij.gob.ar/LPT0009318
Tucumán,Ley,9319,"Vigente, de alcance general",2020-11-05,2020-12-02,LEY 9.319,"Asistencia integral a personas con albinismo, mediante su promoción, protección, investigación, desarrollo, asegurando el goce pleno, efectivo, permanente e igualitario en el acceso a la salud.","Asistencia integral a personas con albinismo, mediante su promoción, protección, investigación, desarrollo, asegurando el goce pleno, efectivo, permanente e igualitario en el acceso a la salud.",www.saij.gob.ar/LPT0009319
Tucumán,Ley,9320,"Vigente, de alcance general",2020-09-09,2020-12-16,LEY 9.320,Ley Provincial de Educación. Se modifica la Ley 8391.,Ley Provincial de Educación. Se modifica la Ley 8391.,www.saij.gob.ar/LPT0009320
Tucumán,Ley,9321,"Vigente, de alcance general",2020-12-03,2020-12-16,LEY 9.321,Tratado Parcial Interprovincial de creación de la Región del Norte Grande Argentino (NOA - NEA). Aprobación.,Tratado Parcial Interprovincial de creación de la Región del Norte Grande Argentino (NOA - NEA). Aprobación.,www.saij.gob.ar/LPT0009321
Tucumán,Ley,9322,"Vigente, de alcance general",2020-11-26,2020-12-17,LEY 9.322,Código Procesal Penal de Tucumán.Se modifica la Ley 8933.,Código Procesal Penal de Tucumán.Se modifica la Ley 8933.,www.saij.gob.ar/LPT0009322
Tucumán,Ley,9323,"Vigente, de alcance general",2020-11-26,n/d,LEY 9.323,Código Procesal Penal de Tucumán.Se modifica la Ley 8933.,Código Procesal Penal de Tucumán.Se modifica la Ley 8933.,www.saij.gob.ar/LPT0009323
Tucumán,Ley,9346,"Vigente, de alcance general",2020-12-03,2020-12-21,LEY 9.346,"Plan Argentina Hace. Se faculta al Poder Ejecutivo, Comunas Rurales, Entes u Organismos Centralizados y Descentralizados, a suscribir los convenios específicos, que resulten necesarios.","Plan Argentina Hace. Se faculta al Poder Ejecutivo, Comunas Rurales, Entes u Organismos Centralizados y Descentralizados, a suscribir los convenios específicos, que resulten necesarios.",www.saij.gob.ar/LPT0009346
Tucumán,Ley,9348,"Vigente, de alcance general",2020-11-26,2020-12-22,LEY 9.348,Ley Orgánica del Poder Judicial. Se modifica la Ley 6238.,Ley Orgánica del Poder Judicial. Se modifica la Ley 6238.,www.saij.gob.ar/LPT0009348
Tucumán,Ley,9349,"Vigente, de alcance general",2020-12-03,2021-01-05,LEY 9.349,Se decclara de Interés Provincial la promoción del Derecho de la Mujer a la salud menstrual.,Se decclara de Interés Provincial la promoción del Derecho de la Mujer a la salud menstrual.,www.saij.gob.ar/LPT0009349
Tucumán,Ley,9350,"Vigente, de alcance general",2020-12-03,2021-01-05,LEY 9.350,"Personal de salud y Seguridad. Se establece un Subsidio Mensual No Contributivo, a los derechohabientes del Personal fallecidos desde el 20 de Marzo de 2020, prestando servicios en la atención de personas afectadas por Covid - 19.","Personal de salud y Seguridad. Se establece un Subsidio Mensual No Contributivo, a los derechohabientes del Personal fallecidos desde el 20 de Marzo de 2020, prestando servicios en la atención de personas afectadas por Covid - 19.",www.saij.gob.ar/LPT0009350
Tucumán,Ley,9351,"Vigente, de alcance general",2020-12-03,2021-01-05,LEY 9.351,"Se crea en el ámbito de la Provincia una línea Telefónica Gratuita de marcación corta y una Plataforma Digital, con el objeto de recepcionar todo tipo de denuncias respecto a conducta inapropiada en la que se vea involucrado personal de la Fuerza Policial de la Provincia de Tucumán.","Se crea en el ámbito de la Provincia una línea Telefónica Gratuita de marcación corta y una Plataforma Digital, con el objeto de recepcionar todo tipo de denuncias respecto a conducta inapropiada en la que se vea involucrado personal de la Fuerza...",www.saij.gob.ar/LPT0009351
Tucumán,Ley,9352,Derogada,2020-12-03,2021-01-05,LEY 9.352,"Servicio de Transporte Privado. Regulación a través de Plataformas Electrónicas, las condiciones de su administración, prestación y planificación dentro de la Provincia.","Servicio de Transporte Privado. Regulación a través de Plataformas Electrónicas, las condiciones de su administración, prestación y planificación dentro de la Provincia.",www.saij.gob.ar/LPT0009352
Tucumán,Ley,9353,"Vigente, de alcance general",2020-12-03,2021-01-05,LEY 9.353,"Se reconoce y garantiza el pleno goce y ejercicio de los derechos humanos con respecto a las personas transexuales, travestis, transgénero y/o autopercibidas con género no binario.","Se reconoce y garantiza el pleno goce y ejercicio de los derechos humanos con respecto a las personas transexuales, travestis, transgénero y/o autopercibidas con género no binario.",www.saij.gob.ar/LPT0009353
Tucumán,Ley,9355,"Vigente, de alcance general",2020-12-22,2021-01-05,LEY 9.355,Dispone liquidación de vales alimentarios. Se modifica la ley 7007.,Dispone liquidación de vales alimentarios. Se modifica la ley 7007.,www.saij.gob.ar/LPT0009355
Tucumán,Ley,9356,"Vigente, de alcance general",2020-12-22,2021-01-05,LEY 9.356,"Caja Popular de Ahorros de la Provincia se faculta a prorrogar hasta el 31 de Diciembre de 2021, los contratos de fideicomiso celebrados con los Municipios de la Provincia.","Caja Popular de Ahorros de la Provincia se faculta a prorrogar hasta el 31 de Diciembre de 2021, los contratos de fideicomiso celebrados con los Municipios de la Provincia.",www.saij.gob.ar/LPT0009356
Tucumán,Ley,9362,"Vigente, de alcance general",2020-12-22,2021-01-05,LEY 9.362,"Consenso Fiscal 2020, suscripto entre el Gobierno de la Provincia de Tucumán y el Gobierno Nacional el día 4 de Diciembre de 2020. Aprobación.","Consenso Fiscal 2020, suscripto entre el Gobierno de la Provincia de Tucumán y el Gobierno Nacional el día 4 de Diciembre de 2020. Aprobación.",www.saij.gob.ar/LPT0009362
Tucumán,Ley,9363,"Vigente, de alcance general",2020-12-22,2021-01-05,LEY 9.363,Habilitación de sedes administrativas en cada Municipio a fin de verificar el trámite administrativo y percepción de cánones en el marco de la Ley Nacional N° 11.723 sobre Propiedad Intelectual. Suspensión del trámite de juicios y medidas cautelares dictadas. Modificación de la Ley 8847.,Habilitación de sedes administrativas en cada Municipio a fin de verificar el trámite administrativo y percepción de cánones en el marco de la Ley Nacional N° 11.723 sobre Propiedad Intelectual. Suspensión del trámite de juicios y medidas cautelares...,www.saij.gob.ar/LPT0009363
Tucumán,Ley,9365,"Vigente, de alcance general",2021-01-05,2021-01-05,LEY 9.365,"Impuesto sobre los Ingresos Brutos. Se establece hasta el 31 de Diciembre de 2020 inclusive, la alícuota del 0% (cero por ciento) para la venta de azúcar efectuada por productores cañeros maquileros. Se modifica la Ley 9219.","Impuesto sobre los Ingresos Brutos. Se establece hasta el 31 de Diciembre de 2020 inclusive, la alícuota del 0% (cero por ciento) para la venta de azúcar efectuada por productores cañeros maquileros. Se modifica la Ley 9219.",www.saij.gob.ar/LPT0009365
Tucumán,Ley,9367,"Vigente, de alcance general",2020-12-03,2021-01-05,LEY 9.367,"Ley Orgánica del Poder Judicial. Creación de Juzgados Especializados en Violencia contra la Mujer, Fiscalías y Defensorias Oficiales. Se modifica la Ley 8967 y 6238.","Ley Orgánica del Poder Judicial. Creación de Juzgados Especializados en Violencia contra la Mujer, Fiscalías y Defensorias Oficiales. Se modifica la Ley 8967 y 6238.",www.saij.gob.ar/LPT0009367
Tucumán,Ley,9368,"Vigente, de alcance general",2020-12-22,2021-01-05,LEY 9.368,"Prorroga la Declaración de Emergencia por Violencia contra la Mujer, Ley 8981, hasta el 31 de diciembre de 2021.","Prorroga la Declaración de Emergencia por Violencia contra la Mujer, Ley 8981, hasta el 31 de diciembre de 2021.",www.saij.gob.ar/LPT0009368
Tucumán,Ley,9373,"Vigente, de alcance general",2020-12-22,2021-01-06,LEY 9.373,Se establece al año 2021 como Año del Bicentenario de la fundación de la Industria Azucarera.,Se establece al año 2021 como Año del Bicentenario de la fundación de la Industria Azucarera.,www.saij.gob.ar/LPT0009373
Tucumán,Ley,9374,"Vigente, de alcance general",2020-12-22,2021-01-06,LEY 9.374,"Declaración de Interés Público, la acción oficial y privada que tienda a la conservación del suelo agropecuario y/o forestal.","Declaración de Interés Público, la acción oficial y privada que tienda a la conservación del suelo agropecuario y/o forestal.",www.saij.gob.ar/LPT0009374
Tucumán,Ley,9376,"Vigente, de alcance general",2020-12-22,2021-01-21,LEY 9.376,Código procesal Constitución. Modificación,Código procesal Constitución. Modificación,www.saij.gob.ar/LPT0009376
Tucumán,Ley,9377,"Vigente, de alcance general",2020-12-22,2021-01-21,LEY 9.377,Código Procesal Penal de Tucumán. Modificación.,Código Procesal Penal de Tucumán. Modificación.,www.saij.gob.ar/LPT0009377
Tucumán,Ley,9379,"Vigente, de alcance general",2020-12-22,2021-01-21,LEY 9.379,Regulación de la actividad de la profesión y ejercicio de Guardavidas,Regulación de la actividad de la profesión y ejercicio de Guardavidas,www.saij.gob.ar/LPT0009379
Tucumán,Ley,9381,"Vigente, de alcance general",2020-12-22,2021-01-21,LEY 9.381,Regulación de servicio de guías de turismo,Regulación de servicio de guías de turismo,www.saij.gob.ar/LPT0009381
Tucumán,Ley,9382,"Vigente, de alcance general",2021-02-18,2021-02-19,LEY 9.382,Se declara de utilidad pública y sujeto a expropiación. Modificación de la Ley 9275,Se declara de utilidad pública y sujeto a expropiación. Modificación de la Ley 9275,www.saij.gob.ar/LPT0009382
Tucumán,Ley,9389,"Vigente, de alcance general",2021-02-18,2021-03-11,LEY 9.389,Se crea un Equipo Interdisciplinario de Prevención de Usurpaciones,Se crea un Equipo Interdisciplinario de Prevención de Usurpaciones,www.saij.gob.ar/LPT0009389
Tucumán,Ley,9390,"Vigente, de alcance general",2021-02-18,2021-03-11,LEY 9.390,"Prohibición en todo el ámbito del territorio provincial, la práctica de la eutanasia, las matanzas y el sacrificio de perros y gatos","Prohibición en todo el ámbito del territorio provincial, la práctica de la eutanasia, las matanzas y el sacrificio de perros y gatos",www.saij.gob.ar/LPT0009390
Tucumán,Ley,9391,"Vigente, de alcance general",2021-02-18,2021-03-17,LEY 9.391,"Implementación de dispositivos electrónicos duales como medida de prevención, monitoreo, rastreo y localización de agresores y víctimas","Implementación de dispositivos electrónicos duales como medida de prevención, monitoreo, rastreo y localización de agresores y víctimas",www.saij.gob.ar/LPT0009391
Tucumán,Ley,9392,"Vigente, de alcance general",2021-02-18,2021-03-17,LEY 9.392,Ley Yolanda. Se adhiere a la Ley Nacional 27.592.,Ley Yolanda. Se adhiere a la Ley Nacional 27.592.,www.saij.gob.ar/LPT0009392
Tucumán,Ley,9393,"Vigente, de alcance general",2018-07-04,2021-03-25,LEY 9.393,Educación. Ejercicio de los profesionales en educación especial,Educación. Ejercicio de los profesionales en educación especial,www.saij.gob.ar/LPT0009393
Tucumán,Ley,9397,"Vigente, de alcance general",2020-09-09,2021-04-30,LEY 9.397,Declaración de utilidad pública y sujetos a expropiación los inmuebles ubicados en la ciudad de Famaillá,Declaración de utilidad pública y sujetos a expropiación los inmuebles ubicados en la ciudad de Famaillá,www.saij.gob.ar/LPT0009397
Tucumán,Ley,9400,"Vigente, de alcance general",2021-05-06,2021-05-26,LEY 9.400,Modificación del Registro de Deudores Alimentarios,Modificación del Registro de Deudores Alimentarios,www.saij.gob.ar/LPT0009400
Tucumán,Ley,9402,"Vigente, de alcance general",2019-09-12,2021-05-31,LEY 9.402,"Declaración de utilidad pública y sujetos a expropiación los inmuebles ubicados en la localidad de Ohuanta, departamento Lules","Declaración de utilidad pública y sujetos a expropiación los inmuebles ubicados en la localidad de Ohuanta, departamento Lules",www.saij.gob.ar/LPT0009402
Tucumán,Ley,9403,"Vigente, de alcance general",2021-05-06,2021-05-31,LEY 9.403,Declaración de utilidad pública y sujeto a expropiación el inmueble detallado en la Ley N° 7906,Declaración de utilidad pública y sujeto a expropiación el inmueble detallado en la Ley N° 7906,www.saij.gob.ar/LPT0009403
Tucumán,Ley,9404,"Vigente, de alcance general",2022-02-08,2022-02-25,LEY 9.404,"Declaración de Emergencia por Violencia contra la Mujer, por el término de dos años. Modificación de la Ley 8981","Declaración de Emergencia por Violencia contra la Mujer, por el término de dos años. Modificación de la Ley 8981",www.saij.gob.ar/LPT0009404
Tucumán,Ley,9405,"Vigente, de alcance general",2021-05-27,2021-05-31,LEY 9.405,Secuestros prendarios o ejecuciones prendarias. Se dispone la suspensión del inicio de juicios o procesos judiciales,Secuestros prendarios o ejecuciones prendarias. Se dispone la suspensión del inicio de juicios o procesos judiciales,www.saij.gob.ar/LPT0009405
Tucumán,Ley,9406,"Vigente, de alcance general",2021-05-06,2021-05-31,LEY 9.406,Modificación de la Ley Orgánica del Poder Judicial,Modificación de la Ley Orgánica del Poder Judicial,www.saij.gob.ar/LPT0009406
Tucumán,Ley,9407,"Vigente, de alcance general",2021-05-06,2021-05-31,LEY 9.407,Programa de Acompañamiento para el Egreso de Jóvenes sin Cuidados Parentales. Adhesión de la provincia a la Ley Nacional 27.364,Programa de Acompañamiento para el Egreso de Jóvenes sin Cuidados Parentales. Adhesión de la provincia a la Ley Nacional 27.364,www.saij.gob.ar/LPT0009407
Tucumán,Ley,9409,"Vigente, de alcance general",2021-05-06,2021-05-31,LEY 9.409,Estatuto para el personal de la Administración Pública. Se modifica la Ley 5473,Estatuto para el personal de la Administración Pública. Se modifica la Ley 5473,www.saij.gob.ar/LPT0009409
Tucumán,Ley,9412,"Vigente, de alcance general",2021-05-06,2021-06-15,LEY 9.412,Adhesión provincial a la Ley Nacional 27.523 que instituye el día 15 de Junio de cada año como el Día Nacional de la Reforma Universitaria,Adhesión provincial a la Ley Nacional 27.523 que instituye el día 15 de Junio de cada año como el Día Nacional de la Reforma Universitaria.,www.saij.gob.ar/LPT0009412
Tucumán,Ley,9413,"Vigente, de alcance general",2021-05-06,2021-06-15,LEY 9.413,Creación del Portal Educativo Tucumán transmitido por la señal de televisión abierta Canal 10 de Tucumán,Creación del Portal Educativo Tucumán transmitido por la señal de televisión abierta Canal 10 de Tucumán.,www.saij.gob.ar/LPT0009413
Tucumán,Ley,9414,"Vigente, de alcance general",2021-06-17,2021-06-23,LEY 9.414,"Se suspende hasta el 31 de Diciembre de 2021, los aumentos o actualizaciones de las tarifas eléctricas","Se suspende hasta el 31 de Diciembre de 2021, los aumentos o actualizaciones de las tarifas eléctricas",www.saij.gob.ar/LPT0009414
Tucumán,Ley,9416,"Vigente, de alcance general",2021-06-17,2021-06-23,LEY 9.416,Emergencia Sanitaria. Medidas excepcionales por los plazos y condiciones que se establecen en la presente Ley.,Emergencia Sanitaria. Medidas excepcionales por los plazos y condiciones que se establecen en la presente Ley.,www.saij.gob.ar/LPT0009416
Tucumán,Ley,9417,"Vigente, de alcance general",2021-06-03,2021-06-25,LEY 9.417,Se designa al Centro de Atención Primaria en Adicciones Costanera con el nombre de Monseñor José Melitón Chávez.,Se designa al Centro de Atención Primaria en Adicciones Costanera con el nombre de Monseñor José Melitón Chávez.,www.saij.gob.ar/LPT0009417
Tucumán,Ley,9419,"Vigente, de alcance general",2020-12-16,2021-10-29,LEY 9.419,Ejercicio Profesional de la Pedagogía,Ejercicio Profesional de la Pedagogía,www.saij.gob.ar/LPT0009419
Tucumán,Ley,9421,"Vigente, de alcance general",2021-10-28,2021-11-08,LEY 9.421,"Código Tributario de la Provincia de Tucumán. Modificación de las Leyes 5121, 8467 y 5637","Código Tributario de la Provincia de Tucumán. Modificación de las Leyes 5121, 8467 y 5637",www.saij.gob.ar/LPT0009421
Tucumán,Ley,9422,"Vigente, de alcance general",2021-10-28,2021-11-16,LEY 9.422,Ley de Fortalecimiento del Sistema Nacional de Bomberos Voluntarios de la República Argentina. Adhesión de la Provincia a la Ley Nacional N° 27.629,Ley de Fortalecimiento del Sistema Nacional de Bomberos Voluntarios de la República Argentina. Adhesión de la Provincia a la Ley Nacional N° 27.629,www.saij.gob.ar/LPT0009422
Tucumán,Ley,9423,"Vigente, de alcance general",2021-10-28,2021-11-16,LEY 9.423,"Se autoriza al Poder Ejecutivo y al Instituto Provincial de Vivienda y Desarrollo Urbano, a ceder en comodato a la Municipalidad de San Miguel de Tucumán, inmuebles ubicados en el departamento Capital","Se autoriza al Poder Ejecutivo y al Instituto Provincial de Vivienda y Desarrollo Urbano, a ceder en comodato a la Municipalidad de San Miguel de Tucumán, inmuebles ubicados en el departamento Capital",www.saij.gob.ar/LPT0009423
Tucumán,Ley,9424,"Vigente, de alcance general",2021-10-28,2021-11-16,LEY 9.424,Emergencia en Seguridad Pública. Prórroga de la Ley 9057,Emergencia en Seguridad Pública. Prórroga de la Ley 9057,www.saij.gob.ar/LPT0009424
Tucumán,Ley,9425,"Vigente, de alcance general",2021-10-28,2021-11-16,LEY 9.425,"Declaración de utilidad pública y sujeto a expropiación un inmueble ubicado en la ciudad de Alderetes, departamento Cruz Alta","Declaración de utilidad pública y sujeto a expropiación un inmueble ubicado en la ciudad de Alderetes, departamento Cruz Alta",www.saij.gob.ar/LPT0009425
Tucumán,Ley,9426,"Vigente, de alcance general",2021-10-28,2021-11-16,LEY 9.426,"Declaración de utilidad pública y sujeto a expropiación una fracción del inmueble ubicado en la Localidad de San José de Buena Vista, departamento Famaillá","Declaración de utilidad pública y sujeto a expropiación una fracción del inmueble ubicado en la Localidad de San José de Buena Vista, departamento Famaillá",www.saij.gob.ar/LPT0009426
Tucumán,Ley,9427,"Vigente, de alcance general",2021-10-28,2021-11-16,LEY 9.427,Declaración de utilidad pública y sujeto a expropiación una fracción del inmueble ubicado en el departamento Famaillá,Declaración de utilidad pública y sujeto a expropiación una fracción del inmueble ubicado en el departamento Famaillá,www.saij.gob.ar/LPT0009427
Tucumán,Ley,9428,"Vigente, de alcance general",2021-10-28,2021-11-16,LEY 9.428,"Declaración de utilidad pública y sujeto a expropiación una fracción del inmueble ubicado en la Localidad de La Florida, departamento Cruz Alta","Declaración de utilidad pública y sujeto a expropiación una fracción del inmueble ubicado en la Localidad de La Florida, departamento Cruz Alta",www.saij.gob.ar/LPT0009428
Tucumán,Ley,9429,"Vigente, de alcance general",2021-10-28,2021-11-16,LEY 9.429,Sistema para el Fomento de la Inversión en Vivienda. Determinación de Precios en los Contratos de Obra Pública Destinados a Vivienda. Adhesión de la provincia a las Leyes 27.271 y 27.397,Sistema para el Fomento de la Inversión en Vivienda. Determinación de Precios en los Contratos de Obra Pública Destinados a Vivienda. Adhesión de la provincia a las Leyes 27.271 y 27.397,www.saij.gob.ar/LPT0009429
Tucumán,Ley,9430,"Vigente, de alcance general",2021-10-28,2021-11-16,LEY 9.430,Ley Provincial de Educación. Se modifica la Ley 8391,Ley Provincial de Educación. Se modifica la Ley 8391,www.saij.gob.ar/LPT0009430
Tucumán,Ley,9431,"Vigente, de alcance general",2021-10-28,2021-11-16,LEY 9.431,"Declaracion de utilidad pública y sujetos a expropiación los inmuebles ubicados en la ciudad de Alderetes, departamento Cruz Alta","Declaracion de utilidad pública y sujetos a expropiación los inmuebles ubicados en la ciudad de Alderetes, departamento Cruz Alta",www.saij.gob.ar/LPT0009431
Tucumán,Ley,9433,"Vigente, de alcance general",2021-10-28,2021-11-16,LEY 9.433,"Código Procesal Penal de la Provincia de Tucumán. Se modifican la Leyes 8933, 9118 y 9119","Código Procesal Penal de la Provincia de Tucumán. Se modifican la Leyes 8933, 9118 y 9119",www.saij.gob.ar/LPT0009433
Tucumán,Ley,9434,"Vigente, de alcance general",2021-10-28,2021-11-16,LEY 9.434,Implementación del Código Procesal Penal de la Provincia. Se modifican las Leyes 8934 y 6238,Implementación del Código Procesal Penal de la Provincia. Se modifican las Leyes 8934 y 6238,www.saij.gob.ar/LPT0009434
Tucumán,Ley,9435,"Vigente, de alcance general",2021-10-28,2021-11-16,LEY 9.435,"Declaración de Emergencia en la Atención Primaria y Preventiva de la Salud Mental, por el término de dos años","Declaración de Emergencia en la Atención Primaria y Preventiva de la Salud Mental, por el término de dos años",www.saij.gob.ar/LPT0009435
Tucumán,Ley,9441,"Vigente, de alcance general",2021-10-28,2021-12-07,LEY 9.441,Salud Pública. Carrera Sanitaria Provincial,Salud Pública. Carrera Sanitaria Provincial,www.saij.gob.ar/LPT0009441
Tucumán,Ley,9442,"Vigente, de alcance general",2021-03-22,2021-12-14,LEY 9.442,Se declara de utilidad pública y sujetos a expropiación los inmuebles ubicados en la ciudad de Tafi Viejo,Se declara de utilidad pública y sujetos a expropiación los inmuebles ubicados en la ciudad de Tafi Viejo,www.saij.gob.ar/LPT0009442
Tucumán,Ley,9466,"Vigente, de alcance general",2021-12-09,2021-12-17,LEY 9.466,"Autoríza al Poder Ejecutivo para que, a través del Ministerio de Educación se contrate en forma directa, todas las obras, materiales, bienes, insumos, equipamiento y   servicios que resulten necesarios para la refacción de los edificios escolares de la Provincia","Autoríza al Poder Ejecutivo para que, a través del Ministerio de Educación se contrate en forma directa, todas las obras, materiales, bienes, insumos, equipamiento y   servicios que resulten necesarios para la refacción de los edificios escolares de...",www.saij.gob.ar/LPT0009466
Tucumán,Ley,9473,"Vigente, de alcance general",2021-10-27,2021-12-23,LEY 9.473,Se crea el Hogar de Adultos Mayores en la Ciudad de Simoca,Se crea el Hogar de Adultos Mayores en la Ciudad de Simoca,www.saij.gob.ar/LPT0009473
Tucumán,Ley,9476,"Vigente, de alcance general",2021-12-09,2021-12-30,LEY 9.476,Se declara de utilidad pública y sujetos a expropiación una fracción de los inmuebles ubicados en el departamento Burruyacú,Se declara de utilidad pública y sujetos a expropiación una fracción de los inmuebles ubicados en el departamento Burruyacú,www.saij.gob.ar/LPT0009476
Tucumán,Ley,9478,"Vigente, de alcance general",2021-12-16,2022-01-05,LEY 9.478,Se establece al año 2022 como Año de Conmemoración del 40° Aniversario de la Gesta de Malvinas,Se establece al año 2022 como Año de Conmemoración del 40° Aniversario de la Gesta de Malvinas,www.saij.gob.ar/LPT0009478
Tucumán,Ley,9481,"Vigente, de alcance general",2021-12-30,2022-01-10,LEY 9.481,"Creación del Centro Judicial Capital, cuatro Juzgados Civiles en Familia y Sucesión, y una Sala de la Cámara de Apelaciones en lo Civil en Familia y Sucesiones","Creación del Centro Judicial Capital, cuatro Juzgados Civiles en Familia y Sucesión, y una Sala de la Cámara de Apelaciones en lo Civil en Familia y Sucesiones",www.saij.gob.ar/LPT0009481
Tucumán,Ley,9483,"Vigente, de alcance general",2022-01-07,2022-01-12,LEY 9.483,"Declaracuon de utilidad pública y sujeto a expropiación un inmueble ubicado en el departamento Capital, en calle Torres Posse al 2900","Declaracuon de utilidad pública y sujeto a expropiación un inmueble ubicado en el departamento Capital, en calle Torres Posse al 2900",www.saij.gob.ar/LPT0009483
Tucumán,Ley,9492,"Vigente, de alcance general",2022-02-08,2022-02-14,LEY 9.492,"Declaración de utilidad pública y sujeto a expropiación una fracción del inmueble ubicado en la localidad de Banda del Río Salí, departamento Cruz Alta. Modifícase la Ley N° 9306","Declaración de utilidad pública y sujeto a expropiación una fracción del inmueble ubicado en la localidad de Banda del Río Salí, departamento Cruz Alta. Modifícase la Ley N° 9306",www.saij.gob.ar/LPT0009492
Tucumán,Ley,9496,"Vigente, de alcance general",2022-02-08,2022-03-02,LEY 9.496,"Ley Orgánica del Poder Judicial. Creación de Juzgados Especializados en Violencia contra la Mujer, Fiscalías y Defensorias Oficiales. Se modifican las Leyes 8967 y 6238","Ley Orgánica del Poder Judicial. Creación de Juzgados Especializados en Violencia contra la Mujer, Fiscalías y Defensorias Oficiales. Se modifican las Leyes 8967 y 6238",www.saij.gob.ar/LPT0009496
Tucumán,Ley,9502,"Vigente, de alcance general",2022-01-22,2022-03-22,LEY 9.502,"Aprobación del Consenso Fiscal 2021, suscripto entre el Gobierno de la Provincia de Tucumán y el Gobierno Nacional el día 27 de Diciembre de 2021","Aprobación del Consenso Fiscal 2021, suscripto entre el Gobierno de la Provincia de Tucumán y el Gobierno Nacional el día 27 de Diciembre de 2021",www.saij.gob.ar/LPT0009502
Tucumán,Ley,9503,"Vigente, de alcance general",2022-03-10,2022-04-05,LEY 9.503,Homenaje. Se impone el nombre Los Tucu Tucu al Anfiteatro a cielo abierto ubicado en la Comuna de El Cadillal,Homenaje. Se impone el nombre Los Tucu Tucu al Anfiteatro a cielo abierto ubicado en la Comuna de El Cadillal,www.saij.gob.ar/LPT0009503
Tucumán,Ley,9512,"Vigente, de alcance general",2022-03-10,2022-04-05,LEY 9.512,"Se exime por un plazo de diez años a las Empresas a radicarse en el PARQUE INDUSTRIAL TECNOLOGICO y DE SERVICIOS PACARA, ubicado en la Jurisdicción del departamento Cruz Alta, del pago diversos impuestos","Se exime por un plazo de diez años a las Empresas a radicarse en el PARQUE INDUSTRIAL TECNOLOGICO y DE SERVICIOS PACARA, ubicado en la Jurisdicción del departamento Cruz Alta, del pago diversos impuestos",www.saij.gob.ar/LPT0009512
Tucumán,Ley,9515,"Vigente, de alcance general",2022-03-10,2022-04-05,LEY 9.515,Día Nacional del Joven Empresario. Adhesión de la provincia a la Ley Nacional 26.878,Día Nacional del Joven Empresario. Adhesión de la provincia a la Ley Nacional 26.878,www.saij.gob.ar/LPT0009515
Tucumán,Ley,9520,"Vigente, de alcance general",2022-04-07,2022-04-25,LEY 9.520,Régimen de Promoción de los Pueblos Rurales Turísticos. Adhesión a la Ley Nacional 27.324,Régimen de Promoción de los Pueblos Rurales Turísticos. Adhesión a la Ley Nacional 27.324,www.saij.gob.ar/LPT0009520
Tucumán,Ley,9529,"Vigente, de alcance general",2022-04-07,2022-05-02,LEY 9.529,Secuestros prendarios o ejecuciones prendarias. Se dispone la suspensión por 180 días del inicio de juicios o procesos judiciales. Se modifica la Ley 9405,Secuestros prendarios o ejecuciones prendarias. Se dispone la suspensión por 180 días del inicio de juicios o procesos judiciales. Se modifica la Ley 9405,www.saij.gob.ar/LPT0009529
Tucumán,Ley,9530,"Vigente, de alcance general",2022-04-07,2022-05-02,LEY 9.530,"Declarar ciudadanos ilustres y héroes cívico-militares a los ex soldados combatientes conscriptos, oriundos de la Provincia","Declarar ciudadanos ilustres y héroes cívico-militares a los ex soldados combatientes conscriptos, oriundos de la Provincia",www.saij.gob.ar/LPT0009530
Tucumán,Ley,9531,"Vigente, de alcance general",2022-05-03,2022-05-10,LEY 9.531,Código Procesal en lo Civil y Comercial de Tucumán,Código Procesal en lo Civil y Comercial de Tucumán,www.saij.gob.ar/LPT0009531
Tucumán,Ley,9532,"Vigente, de alcance general",2022-03-10,2022-05-11,LEY 9.532,"Expropiación. Declaración de utilidad pública y sujeto a expropiación un inmueble ubicado en la localidad de Choromoro, departamento Trancas","Expropiación. Declaración de utilidad pública y sujeto a expropiación un inmueble ubicado en la localidad de Choromoro, departamento Trancas",www.saij.gob.ar/LPT0009532
Tucumán,Ley,9533,"Vigente, de alcance general",2022-04-28,2022-05-11,LEY 9.533,Expropiación. Se declara de utilidad pública y sujeto a expropiación el inmueble ubicado en el municipio de Monteros,Expropiación. Se declara de utilidad pública y sujeto a expropiación el inmueble ubicado en el municipio de Monteros,www.saij.gob.ar/LPT0009533
Tucumán,Ley,9534,"Vigente, de alcance general",2022-04-28,2022-05-11,LEY 9.534,"Expropiación. Se declara de utilidad pública y sujeto a expropiación una fracción del inmueble ubicado en la localidad Isla San José, departamento Monteros","Expropiación. Se declara de utilidad pública y sujeto a expropiación una fracción del inmueble ubicado en la localidad Isla San José, departamento Monteros",www.saij.gob.ar/LPT0009534
Tucumán,Ley,9536,"Vigente, de alcance general",2022-04-28,2022-05-19,LEY 9.536,"Salud Pública. Establece la atención médica, la investigación clínica y epidemiológica, la capacitación profesional en la detección temprana, diagnóstico y tratamiento de personas con Sensibilidad al Gluten No Celíacas","Salud Pública. Establece la atención médica, la investigación clínica y epidemiológica, la capacitación profesional en la detección temprana, diagnóstico y tratamiento de personas con Sensibilidad al Gluten No Celíacas",www.saij.gob.ar/LPT0009536
Tucumán,Ley,9545,"Vigente, de alcance general",2022-04-28,2022-05-24,LEY 9.545,Salud Pública. Creación del Instituto Provincial de Personas con Espectro Autista que tiene por objeto la Inclusión Social e Integración plena de Personas con Trastorno del Espectro Autista y personas con Trastorno Generalizado del Desarrollo,Salud Pública. Creación del Instituto Provincial de Personas con Espectro Autista que tiene por objeto la Inclusión Social e Integración plena de Personas con Trastorno del Espectro Autista y personas con Trastorno Generalizado del Desarrollo,www.saij.gob.ar/LPT0009545
Tucumán,Ley,9547,"Vigente, de alcance general",2022-06-02,2022-06-15,LEY 9.547,"Se autoriza en todo el territorio, la realización de carreras cuadreras","Se autoriza en todo el territorio, la realización de carreras cuadreras",www.saij.gob.ar/LPT0009547
Tucumán,Ley,9552,Derogada,2022-06-02,2022-06-21,LEY 9.552,"Se declara la Emergencia Económica de las Entidades Deportivas y/o Sociales, hasta el 31 de Diciembre de 2023","Se declara la Emergencia Económica de las Entidades Deportivas y/o Sociales, hasta el 31 de Diciembre de 2023",www.saij.gob.ar/LPT0009552
Tucumán,Ley,9554,"Vigente, de alcance general",2022-06-02,2022-06-29,LEY 9.554,Programa Provincial de Promoción y Fomento del Uso de Bicicletas y Vehículos de Movilidad Personal como medios de transporte no contaminantes y alternativos,Programa Provincial de Promoción y Fomento del Uso de Bicicletas y Vehículos de Movilidad Personal como medios de transporte no contaminantes y alternativos,www.saij.gob.ar/LPT0009554
Tucumán,Ley,9557,"Vigente, de alcance general",2022-04-28,2022-07-14,LEY 9.557,Se crea el Colegio de Licenciados y técnicos de la Higiene y Seguridad en el trabajo,Se crea el Colegio de Licenciados y técnicos de la Higiene y Seguridad en el trabajo,www.saij.gob.ar/LPT0009557
Tucumán,Ley,9563,"Vigente, de alcance general",2022-07-07,2022-07-21,LEY 9.563,Aprobación del Convenio Marco de Adhesión para la ejecución del Programa Integral de Hábitat,Aprobación del Convenio Marco de Adhesión para la ejecución del Programa Integral de Hábitat,www.saij.gob.ar/LPT0009563
Tucumán,Ley,9566,"Vigente, de alcance general",2022-07-07,2022-07-29,LEY 9.566,"Promoción, estímulo, incentivo y práctica del deporte","Promoción, estímulo, incentivo y práctica del deporte",www.saij.gob.ar/LPT0009564
Tucumán,Ley,9569,"Vigente, de alcance general",2022-08-04,2022-08-10,LEY 9.569,Régimen Orgánico de los Partidos Políticos. Régimen Electoral Provincial. Se modifica las Leyes 5454 y 7876,Régimen Orgánico de los Partidos Políticos. Régimen Electoral Provincial. Se modifica las Leyes 5454 y 7876,www.saij.gob.ar/LPT0009569
Tucumán,Ley,9572,"Vigente, de alcance general",2022-08-04,2022-08-10,LEY 9.572,Se modifica el Código Tributario de la Provincia,Se modifica el Código Tributario de la Provincia,www.saij.gob.ar/LPT0009572
Tucumán,Ley,9573,"Vigente, de alcance general",2022-08-04,2022-08-12,LEY 9.573,"Educación. Aprobación del Convenio para la ampliación de las horas de clase, celebrado el 23 de Junio de 2022 entre el Ministerio de Educación de la Nación y el Gobierno de la Provincia","Educación. Aprobación del Convenio para la ampliación de las horas de clase, celebrado el 23 de Junio de 2022 entre el Ministerio de Educación de la Nación y el Gobierno de la Provincia",www.saij.gob.ar/LPT0009573
Tucumán,Ley,9574,"Vigente, de alcance general",2018-12-21,2022-08-19,LEY 9.574,Turismo. Incentivos de fomento turístico. Se crea el Fondo para el Desarrollo Turístico. Adhesión provincial al art. 33 de la Ley Nacional 25.977,Turismo. Incentivos de fomento turístico. Se crea el Fondo para el Desarrollo Turístico. Adhesión provincial al art. 33 de la Ley Nacional 25.977,www.saij.gob.ar/LPT0009574
Tucumán,Ley,9575,"Vigente, de alcance general",2022-04-28,2022-08-23,LEY 9.575,"Educación. Incoporación de políticas de promoción y protección integral de los derechos y garantías de las niñas, niños y adolescentes con necesidades educativas especiales, con discapacidad, con Trastorno del Espectro Autista y con Trastorno Generalizado del Desarrollo","Educación. Incoporación de políticas de promoción y protección integral de los derechos y garantías de las niñas, niños y adolescentes con necesidades educativas especiales, con discapacidad, con Trastorno del Espectro Autista y con Trastorno...",www.saij.gob.ar/LPT0009575
Tucumán,Ley,9577,"Vigente, de alcance general",2022-07-07,2022-08-26,LEY 9.577,"Expropiación. Se declara de utilidad pública y sujeto a expropiación una fracción, del inmueble ubicado en la localidad de Cevil Pozo, departamento Cruz Alta","Expropiación. Se declara de utilidad pública y sujeto a expropiación una fracción, del inmueble ubicado en la localidad de Cevil Pozo, departamento Cruz Alta",www.saij.gob.ar/LPT0009577
Tucumán,Ley,9578,"Vigente, de alcance general",2018-10-04,2022-08-26,LEY 9.578,Ley de fomento y promoción la actividad audiovisual,Ley de fomento y promoción la actividad audiovisual,www.saij.gob.ar/LPT0009578
Tucumán,Ley,958,"Vigente, de alcance general",2022-11-09,2022-12-26,LEY 958,"Regulación de las condiciones de la práctica y la realización de las competencias de carreras de vehículos de tipo automotores, motos y otros rodados a motor","Regulación de las condiciones de la práctica y la realización de las competencias de carreras de vehículos de tipo automotores, motos y otros rodados a motor",www.saij.gob.ar/LPT0009658
Tucumán,Ley,9581,"Vigente, de alcance general",2022-09-15,2022-09-26,LEY 9.581,CODIGO PROCESAL DE FAMILIA DE LA PROVINCIA DE TUCUMÁN,CODIGO PROCESAL DE FAMILIA DE LA PROVINCIA DE TUCUMÁN,www.saij.gob.ar/LPT0009581
Tucumán,Ley,9582,"Vigente, de alcance general",2022-08-30,2022-09-27,LEY 9.582,Categorías y Límites de los Municipios del Interior. Se modifica la Ley 5530,Categorías y Límites de los Municipios del Interior. Se modifica la Ley 5530,www.saij.gob.ar/LPT0009582
Tucumán,Ley,9583,"Vigente, de alcance general",2022-08-30,2022-09-27,LEY 9.583,Ley sobre Cuidados Paliativos. Adhesión de la provincia a la Ley Nacional 27.678,Ley sobre Cuidados Paliativos. Adhesión de la provincia a la Ley Nacional 27.678,www.saij.gob.ar/LPT0009583
Tucumán,Ley,9584,"Vigente, de alcance general",2022-08-30,2022-09-27,LEY 9.584,Sistema de Protección al Enfermo Oncológico Infantil. Modificación de la Ley 8277,Sistema de Protección al Enfermo Oncológico InfantiL. Modificación de la Ley 8277,www.saij.gob.ar/LPT0009584
Tucumán,Ley,9585,"Vigente, de alcance general",2022-08-30,2022-09-27,LEY 9.585,"Declaración de utilidad pública y sujeto a expropiación el inmueble ubicado en la Comuna de El Cercado, departamento Monteros","Declaración de utilidad pública y sujeto a expropiación el inmueble ubicado en la Comuna de El Cercado, departamento Monteros",www.saij.gob.ar/LPT0009585
Tucumán,Ley,9586,"Vigente, de alcance general",2022-08-30,2022-09-28,LEY 9.586,"Declaración de utilidad pública y sujeto a expropiación, la fracción del inmueble detallado en la Ley N° 7792 con iguales fines que los allí descriptos","Declaración de utilidad pública y sujeto a expropiación, la fracción del inmueble detallado en la Ley N° 7792 con iguales fines que los allí descriptos",www.saij.gob.ar/LPT0009586
Tucumán,Ley,9587,"Vigente, de alcance general",2022-08-30,2022-09-28,LEY 9.587,"Declaración de utilidad pública y sujetos a expropiación los inmuebles ubicados en la localidad de Alderetes, departamento Cruz Alta","Declaración de utilidad pública y sujetos a expropiación los inmuebles ubicados en la localidad de Alderetes, departamento Cruz Alta",www.saij.gob.ar/LPT0009587
Tucumán,Ley,9588,"Vigente, de alcance general",2022-08-30,2022-09-28,LEY 9.588,"Declaración de utilidad pública y sujetos a expropiación los inmuebles ubicados en Las Mesadas, localidad de El Timbó Viejo, departamento Burruyacú","Declaración de utilidad pública y sujetos a expropiación los inmuebles ubicados en Las Mesadas, localidad de El Timbó Viejo, departamento Burruyacú",www.saij.gob.ar/LPT0009588
Tucumán,Ley,9592,"Vigente, de alcance general",2022-08-30,2022-09-29,LEY 9.592,Sistema Provincial de Etiquetado de Eficiencia Energética de Viviendas. Creación,Sistema Provincial de Etiquetado de Eficiencia Energética de Viviendas. Creación,www.saij.gob.ar/LPT0009592
Tucumán,Ley,9593,"Vigente, de alcance general",2022-09-15,2022-09-29,LEY 9.593,Código Procesal Civil y Comercial de Tucumán. Se modifica la Ley 9531,Código Procesal Civil y Comercial de Tucumán. Se modifica la Ley 9531,www.saij.gob.ar/LPT0009593
Tucumán,Ley,9594,"Vigente, de alcance general",2022-09-15,2022-09-30,LEY 9.594,"Impónese el nombre de Jorge P. Day al Hospital de Los Sarmientos, ubicado en la comuna de Los Sarmientos, departamento Río Chico","Impónese el nombre de Jorge P. Day al Hospital de Los Sarmientos, ubicado en la comuna de Los Sarmientos, departamento Río Chico",www.saij.gob.ar/LPT0009594
Tucumán,Ley,9595,"Vigente, de alcance general",2022-08-30,2022-10-03,LEY 9.595,Homenaje. Se impone el nombre de María Remedios del Valle a la Escuela Secundaria Barrio SUTIAGA,Homenaje. Se impone el nombre de María Remedios del Valle a la Escuela Secundaria Barrio SUTIAGA,www.saij.gob.ar/LPT0009595
Tucumán,Ley,9598,"Vigente, de alcance general",2022-09-15,2022-10-04,LEY 9.598,"Declaración de utilidad pública y sujeto a expropiación el inmueble ubicado en la ciudad de Concepción, departamento Chicligasta","Declaración de utilidad pública y sujeto a expropiación el inmueble ubicado en la ciudad de Concepción, departamento Chicligasta",www.saij.gob.ar/LPT0009598
Tucumán,Ley,9602,"Vigente, de alcance general",2022-09-15,2022-10-11,LEY 9.602,Derechos Humanos. Se establece como política prioritaria para el Estado Provincial la implementación de la perspectiva de vulnerabilidad de manera transversal como una forma de llegar a la igualdad,Derechos Humanos. Se establece como política prioritaria para el Estado Provincial la implementación de la perspectiva de vulnerabilidad de manera transversal como una forma de llegar a la igualdad,www.saij.gob.ar/LPT0009602
Tucumán,Ley,9605,"Vigente, de alcance general",2022-10-14,2022-10-14,LEY 9.605,Programa Nacional de educación sexual integral. Adhesión de la provincia a la Ley Nacional 26.150,Programa Nacional de educación sexual integral. Adhesión de la provincia a la Ley Nacional 26.150,www.saij.gob.ar/LPT0009605
Tucumán,Ley,9608,"Vigente, de alcance general",2022-10-13,2022-10-26,LEY 9.608,"Se modifica el Código Procesal Penal, Código Procesal Laboral, Código Procesal Administrativo, Ley Orgánica del Poder Judicial, Código Procesal Constitucional y Código Procesal Civil y Comercial","Se modifica el Código Procesal Penal, Código Procesal Laboral, Código Procesal Administrativo, Ley Orgánica del Poder Judicial, Código Procesal Constitucional y Código Procesal Civil y Comercial",www.saij.gob.ar/LPT0009608
Tucumán,Ley,9609,"Vigente, de alcance general",2022-10-13,2022-10-26,LEY 9.609,Código Procesal de Familia. Se modifica la Ley 9581,Código Procesal de Familia. Se modifica la Ley 9581,www.saij.gob.ar/LPT0009609
Tucumán,Ley,9620,"Vigente, de alcance general",2022-10-13,2022-11-01,LEY 9.620,Otorgamiento de concesiones y permisos de explotación para el desarrollo de la actividad turística de bienes del Estado Provincial. Derogación de la Ley 3805,Otorgamiento de concesiones y permisos de explotación para el desarrollo de la actividad turística de bienes del Estado Provincial. Derogación de la Ley 3805,www.saij.gob.ar/LPT0009620
Tucumán,Ley,9621,"Vigente, de alcance general",2022-10-13,2022-11-03,LEY 9.621,Programa Provincial de Extracción Externa y Móvil de Sangre,Programa Provincial de Extracción Externa y Móvil de Sangre,www.saij.gob.ar/LPT0009621
Tucumán,Ley,9626,"Vigente, de alcance general",2022-11-09,2022-11-16,LEY 9.626,"Declaración de desastre agropecuario,  en el departamento Tafí del Valle, de todas las actividades agrícolas que se desarrollan en esa localidad","Declaración de desastre agropecuario,  en el departamento Tafí del Valle, de todas las actividades agrícolas que se desarrollan en esa localidad",www.saij.gob.ar/LPT0009626
Tucumán,Ley,9627,"Vigente, de alcance general",2022-11-09,2022-11-23,LEY 9.627,Convenio Interjurisdiccional de Colaboración. Programa Federal de Colaboración y Asistencia para la Seguridad,Convenio Interjurisdiccional de Colaboración. Programa Federal de Colaboración y Asistencia para la Seguridad,www.saij.gob.ar/LPT0009627
Tucumán,Ley,9629,"Vigente, de alcance general",2022-11-09,2022-11-29,LEY 9.629,Se crea el Régimen Provincial de Promoción de la Economía del Conocimiento de Tucumán,SE CREA EL REGIMEN PROVINCIAL DE PROMOCIÓN DE LA ECONOMÍA DEL CONOCIMIENT0 DE TUCUMÁN,www.saij.gob.ar/LPT0009629
Tucumán,Ley,9639,"Vigente, de alcance general",2022-11-24,2022-12-13,LEY 9.639,Prolongan las excepciones a la Sociedad Aguas del Tucumán de las disposiciones de la Ley de Administración Financiera,Prolongan las excepciones a la Sociedad Aguas del Tucumán de las disposiciones de la Ley de Administración Financiera,www.saij.gob.ar/LPT0009639
Tucumán,Ley,9644,"Vigente, de alcance general",2022-11-24,2022-12-14,LEY 9.644,Suspensión del trámite de juicios y medidas cautelares,Suspensión del trámite de juicios y medidas cautelares,www.saij.gob.ar/LPT0009644
Tucumán,Ley,9648,"Vigente, de alcance general",2022-11-24,2022-12-14,LEY 9.648,Dispone liquidación de vales alimentarios. Modifica la Ley 7007,Dispone liquidación de vales alimentarios. Modifica la Ley 7007,www.saij.gob.ar/LPT0009648
Tucumán,Ley,9655,"Vigente, de alcance general",2022-11-09,2022-12-23,LEY 9.655,"Los cadáveres de las personas que hubiesen fallecido en servicios de salud pública o privada, serán utilizados con fines de investigación científica y de enseñanza por la Facultad de Medicina de la Universidad Nacional de Tucumán","Los cadáveres de las personas que hubiesen fallecido en servicios de salud pública o privada, serán utilizados con fines de investigación científica y de enseñanza por la Facultad de Medicina de la Universidad Nacional de Tucumán",www.saij.gob.ar/LPT0009655
Tucumán,Ley,9660,"Vigente, de alcance general",2022-12-22,2023-01-02,LEY 9.660,Modifica el Código Tributario de la Provincia,Modifica el Código Tributario de la Provincia,www.saij.gob.ar/LPT0009660
Tucumán,Ley,9663,"Vigente, de alcance general",2022-12-22,2023-01-02,LEY 9.663,Declara de Interés Provincial la instalación de un Mercado de Concentración Agropecuario en jurisdicción del municipio de Aguilares,Declara de Interés Provincial la instalación de un Mercado de Concentración Agropecuario en jurisdicción del municipio de Aguilares,www.saij.gob.ar/LPT0009663
Tucumán,Ley,9671,"Vigente, de alcance general",2022-12-22,2023-01-11,LEY 9.671,"Modificación de la 9406, Ley Orgánica del Poder Judicial","Modificación de la 9406, Ley Orgánica del Poder Judicial",www.saij.gob.ar/LPT0009671
Tucumán,Ley,9673,"Vigente, de alcance general",2022-12-22,2023-01-11,LEY 9.673,"Declara de utilidad pública y sujeto a expropiación un inmueble ubicado en la ciudad de San Miguel de Tucumán, departamento Capital","Declara de utilidad pública y sujeto a expropiación un inmueble ubicado en la ciudad de San Miguel de Tucumán, departamento Capital",www.saij.gob.ar/LPT0009673
Tucumán,Ley,9675,"Vigente, de alcance general",2022-12-22,2023-01-19,LEY 9.675,Implementación del Código Procesal Penal,Implementación del Código Procesal Penal,www.saij.gob.ar/LPT0009675
Tucumán,Ley,9676,"Vigente, de alcance general",2022-12-22,2023-01-19,LEY 9.676,"Establece que todas las niñas, los niños y los adolescentes tienen derecho a recibir Educación Emocional en los establecimientos de Educación Pública","Establece que todas las niñas, los niños y los adolescentes tienen derecho a recibir Educación Emocional en los establecimientos de Educación Pública de gestión estatal o privada de los Niveles",www.saij.gob.ar/LPT0009676
Tucumán,Ley,9683,"Vigente, de alcance general",2022-12-22,2023-01-30,LEY 9.683,Modifica el Código Procesal Laboral de la Provincia de Tucumán,Modifica el Código Procesal Laboral de la Provincia de Tucumán,www.saij.gob.ar/LPT0009683
Tucumán,Ley,9686,"Vigente, de alcance general",2023-04-11,2023-04-12,LEY 9.686,"Regula la creación, habilitación, funcionamiento y la supervisión de todas las instituciones de carácter educativo asistencial que brindan educación integral y cuidado de la primera infancia","Regula la creación, habilitación, funcionamiento y la supervisión de todas las instituciones de carácter educativo asistencial que brindan educación integral y cuidado de la primera infancia",www.saij.gob.ar/LPT0009686
Tucumán,Ley,9687,"Vigente, de alcance general",2022-06-25,2023-04-12,LEY 9.687,"Sistema Educativo Provincial. Titularización del personal docente, modifica la Ley 9177","Sistema Educativo Provincial. Titularización del personal docente, modifica la Ley 9177",www.saij.gob.ar/LPT0009687
Tucumán,Ley,9696,"Vigente, de alcance general",2023-07-05,2023-07-24,LEY 9.696,Declaración de utilidad pública y sujetos a expropiación los inmuebles ubicados en la ciudad de Famaillá. Se modifica la Ley 9397,Declaración de utilidad pública y sujetos a expropiación los inmuebles ubicados en la ciudad de Famaillá. Se modifica la Ley 9397,www.saij.gob.ar/LPT0009696
Tucumán,Ley,9698,"Vigente, de alcance general",2023-07-05,2023-07-24,LEY 9.698,Eleva a la Reserva Santa Ana a la categoría de Parque Provincial,Eleva a la Reserva Santa Ana a la categoría de Parque Provincial,www.saij.gob.ar/LPT0009698
Tucumán,Ley,9700,"Vigente, de alcance general",2023-07-05,2023-07-25,LEY 9.700,"Adhesión de la provincia a la Ley Nacional 27.709, Ley Lucio","Adhesión de la provincia a la Ley Nacional 27.709, Ley Lucio",www.saij.gob.ar/LPT0009700
Tucumán,Ley,9701,"Vigente, de alcance general",2022-11-09,2023-09-18,LEY 9.701,Regulación del Servicio de Transporte Privado a través de Plataformas Electrónicas. Deroga la Ley 9352,Regulación del Servicio de Transporte Privado a través de Plataformas Electrónicas. Deroga la Ley 9352,www.saij.gob.ar/LPT0009701
Tucumán,Ley,9703,"Vigente, de alcance general",2023-09-26,2023-09-28,LEY 9.703,"Autoriza al Ente de Infraestructura Comunitaria, en el Barrio Dos de Septiembre, en el Barrio San Cristóbal, a contratar en forma directa, los bienes y servicios, necesarios para la ejecución de las obras de Pavimento","Autoriza al Ente de Infraestructura Comunitaria, en el Barrio Dos de Septiembre, en el Barrio San Cristóbal, a contratar en forma directa, los bienes y servicios, necesarios para la ejecución de las obras de Pavimento",www.saij.gob.ar/LPT0009703
Tucumán,Ley,9704,"Vigente, de alcance general",2023-09-20,2023-10-04,LEY 9.704,"Autoriza al Poder Ejecutivo a transferir al Sistema Provincial de Salud un inmueble ubicado en el Barrio Lomas de Tafí, departamento Tafí Viejo","Autoriza al Poder Ejecutivo a transferir al Sistema Provincial de Salud un inmueble ubicado en el Barrio Lomas de Tafí, departamento Tafí Viejo",www.saij.gob.ar/LPT0009704
Tucumán,Ley,9705,"Vigente, de alcance general",2023-09-20,2023-10-04,LEY 9.705,"Autoriza al Poder Ejecutivo a transferir, al Sistema Provincial de Salud un inmueble ubicado en la localidad de El Manantial, departamento Lules","Autoriza al Poder Ejecutivo a transferir, al Sistema Provincial de Salud un inmueble ubicado en la localidad de El Manantial, departamento Lules",www.saij.gob.ar/LPT0009705
Tucumán,Ley,9709,"Vigente, de alcance general",2023-09-20,2023-11-12,LEY 9.709,Secuestros prendarios o ejecuciones prendarias. Se dispone la suspensión del inicio de juicios o procesos judiciales. Se modifica la Ley 9405,Secuestros prendarios o ejecuciones prendarias. Se dispone la suspensión del inicio de juicios o procesos judiciales. Se modifica la Ley 9405,www.saij.gob.ar/LPT0009709
Tucumán,Ley,9710,"Vigente, de alcance general",2023-09-20,2023-11-12,LEY 9.710,"Derecho a la identidad biológica o de origen, a toda persona que presuma que su identidad ha sido suprimida o alterada","Derecho a la identidad biológica o de origen, a toda persona que presuma que su identidad ha sido suprimida o alterada",www.saij.gob.ar/LPT0009710
Tucumán,Ley,9712,"Vigente, de alcance general",2023-09-20,2023-10-12,LEY 9.712,Ley Orgánica del Poder Judicial. Modificación de las Leyes 9607 y 6238,Ley Orgánica del Poder Judicial. Modificación de las Leyes 9607 y 6238,www.saij.gob.ar/LPT0009712
Tucumán,Ley,9713,"Vigente, de alcance general",2023-09-20,2023-11-15,LEY 9.713,Ley de Diagnóstico Humanizado. Contención y acompañamiento de las personas que reciben un diagnóstico de Trisomía 21/Síndrome de Down para su hijo en gestación o recién nacido. Adhesión a la Ley Nacional 27716,Ley de Diagnóstico Humanizado. Contención y acompañamiento de las personas que reciben un diagnóstico de Trisomía 21/Síndrome de Down para su hijo en gestación o recién nacido. Adhesión a la Ley Nacional 27716,www.saij.gob.ar/LPT0009713
Tucumán,Ley,9718,"Vigente, de alcance general",2023-09-20,2023-09-24,LEY 9.718,Modifica el Código Procesal Penal y la Ley Orgánica del Poder Judicial,Modifica el Código Procesal Penal y la Ley Orgánica del Poder Judicial,www.saij.gob.ar/LPT0009718
Tucumán,Ley,9719,"Vigente, de alcance general",2023-09-20,2023-11-17,LEY 9.719,Código Procesal de Familia de la provincia de Tucumán. Modifica la Ley 9581,Código Procesal de Familia de la provincia de Tucumán. Modifica la Ley 9581,www.saij.gob.ar/LPT0009719
Tucumán,Ley,9722,"Vigente, de alcance general",2023-10-25,2023-11-15,LEY 9.722,Declara de Interés Provincial en todo el ámbito de la Provincia a la actividad del Escultismo,Declara de Interés Provincial en todo el ámbito de la Provincia a la actividad del Escultismo,www.saij.gob.ar/LPT0009722
Tucumán,Ley,9724,"Vigente, de alcance general",2023-10-25,2023-11-21,LEY 9.724,Instituye el día 3 de junio como Día del Inmigrante Italiano. Adhesión de la provincia a la Ley Nacional 24561,Instituye el día 3 de junio como Día del Inmigrante Italiano. Adhesión de la provincia a la Ley Nacional 24561,www.saij.gob.ar/LPT0009724
Tucumán,Ley,9727,"Vigente, de alcance general",2023-12-14,2023-12-22,LEY 9.727,Código Tributario de la Provincia de Tucumán. Se modifica la Ley 5121,Código Tributario de la Provincia de Tucumán. Se modifica la Ley 5121,www.saij.gob.ar/LPT0009727
Tucumán,Ley,9729,"Vigente, de alcance general",2023-12-14,2023-12-22,LEY 9.729,"Facúltase al Poder Ejecutivo de la Provincia, a otorgar a la Sociedad Aguas del Tucumán SAPEM, un Aporte Financiero No Reintegrable. Modifica la Ley 9062","Facúltase al Poder Ejecutivo de la Provincia, a otorgar a la Sociedad Aguas del Tucumán SAPEM, un Aporte Financiero No Reintegrable. Modifica la Ley 9062",www.saij.gob.ar/LPT0009729
Tucumán,Ley,9731,"Vigente, de alcance general",2023-12-14,2023-12-22,LEY 9.731,"Dispone liquidación de vales alimentarios. Modifica la Ley 7007, texto consolidado","Dispone liquidación de vales alimentarios. Modifica la Ley 7007, texto consolidado",www.saij.gob.ar/LPT0009731
Tucumán,Ley,9734,"Vigente, de alcance general",2023-12-14,2023-12-22,LEY 9.734,"Procesos judiciales de ejecución fiscal para el cobro de tributos, intereses y sanciones, suspensión desde el 1° de Diciembre de 2023 y hasta el 31 de Marzo de 2024 el inicio de los cuya aplicación, percepción y fiscalización","Procesos judiciales de ejecución fiscal para el cobro de tributos, intereses y sanciones, suspensión desde el 1° de Diciembre de 2023 y hasta el 31 de Marzo de 2024 el inicio de los cuya aplicación, percepción y fiscalización",www.saij.gob.ar/LPT0009734
Tucumán,Ley,9739,"Vigente, de alcance general",2023-12-21,2023-12-27,LEY 9.739,"Declaración de Emergencia por Violencia contra la Mujer, por el término de dos años","Declaración de Emergencia por Violencia contra la Mujer, por el término de dos años",www.saij.gob.ar/LPT0009739
Tucumán,Ley,9740,"Vigente, de alcance general",2023-12-21,2023-12-27,LEY 9.740,Habilitación de sedes administrativas en cada Municipio a fin de verificar el trámite administrativo y percepción de cánones en el marco de la Ley Nacional N° 11.723 sobre Propiedad Intelectual. Prórroga de la fecha de vencimiento,"Declaración de Emergencia por Violencia contra la Mujer, por el término de dos años. Modifica la Ley 8981",www.saij.gob.ar/LPT0009740
Tucumán,Ley,9745,"Vigente, de alcance general",2023-12-21,2023-12-27,LEY 9.745,Emergencia Económica de las Entidades Deportivas y/o Sociales sin fines de lucro. Prórroga de la Ley 9552,Emergencia Económica de las Entidades Deportivas y/o Sociales sin fines de lucro. Prórroga de la Ley 9552,www.saij.gob.ar/LPT0009745
Tucumán,Ley,9746,"Vigente, de alcance general",2023-12-21,2023-12-27,LEY 9.746,"Declaración de Emergencia en la Atención Primaria y Preventiva de la Salud Mental, por el término de dos años","Declaración de Emergencia en la Atención Primaria y Preventiva de la Salud Mental, por el término de dos años",www.saij.gob.ar/LPT0009746
Tucumán,Ley,9751,"Vigente, de alcance general",2024-02-08,2024-02-21,LEY 9.750,Declara la Emergencia en materia de obra pública en todo el ámbito de la Provincia de Tucumán,Declara la Emergencia en materia de obra pública en todo el ámbito de la Provincia de Tucumán,www.saij.gob.ar/LPT0009751
Tucumán,Ley,9753,"Vigente, de alcance general",2024-03-01,2024-04-10,LEY 9.753,Impuestos. Vehículo automotor,Impuestos. Vehículo automotor,www.saij.gob.ar/LPT0009753
Tucumán,Ley,9754,"Vigente, de alcance general",2024-03-01,2024-04-10,LEY 9.754,Impuesto sobre los Ingresos Brutos. Canje o permuta de productos agropecuarios. Base imponible,Impuesto sobre los Ingresos Brutos. Canje o permuta de productos agropecuarios. Base imponible,www.saij.gob.ar/LPT0009754
Tucumán,Ley,9759,"Vigente, de alcance general",2024-03-21,2024-04-12,LEY 9.759,"Declara, con carácter simbólico, Pueblo Histórico de la Provincia de Tucumán a la localidad de Villa Vieja, departamento Trancas","Declara, con carácter simbólico, Pueblo Histórico de la Provincia de Tucumán a la localidad de Villa Vieja, departamento Trancas",www.saij.gob.ar/LPT0009759
Tucumán,Ley,9760,"Vigente, de alcance general",2024-03-21,2024-04-16,LEY 9.760,"Declara por única vez el 24 de Marzo de 2024 Capital Simbólica de la Provincia a la localidad de Villa Vieja, departamento Trancas, con motivo de rendir Homenaje al General Don Bernabé Aráoz","Declara por única vez el 24 de Marzo de 2024 Capital Simbólica de la Provincia a la localidad de Villa Vieja, departamento Trancas, con motivo de rendir Homenaje al General Don Bernabé Aráoz",www.saij.gob.ar/LPT0009760
Tucumán,Ley,9761,"Vigente, de alcance general",2024-03-21,2024-04-16,LEY 9.761,"Crea el Plan de Abordaje Integral para la Prevención y Control de Dengue, Zica y Chikungunya. Objetivos","Crea el Plan de Abordaje Integral para la Prevención y Control de Dengue, Zica y Chikungunya. Objetivos",www.saij.gob.ar/LPT0009761
Tucumán,Ley,9762,"Vigente, de alcance general",2024-03-21,2024-04-16,LEY 9.762,"Faculta a la Dirección de Personas Jurídicas, para que habilite por Acto Administrativo de Reorganización, la elección de autoridades de las asociaciones civiles que se encuentren en estado de acefalía e irregular funcionamiento","Faculta a la Dirección de Personas Jurídicas, para que habilite por Acto Administrativo de Reorganización, la elección de autoridades de las asociaciones civiles que se encuentren en estado de acefalía e irregular funcionamiento",www.saij.gob.ar/LPT0009762
Tucumán,Ley,9763,"Vigente, de alcance general",2024-04-25,2024-04-30,LEY 9.763,Administración Pública. Ninguna persona podrá desempeñarse ni ser designada en más de un cargo o empleo público remunerado en el Estado Provincial,Administración Pública. Ninguna persona podrá desempeñarse ni ser designada en más de un cargo o empleo público remunerado en el Estado Provincial,www.saij.gob.ar/LPT0009763
Tucumán,Ley,9764,"Vigente, de alcance general",2024-04-25,2024-04-30,LEY 9.764,Administración Pública Provincial. Sistema de Retiro Voluntario Programado,Administración Pública Provincial. Sistema de Retiro Voluntario Programado,www.saij.gob.ar/LPT0009764
Tucumán,Ley,9765,"Vigente, de alcance general",2024-04-25,2024-05-06,LEY 9.765,"Estatuto del Docente, modificación de la Ley 3470","Estatuto del Docente, modificación de la Ley 3470",www.saij.gob.ar/LPT0009765
Tucumán,Ley,9766,"Vigente, de alcance general",2024-04-25,2024-05-13,LEY 9.766,Ley de Promoción y Desarrollo para la Producción y Consumo de Biocombustibles y Bioenergía Generados a partir de la Caña de Azúcar,Ley de Promoción y Desarrollo para la Producción y Consumo de Biocombustibles y Bioenergía Generados a partir de la Caña de Azúcar,www.saij.gob.ar/LPT0009766
Tucumán,Ley,9772,"Vigente, de alcance general",2024-05-14,2024-05-28,LEY 9.772,Colegio de Jueces y Oficina de Gestión de Audiencias. Modifica la Ley 9119,Colegio de Jueces y Oficina de Gestión de Audiencias. Modifica la Ley 9119,www.saij.gob.ar/LPT0009772
Tucumán,Ley,9773,"Vigente, de alcance general",2024-05-14,2024-05-29,LEY 9.773,Emergencia del Servicio Público de Transporte Automotor de Pasajeros. Prórroga de la Ley 9538,Emergencia del Servicio Público de Transporte Automotor de Pasajeros. Prórroga de la Ley 9538,www.saij.gob.ar/LPT0009773
Tucumán,Ley,9774,"Vigente, de alcance general",2024-05-14,2024-05-30,LEY 9.774,Código Procesal Penal. Se modifica la Ley 8933,Código Procesal Penal. Se modifica la Ley 8933,www.saij.gob.ar/LPT0009774
Tucumán,Ley,9775,"Vigente, de alcance general",2024-05-14,2024-06-03,LEY 9.775,Crea el Sistema de Alerta de Emergencias y Catástrofes de la Provincia,Crea el Sistema de Alerta de Emergencias y Catástrofes de la Provincia,www.saij.gob.ar/LPT0009775
Tucumán,Ley,9776,"Vigente, de alcance general",2024-05-14,2024-06-03,LEY 9.776,"Autoriza al Poder Ejecutivo a transferir en donación a la Asociación Civil Universitario Rugby Club, un inmueble de propiedad del Superior Gobierno de la Provincia, ubicado en el departamento Capital","Autoriza al Poder Ejecutivo a transferir en donación a la Asociación Civil Universitario Rugby Club, un inmueble de propiedad del Superior Gobierno de la Provincia, ubicado en el departamento Capital",www.saij.gob.ar/LPT0009776
Tucumán,Ley,9777,"Vigente, de alcance general",2024-05-30,2024-06-05,LEY 9.777,Ratifíca el Decreto Acuerdo con Invocación a Necesidad y Urgencia N° 4/1 del 20 de Mayo de 2024,Ratifíca el Decreto Acuerdo con Invocación a Necesidad y Urgencia N° 4/1 del 20 de Mayo de 2024,www.saij.gob.ar/LPT0009777
Tucumán,Ley,9778,"Vigente, de alcance general",2024-05-30,2024-06-06,LEY 9.778,Modificación del Presupuesto General de la Provincia Ejercicio fiscal 2024,Modificación del Presupuesto General de la Provincia Ejercicio fiscal 2024,www.saij.gob.ar/LPT0009778
Tucumán,Ley,9779,"Vigente, de alcance general",2024-05-30,2024-06-14,LEY 9.779,"Desafecta una fracción de 2 Ha, del inmueble de propiedad del Superior Gobierno de la Provincia, ubicado en la localidad de 7 de Abril, departamento Burruyacú","Desafecta una fracción de 2 Ha, del inmueble de propiedad del Superior Gobierno de la Provincia, ubicado en la localidad de 7 de Abril, departamento Burruyacú",www.saij.gob.ar/LPT0009779
Tucumán,Ley,9780,"Vigente, de alcance general",2024-06-18,2024-07-18,LEY 9.780,Prescripción y dispensación por recetas electrónicas o digitales y teleasistencia en salud. Adhesión de la provincia a la Ley Nacional 27.553. Modifica la Ley 9318,Prescripción y dispensación por recetas electrónicas o digitales y teleasistencia en salud. Adhesión de la provincia a la Ley Nacional 27.553,www.saij.gob.ar/LPT0009780
Tucumán,Ley,9781,"Vigente, de alcance general",2024-06-18,2024-07-08,LEY 9.781,Crea el Programa Habitacional para el personal que integra las Fuerzas de Seguridad de la Provincia,Crea el Programa Habitacional para el personal que integra las Fuerzas de Seguridad de la Provincia,www.saij.gob.ar/LPT0009781
Tucumán,Ley,9782,"Vigente, de alcance general",2024-06-18,2024-07-08,LEY 9.782,Instituye el mes de Septiembre de cada año como Mes de la Biblia,Instituye el mes de Septiembre de cada año como Mes de la Biblia,www.saij.gob.ar/LPT0009782
Tucumán,Ley,9786,"Vigente, de alcance general",2024-06-25,2024-08-15,LEY 9.786,"Instituye la Semana Provincial para la Prevención de Consumos Problemáticos y Ludopatía, a realizarse durante la semana que comprenda al día 26 de Junio de cada año","Instituye la Semana Provincial para la Prevención de Consumos Problemáticos y Ludopatía, a realizarse durante la semana que comprenda al día 26 de Junio de cada año",www.saij.gob.ar/LPT0009786
Tucumán,Ley,9787,"Vigente, de alcance general",2024-06-25,2024-08-15,LEY 9.787,Instituye el 15 de Setiembre de cada año como Día Provincial de la Adopción,Instituye el 15 de Setiembre de cada año como Día Provincial de la Adopción,www.saij.gob.ar/LPT0009787
Tucumán,Ley,9788,"Vigente, de alcance general",2024-08-28,2024-09-04,LEY 9.788,Código Procesal Penal. Delito de acción pública. Denuncia. Modifica la Ley 8933,Código Procesal Penal. Delito de acción pública. Denuncia. Modifica la Ley 8933,www.saij.gob.ar/LPT0009788
Tucumán,Ley,9789,"Vigente, de alcance general",2024-08-28,2024-09-05,LEY 9.789,Régimen de Regularización de Activos. Adhesión al Título II de la Ley 27743,Régimen de Regularización de Activos. Adhesión al Título II de la Ley 27743,www.saij.gob.ar/LPT0009789
Tucumán,Ley,9790,"Vigente, de alcance general",2024-08-28,2024-09-10,LEY 9.790,Creación del Registro Provincial de Antecedentes Personales,"La Legislatura de la Provincia de Tucumán, sanciona con fuerza de  LEY:",www.saij.gob.ar/LPT0009790
Tucumán,Ley,9791,"Vigente, de alcance general",2024-08-28,2024-09-10,LEY 9.791,"Establece la capacitación obligatoria en primeros auxilios y reanimación cardiopulmonar para todos los agentes de los Poderes Ejecutivo, Legislativo y Judicial","Establece la capacitación obligatoria en primeros auxilios y reanimación cardiopulmonar para todos los agentes de los Poderes Ejecutivo, Legislativo y Judicial",www.saij.gob.ar/LPT0009791
Tucumán,Ley,9792,"Vigente, de alcance general",2024-08-28,2024-09-17,LEY 9.792,"Establece la obligatoriedad en establecimientos gastronómicos, educativos, recreativos, de circulación pública, a exhibir carteles explicativos sobre como efectuar la Maniobra de Heimlich","Establece la obligatoriedad en establecimientos gastronómicos, educativos, recreativos, de circulación pública, a exhibir carteles explicativos sobre como efectuar la Maniobra de Heimlich",www.saij.gob.ar/LPT0009792
Tucumán,Ley,9793,"Vigente, de alcance general",2024-08-28,2024-09-17,LEY 9.793,"Autoriza al Instituto Provincial de Vivienda y Desarrollo Urbano a transferir, a título gratuito, a favor del Ministerio de Educación de la Provincia, el inmueble ubicado en la localidad de Santa Lucía, departamento Monteros","Autoriza al Instituto Provincial de Vivienda y Desarrollo Urbano a transferir, a título gratuito, a favor del Ministerio de Educación de la Provincia, el inmueble ubicado en la localidad de Santa Lucía, departamento Monteros",www.saij.gob.ar/LPT0009793
Tucumán,Ley,9795,"Vigente, de alcance general",2024-08-28,2024-09-17,LEY 9.795,Adopta el logotipo Símbolo Internacional de Accesibilidad Universal creado por la Organización de las Naciones Unidas,Adopta el logotipo Símbolo Internacional de Accesibilidad Universal creado por la Organización de las Naciones Unidas,www.saij.gob.ar/LPT0009795
Tucumán,Ley,9796,"Vigente, de alcance general",2024-08-28,2024-09-17,LEY 9.796,"Establece como servicio de promoción y difusión de herramientas provinciales y nacionales para la primera escucha, atención y asesoramiento sobre Derechos y Garantías de Niñas, Niños y Adolescentes la línea telefónica gratuita","Establece como servicio de promoción y difusión de herramientas provinciales y nacionales para la primera escucha, atención y asesoramiento sobre Derechos y Garantías de Niñas, Niños y Adolescentes la línea telefónica gratuita",www.saij.gob.ar/LPT0009796
Tucumán,Ley,9797,"Vigente, de alcance general",2024-08-28,2024-09-17,LEY 9.797,"Venta de bienes o prestaciones de servicios públicos o privados. Cobro mediante tarjeta de crédito o débito, obligación de realizar la operación en presenecia del consumidor","Venta de bienes o prestaciones de servicios públicos o privados. Cobro mediante tarjeta de crédito o débito, obligación de realizar la operación en presenecia del consumidor",www.saij.gob.ar/LPT0009797
Tucumán,Ley,9798,"Vigente, de alcance general",2024-09-26,2024-09-30,LEY 9.798,Crea el Consejo Asesor de la Magistratura. Modifica la Ley 8197,Crea el Consejo Asesor de la Magistratura. Modifica la Ley 8197,www.saij.gob.ar/LPT0009798
Tucumán,Ley,9799,"Vigente, de alcance general",2024-09-26,2024-10-29,LEY 9.799,"Donación al Sistema Provincial de Salud una fracción del inmueble ubicado en la localidad de La Tipa, departamento Río Chico","Donación al Sistema Provincial de Salud una fracción del inmueble ubicado en la localidad de La Tipa, departamento Río Chico",www.saij.gob.ar/LPT0009799
Tucumán,Ley,9800,"Vigente, de alcance general",2024-09-26,2024-10-29,LEY 9.800,"Desafecta una fracción del inmueble de propiedad del Superior Gobierno de la Provincia, ubicado en la localidad de San Pedro de Colalao, departamento Trancas","Desafecta una fracción del inmueble de propiedad del Superior Gobierno de la Provincia, ubicado en la localidad de San Pedro de Colalao, departamento Trancas",www.saij.gob.ar/LPT0009800
Tucumán,Ley,9801,"Vigente, de alcance general",2024-09-26,2024-10-29,LEY 9.801,Declaración de Interés Público Provincial la producción sustentable de azúcar y de alcohol elaborados a partir de caña de azúcar. Modifica la Ley 9312,Declaración de Interés Público Provincial la producción sustentable de azúcar y de alcohol elaborados a partir de caña de azúcar. Modifica la Ley 9312,www.saij.gob.ar/LPT0009801
Tucumán,Ley,9802,"Vigente, de alcance general",2024-09-26,2024-10-14,LEY 9.802,Administración Pública. Ninguna persona podrá desempeñarse ni ser designada en más de un cargo o empleo público remunerado en el Estado Provincial. Modifica la ley 9763,Administración Pública. Ninguna persona podrá desempeñarse ni ser designada en más de un cargo o empleo público remunerado en el Estado Provincial. Modifica la ley 9763,www.saij.gob.ar/LPT0009802
Tucumán,Ley,9803,"Vigente, de alcance general",2024-09-26,2024-10-14,LEY 9.803,Régimen de Incentivo para Grandes Inversiones. Adhesión al título VII de la Ley 27742,Régimen de Incentivo para Grandes Inversiones. Adhesión al título VII de la Ley 27742,www.saij.gob.ar/LPT0009803
Tucumán,Ley,9804,"Vigente, de alcance general",2024-09-26,2024-10-15,LEY 9.804,Crea el Programa de Concientización sobre la Importancia de la Donación de Médula Osea,Crea el Programa de Concientización sobre la Importancia de la Donación de Médula Osea,www.saij.gob.ar/LPT0009804
Tucumán,Ley,9805,"Vigente, de alcance general",2024-09-26,2024-10-15,LEY 9.805,Crea el Programa de Impulso y Fomento a empresas o asociaciones de empresas de base tecnológica,Crea el Programa de Impulso y Fomento a empresas o asociaciones de empresas de base tecnológica,www.saij.gob.ar/LPT0009805
Tucumán,Ley,9806,"Vigente, de alcance general",2024-09-26,2024-10-15,LEY 9.806,Homenaje. Impone el nombre de Gral. Bernabé Aráoz al Instituto de Enseñanza Superior de Monteros,Homenaje. Impone el nombre de Gral. Bernabé Aráoz al Instituto de Enseñanza Superior de Monteros,www.saij.gob.ar/LPT0009806
Tucumán,Ley,9809,"Vigente, de alcance general",2024-10-16,2024-10-24,LEY 9.809,Crea el Programa Domiciliario de Medicamentos Vencidos,Crea el Programa Domiciliario de Medicamentos Vencidos,www.saij.gob.ar/LPT0009809
Tucumán,Ley,9810,"Vigente, de alcance general",2024-04-25,2024-10-29,LEY 9.810,"Prohíbese en todo el territorio de la Provincia la práctica de la tracción a sangre, entendida como el uso de animales para el arrastre de cargas en vehículos, carros","Prohíbese en todo el territorio de la Provincia la práctica de la tracción a sangre, entendida como el uso de animales para el arrastre de cargas en vehículos, carros",www.saij.gob.ar/LPT0009810
Tucumán,Ley,9811,"Vigente, de alcance general",2024-10-16,2024-11-01,LEY 9.811,Creación del sistema alternativo de pago de infraestructura pública para los tres poderes del estado. Modifica la Ley 7142,Creación del sistema alternativo de pago de infraestructura pública para los tres poderes del estado. Modifica la Ley 7142,www.saij.gob.ar/LPT0009811
Tucumán,Ley,9812,"Vigente, de alcance general",2024-10-16,2024-11-01,LEY 9.812,Desafecta un inmueble ubicado en el departamento Tafí del Valle,Desafecta un inmueble ubicado en el departamento Tafí del Valle,www.saij.gob.ar/LPT0009812
Tucumán,Ley,9818,"Vigente, de alcance general",2024-10-31,2024-11-07,LEY 9.818,Crea el Registro Unico de Productores de Eventos de Música Electrónica,Crea el Registro Unico de Productores de Eventos de Música Electrónica,www.saij.gob.ar/LPT0009818
Tucumán,Ley,9819,"Vigente, de alcance general",2024-10-31,2024-11-15,LEY 9.819,Declara de Interés Provincial el fomento al Empleo Verde en el marco del Desarrollo Productivo Sostenible,Declara de Interés Provincial el fomento al Empleo Verde en el marco del Desarrollo Productivo Sostenible,www.saij.gob.ar/LPT0009819
Tucumán,Ley,9821,"Vigente, de alcance general",2024-10-31,2024-11-21,LEY 9.821,"Autoriza al Poder Ejecutivo a transferir a título gratuito a favor de la Honorable Legislatura de la Provincia, una fracción del inmueble ubicado en la ciudad de San Miguel de Tucumán, departamento Capital","Autoriza al Poder Ejecutivo a transferir a título gratuito a favor de la Honorable Legislatura de la Provincia, una fracción del inmueble ubicado en la ciudad de San Miguel de Tucumán, departamento Capital",www.saij.gob.ar/LPT0009821
Tucumán,Ley,9822,"Vigente, de alcance general",2024-10-31,2024-11-21,LEY 9.822,"Autoriza al Poder Ejecutivo a transferir a título gratuito, a favor de la Honorable Legislatura de la Provincia el inmueble descripto en la Ley 6958","Autoriza al Poder Ejecutivo a transferir a título gratuito, a favor de la Honorable Legislatura de la Provincia el inmueble descripto en la Ley 6958",www.saij.gob.ar/LPT0009822
Tucumán,Ley,9828,"Vigente, de alcance general",2024-11-21,2024-12-11,LEY 9.828,"Prohibe en el territorio de la provincian, los juegos de azar y las apuestas. Modifica la Ley 6274","Prohibe en el territorio de la provincian, los juegos de azar y las apuestas. Modifica la Ley 6274",www.saij.gob.ar/LPT0009828
Tucumán,Ley,9829,"Vigente, de alcance general",2024-11-21,2024-12-11,LEY 9.829,"Faculta al Poder Ejecutivo a otorgar a la firma TRANSPORTE FRIOS DEL NORTE S.R.L., el beneficio de reintegro a la inversión sobre el proyecto de construcción del Centro Logístico Sostenible","Faculta al Poder Ejecutivo a otorgar a la firma TRANSPORTE FRIOS DEL NORTE S.R.L., el beneficio de reintegro a la inversión sobre el proyecto de construcción del Centro Logístico Sostenible",www.saij.gob.ar/LPT0009829
Tucumán,Ley,9830,"Vigente, de alcance general",2024-11-21,2024-12-11,LEY 9.830,"Autoriza al Poder Ejecutivo a desafectar del dominio público una fracción del inmueble conocido como Asentamiento Las Corzuelas, ubicado en la localidad de El Ojo","Autoriza al Poder Ejecutivo a desafectar del dominio público una fracción de 9.601,27 m2, sobre un camino vecinal, del inmueble conocido como Asentamiento Las Corzuelas, ubicado en la localidad de El Ojo",www.saij.gob.ar/LPT0009830
Tucumán,Ley,9831,"Vigente, de alcance general",2024-11-21,2024-12-11,LEY 9.831,Secuestros prendarios o ejecuciones prendarias. Se dispone la suspensión del inicio de juicios o procesos judiciales. Modifica la Ley 9405,Secuestros prendarios o ejecuciones prendarias. Se dispone la suspensión del inicio de juicios o procesos judiciales. Modifica la Ley 9405,www.saij.gob.ar/LPT0009831
Tucumán,Ley,9832,"Vigente, de alcance general",2024-11-21,2024-12-11,LEY 9.832,"Impone el nombre Mercedes Sosa a la Ruta Provincial Nro 340, en el tramo comprendido entre la Comuna Rural de San Javier, departamento de Yerba Buena","Impone el nombre Mercedes Sosa a la Ruta Provincial Nro 340, en el tramo comprendido entre la Comuna Rural de San Javier, departamento de Yerba Buena",www.saij.gob.ar/LPT0009832
Tucumán,Ley,9834,"Vigente, de alcance general",2024-11-21,2024-12-11,LEY 9.834,Crea el Consejo Asesor de la Magistratura. Modifica la Lery 8197,Crea el Consejo Asesor de la Magistratura. Modifica la Lery 8197,www.saij.gob.ar/LPT0009834
Tucumán,Ley,9841,"Vigente, de alcance general",2024-12-05,2024-12-27,LEY 9.841,Ley de protección integral de la juventud,Ley de protección integral de la juventud,www.saij.gob.ar/LPT0009841
Tucumán,Ley,9856,"Vigente, de alcance general",2025-02-20,2025-02-25,LEY 9.856,Declara de utilidad pública y sujetos a expropiación los inmuebles detallados en la Ley N° 8047,Declara de utilidad pública y sujetos a expropiación los inmuebles detallados en la Ley N° 8047,www.saij.gob.ar/LPT0009856
Tucumán,Ley,9857,"Vigente, de alcance general",2025-03-20,2025-03-28,LEY 9.857,"Crea el Observatorio del Mercado Inmobiliario de Tucumán, como una unidad técnica y administrativa dependiente de la Dirección General de Catastro, en la ámbito de la Secretaría de Estado de Hacienda del Ministerio de Economía y Producción de la Provincia","Crea el Observatorio del Mercado Inmobiliario de Tucumán, como una unidad técnica y administrativa dependiente de la Dirección General de Catastro, en la ámbito de la Secretaría de Estado de Hacienda del Ministerio de Economía y Producción de la...",www.saij.gob.ar/LPT0009857
Tucumán,Ley,9858,"Vigente, de alcance general",2025-03-20,2025-03-28,LEY 9.858,Régimen Excepcional de Facilidades de Pago para la cancelación de deudas vencidas,Régimen Excepcional de Facilidades de Pago para la cancelación de deudas vencidas,www.saij.gob.ar/LPT0009858
Tucumán,Ley,9859,"Vigente, de alcance general",2025-03-20,2025-03-28,LEY 9.859,"Ley de ciencia, tecnología e innovación. Modifica la ley 7448","Ley de ciencia, tecnología e innovación. Modifica la ley 7448",www.saij.gob.ar/LPT0009859
Tucumán,Ley,9860,"Vigente, de alcance general",2025-03-20,2025-03-28,LEY 9.860,"Desafectación de fracción del inmueble propiedad del Superior Gobierno de la Provincia, ubicado en la localidad de Monte Redondo, departamento Burruyacú","Desafectación de fracción del inmueble propiedad del Superior Gobierno de la Provincia, ubicado en la localidad de Monte Redondo, departamento Burruyacú",www.saij.gob.ar/LPT0009860
Tucumán,Ley,9861,"Vigente, de alcance general",2025-03-20,2025-04-03,LEY 9.861,"Declara al año 2025 como el Año de Homenaje al Dr. Bernardo de Monteagudo, en conmemoración del bicentenario de su fallecimiento","Declara al año 2025 como el Año de Homenaje al Dr. Bernardo de Monteagudo, en conmemoración del bicentenario de su fallecimiento",www.saij.gob.ar/LPT0009861
Tucumán,Ley,9862,"Vigente, de alcance general",2025-03-20,2025-04-03,LEY 9.862,Devolución o cambio de productos en las relaciones de consumo,Devolución o cambio de productos en las relaciones de consumo,www.saij.gob.ar/LPT0009862
Tucumán,Ley,9863,"Vigente, de alcance general",2025-03-20,2025-04-07,LEY 9.863,Modifica el Código Tributario de la Provincia de Tucumán,Modifica el Código Tributario de la Provincia de Tucumán,www.saij.gob.ar/LPT0009863
Tucumán,Ley,9864,"Vigente, de alcance general",2025-04-07,2025-04-09,LEY 9.864,REGULACIÓN DEL EJERCICIO DE LA ACTIVIDAD TÉCNICA DE ACOMPAÑANTE TERAPÉUTICO,REGULACIÓN DEL EJERCICIO DE LA ACTIVIDAD TÉCNICA DE ACOMPAÑANTE TERAPÉUTICO,www.saij.gob.ar/LPT0009864
Tucumán,Ley,9866,"Vigente, de alcance general",2025-04-07,2025-04-09,LEY 9.866,Regulación del uso de las tecnologías de información y comunicación en el ejercicio de la medicina a distancia,Regulación del uso de las tecnologías de información y comunicación en el ejercicio de la medicina a distancia,www.saij.gob.ar/LPT0009866
Tucumán,Ley,9868,"Vigente, de alcance general",2025-03-20,2025-04-09,LEY 9.868,"Declara de interés social los bienes muebles, muebles registrables e inmuebles destinados a las actividades deportivas, sociales, artísticas, recreativas y culturales, que sean propiedad de asociaciones civiles sin fines de lucro","Declara de interés social los bienes muebles, muebles registrables e inmuebles destinados a las actividades deportivas, sociales, artísticas, recreativas y culturales, que sean propiedad de asociaciones civiles sin fines de lucro",www.saij.gob.ar/LPT0009868
Tucumán,Ley,9869,"Vigente, de alcance general",2025-03-20,2025-04-10,LEY 9.869,"Crea el Programa de Promoción de Turismo MICE, con el objeto de impulsar el desarrollo económico, promover la innovación y el intercambio de conocimientos","Crea el Programa de Promoción de Turismo MICE, con el objeto de impulsar el desarrollo económico, promover la innovación y el intercambio de conocimientos",www.saij.gob.ar/LPT0009869
Tucumán,Ley,9870,"Vigente, de alcance general",2025-03-20,2025-04-10,LEY 9.870,"Promueve y regula el Enoturismo en la Provincia, incentivando el desarrollo de las actividades relacionadas con la viticultura y el turismo","Promueve y regula el Enoturismo en la Provincia, incentivando el desarrollo de las actividades relacionadas con la viticultura y el turismo",www.saij.gob.ar/LPT0009870
Tucumán,Ley,9871,"Vigente, de alcance general",2025-04-24,2025-05-06,LEY 9.871,"Autoriza al Poder Ejecutivo, a transferir en donación, al Sistema Provincial de Salud los inmuebles ubicados en la localidad de Santa Ana, departamento Río Chico","Autoriza al Poder Ejecutivo, a transferir en donación, al Sistema Provincial de Salud los inmuebles ubicados en la localidad de Santa Ana, departamento Río Chico",www.saij.gob.ar/LPT0009871
Tucumán,Ley,9874,"Vigente, de alcance general",2025-04-24,2025-05-06,LEY 9.874,"Aprueba el Convenio firmado, de fecha 18 de marzo de 2025, entre el Ministerio de Economía de la Nación Argentina y la Provincia de Tucumán mediante el cual se instrumenta el acuerdo de dación en pago del Inmueble Mejorado por crédito a cancelar de la Provincia","Aprueba el Convenio firmado, de fecha 18 de marzo de 2025, entre el Ministerio de Economía de la Nación Argentina y la Provincia de Tucumán mediante el cual se instrumenta el acuerdo de dación en pago del Inmueble Mejorado por crédito a cancelar de...",www.saij.gob.ar/LPT0009874
Tucumán,Ley,9875,"Vigente, de alcance general",2025-04-24,2025-05-16,LEY 9.875,Declara a los Canales Digitales Institucionales pertenecientes a entidades y organismos públicos como bienes de patrimonio público,Declara a los Canales Digitales Institucionales pertenecientes a entidades y organismos públicos como bienes de patrimonio público,www.saij.gob.ar/LPT0009875
Tucumán,Ley,9876,"Vigente, de alcance general",2025-04-24,2025-05-16,LEY 9.876,"Declara de utilidad pública y sujeto a expropiación un inmueble ubicado en la ciudad de San Isidro de Lules, departamento Lules","Declara de utilidad pública y sujeto a expropiación un inmueble ubicado en la ciudad de San Isidro de Lules, departamento Lules",www.saij.gob.ar/LPT0009876
Tucumán,Ley,9878,"Vigente, de alcance general",2025-04-24,2025-05-16,LEY 9.878,"Declara de utilidad pública y sujeto a expropiación una fracción del inmueble ubicado en la localidad de Santa Rosa, departamento Monteros","Declara de utilidad pública y sujeto a expropiación una fracción del inmueble ubicado en la localidad de Santa Rosa, departamento Monteros",www.saij.gob.ar/LPT0009878
Tucumán,Ley,9879,"Vigente, de alcance general",2025-04-24,2025-05-16,LEY 9.879,"Establece la obligatoriedad de instalar cambiadores para niñas y niños en los edificios públicos, locales y establecimientos comerciales que tuvieren afluencia masiva de público","Establece la obligatoriedad de instalar cambiadores para niñas y niños en los edificios públicos, locales y establecimientos comerciales que tuvieren afluencia masiva de público",www.saij.gob.ar/LPT0009879
Tucumán,Ley,9880,"Vigente, de alcance general",2025-04-24,2025-05-16,LEY 9.880,Ley Antimafias. Organizaciones Criminales. Adhesión provincial a la Ley Nacional 27786,Ley Antimafias. Organizaciones Criminales. Adhesión provincial a la Ley Nacional 27786,www.saij.gob.ar/LPT0009880
Tucumán,Ley,9882,"Vigente, de alcance general",2019-10-08,2025-06-05,LEY 9.882,Prohibición de fumar. Autoridad de Aplicación. Modifica la Ley 7575,Prohibición de fumar. Autoridad de Aplicación. Modifica la Ley 7575,www.saij.gob.ar/LPT0009882
Tucumán,Ley,9884,"Vigente, de alcance general",2024-12-05,2025-06-10,LEY 9.884,Crea el Sistema Provincial de Residencias de Profesionales de la Salud,Crea el Sistema Provincial de Residencias de Profesionales de la Salud,www.saij.gob.ar/LPT0009884
Tucumán,Ley,9885,"Vigente, de alcance general",2025-05-29,2025-06-18,LEY 9.885,"Instituye el día 7 de Junio de cada año como el Día Provincial del Síndrome de Tourette, con el objeto de conocer y concientizar sobre dicho trastorno","Instituye el día 7 de Junio de cada año como el Día Provincial del Síndrome de Tourette, con el objeto de conocer y concientizar sobre dicho trastorno",www.saij.gob.ar/LPT0009885
Tucumán,Ley,9887,"Vigente, de alcance general",2025-05-29,2025-06-18,LEY 9.887,"Regulación del ejercicio profesional de Kinesiólogos, Fisioterapeutas, Terapistas Físicos, Licenciados en Kinesiología y Fisioterapia, Kinesiólogos Fisiatras","Regulación del ejercicio profesional de Kinesiólogos, Fisioterapeutas, Terapistas Físicos, Licenciados en Kinesiología y Fisioterapia, Kinesiólogos Fisiatras",www.saij.gob.ar/LPT0009887
Tucumán,Ley,9890,"Vigente, de alcance general",2025-05-29,2025-06-19,LEY 9.890,Crea el Programa Tucumán IA para la implementación y utilización progresiva de herramientas de inteligencia artificial en las escuelas de la Provincia,Crea el Programa Tucumán IA para la implementación y utilización progresiva de herramientas de inteligencia artificial en las escuelas de la Provincia,www.saij.gob.ar/LPT0009890
Tucumán,Ley,9892,"Vigente, de alcance general",2025-05-29,2025-06-19,LEY 9.892,Medio ambiente. Sistema económico. Implementación de la Economía Circular,Medio ambiente. Sistema económico. Implementación de la Economía Circular,www.saij.gob.ar/LPT0009892
Tucumán,Ley,9894,"Vigente, de alcance general",2025-06-26,2025-07-02,LEY 9.894,Sistema Educativo Provincial. Titularización del personal docente,Sistema Educativo Provincial. Titularización del personal docente,www.saij.gob.ar/LPT0009894
Tucumán,Ley,9895,"Vigente, de alcance general",2025-06-26,2025-07-02,LEY 9.895,Sistema Educativo Provincial. Titularización del personal docente del primer grado del escalafón que se desempeña en establecimientos educativos de Gestión Estatal,Sistema Educativo Provincial. Titularización del personal docente del primer grado del escalafón que se desempeña en establecimientos educativos de Gestión Estatal,www.saij.gob.ar/LPT0009895
Tucumán,Ley,9896,"Vigente, de alcance general",2025-06-30,2025-07-02,LEY 9.896,"Sistema Educativo Provincial. Establece por única vez, un procedimiento de excepción para la titularización del personal directivo que se desempeña actualmente en establecimientos educativos de gestión estatal de Jornada Completa, pertenecientes al Nivel de Educación Primaria","Sistema Educativo Provincial. Establece por única vez, un procedimiento de excepción para la titularización del personal directivo que se desempeña actualmente en establecimientos educativos de gestión estatal de Jornada Completa, pertenecientes al...",www.saij.gob.ar/LPT0009896
Tucumán,Ley,9897,"Vigente, de alcance general",2025-06-26,2025-07-02,LEY 9.897,"Sistema Educativo Provincial. Derecho a la desconexión digital para el personal docente, de instituciones educativas públicas de Gestión Estatal o Privada, protegiendo su derecho al descanso, a la salud mental y a la vida privada","Sistema Educativo Provincial. Derecho a la desconexión digital para el personal docente, de instituciones educativas públicas de Gestión Estatal o Privada, protegiendo su derecho al descanso, a la salud mental y a la vida privada",www.saij.gob.ar/LPT0009897
Tucumán,Ley,9898,"Vigente, de alcance general",2025-06-26,2025-07-02,LEY 9.898,"Ratifica el Decreto Acuerdo de Necesidad y Urgencia N° 5/3, mediante el cual se crea el Programa PROCREAR TUCUMAN, con el objeto de atender el déficit estructural existente en materia de vivienda","Ratifica el Decreto Acuerdo de Necesidad y Urgencia N° 5/3, mediante el cual se crea el Programa PROCREAR TUCUMAN, con el objeto de atender el déficit estructural existente en materia de vivienda",www.saij.gob.ar/LPT0009898
Tucumán,Ley,9899,"Vigente, de alcance general",2025-06-26,2025-07-15,LEY 9.899,Estatuto del Docente. Modifica la Ley 3470,Estatuto del Docente. Modifica la Ley 3470,www.saij.gob.ar/LPT0009899
Tucumán,Ley,9901,"Vigente, de alcance general",2025-06-26,2025-07-18,LEY 9.901,"Establece un Protocolo de Actuación para las Comunas Rurales de la Provincia, con la finalidad de proporcionar una respuesta expedita, efectiva y coordinada en los casos de usurpación de Terrenos Fiscales y Areas Protegidas","Establece un Protocolo de Actuación para las Comunas Rurales de la Provincia, con la finalidad de proporcionar una respuesta expedita, efectiva y coordinada en los casos de usurpación de Terrenos Fiscales y Areas Protegidas",www.saij.gob.ar/LPT0009901
Tucumán,Ley,9902,"Vigente, de alcance general",2025-06-26,2025-07-18,LEY 9.902,"Declara de utilidad pública y sujeto a expropiación, una fracción de los inmuebles ubicados en el departamento Simoca","Declara de utilidad pública y sujeto a expropiación, una fracción de los inmuebles ubicados en el departamento Simoca",www.saij.gob.ar/LPT0009902
Tucumán,Ley,9903,"Vigente, de alcance general",2025-06-26,2025-07-18,LEY 9.903,"Declara de utilidad pública y sujeto a expropiación una fracción del inmueble ubicado en la localidad de Los Guayacanes, departamento Juan Bautista Alberdi","Declara de utilidad pública y sujeto a expropiación una fracción del inmueble ubicado en la localidad de Los Guayacanes, departamento Juan Bautista Alberdi",www.saij.gob.ar/LPT0009903
Tucumán,Ley,9904,"Vigente, de alcance general",2025-06-26,2025-07-18,LEY 9.904,Reducir y optimizar el consumo de energía en los espacios públicos de jurisdicción provincial,Reducir y optimizar el consumo de energía en los espacios públicos de jurisdicción provincial,www.saij.gob.ar/LPT0009904
Tucumán,Ley,9905,"Vigente, de alcance general",2025-06-26,2025-07-18,LEY 9.905,"Declara de interés provincial la actividad lechera en la Provincia de Tucumán, y su desarrollo, explotación e industrialización. Texto consolidado por Ley 8240. Modifica la Ley 5724","Declara de interés provincial la actividad lechera en la Provincia de Tucumán, y su desarrollo, explotación e industrialización. Texto consolidado por Ley 8240. Modifica la Ley 5724",www.saij.gob.ar/LPT0009905
Tucumán,Ley,9908,"Vigente, de alcance general",2025-09-03,2025-09-05,LEY 9.908,Regula la administración financiera y los sistemas de control del sector público provincial. Modifica la Ley 6970,Regula la administración financiera y los sistemas de control del sector público provincial. Modifica la Ley 6970,www.saij.gob.ar/LPT0009908
Tucumán,Ley,9911,"Vigente, de alcance general",2025-08-28,2025-09-15,LEY 9.911,Régimen de Incentivos a la Inversión y Creación de Empleo en la Provincia,Régimen de Incentivos a la Inversión y Creación de Empleo en la Provincia,www.saij.gob.ar/LPT0009911
Tucumán,Ley,9912,"Vigente, de alcance general",2025-08-28,2025-09-15,LEY 9.912,Ley de promoción y fomento de generación de energía eléctrica de origen renovable,Ley de promoción y fomento de generación de energía eléctrica de origen renovable,www.saij.gob.ar/LPT0009912
Tucumán,Ley,9914,"Vigente, de alcance general",2025-09-18,2025-09-23,LEY 9.914,"Servicio Penitenciario Provincial. Ratifica el Decreto Acuerdo N° 7/7, mediante el cual se establece un nuevo ordenamiento normativo para el Servicio Penitenciario","Servicio Penitenciario Provincial. Ratifica el Decreto Acuerdo N° 7/7, mediante el cual se establece un nuevo ordenamiento normativo para el Servicio Penitenciario",www.saij.gob.ar/LPT0009914
Tucumán,Ley,9916,"Vigente, de alcance general",2025-09-18,2025-09-23,LEY 9.916,Ratifica el Convenio de fecha 19 de Agosto de 2025 celebrado entre el Poder Judicial de la Nación y el Ministerio de Gobierno y Justicia de la Provincia para la puesta en funcionamiento del Juzgado Federal N° 3 de Tucumán,Ratifica el Convenio de fecha 19 de Agosto de 2025 celebrado entre el Poder Judicial de la Nación y el Ministerio de Gobierno y Justicia de la Provincia para la puesta en funcionamiento del Juzgado Federal N° 3 de Tucumán,www.saij.gob.ar/LPT0009916
Tucumán,Ley,9917,"Vigente, de alcance general",2025-09-18,2025-09-25,LEY 9.917,Ley de Ministerios. Modifica la Ley 2950. Ratifica el Decreto Acuerdo con Invocación de Necesidad y Urgencia 06/2025,Ley de Ministerios. Modifica la Ley 2950. Ratifica el Decreto Acuerdo con Invocación de Necesidad y Urgencia 06/2025,www.saij.gob.ar/LPT0009917
Tucumán,Ley,9918,Derogada,2025-09-18,2025-10-02,LEY 9.918,Declara caduca todos los proyectos de ley sometidos a consideración de la H. Legislatura que no hayan sido sancionados al finalizar el segundo año parlamentario posterior al de la fecha de su presentación,Declara caduca todos los proyectos de ley sometidos a consideración de la H. Legislatura que no hayan sido sancionados al finalizar el segundo año parlamentario posterior al de la fecha de su presentación,www.saij.gob.ar/LPT0009918
Tucumán,Ley,9919,"Vigente, de alcance general",2025-09-18,2025-10-02,LEY 9.919,"Designa con el nombre Ramón Coya Agüero, al Centro de Atención Primaria de Salud de la localidad de Las Arcas, departamento Trancas","Designa con el nombre Ramón Coya Agüero, al Centro de Atención Primaria de Salud de la localidad de Las Arcas, departamento Trancas",www.saij.gob.ar/LPT0009919
Tucumán,Ley,9921,"Vigente, de alcance general",2025-06-26,2025-10-03,LEY 9.921,"Faculta al Poder Ejecutivo a otorgar a la firma FOOD FIVE EXPORT S.A., el beneficio de reintegro a la inversión sobre el proyecto de construcción de la Planta de Alimentos para Mascotas Sostenible","Faculta al Poder Ejecutivo a otorgar a la firma FOOD FIVE EXPORT S.A., el beneficio de reintegro a la inversión sobre el proyecto de construcción de la Planta de Alimentos para Mascotas Sostenible",www.saij.gob.ar/LPT0009921
Tucumán,Ley,9922,"Vigente, de alcance general",2025-09-18,2025-10-07,LEY 9.922,"Declara de utilidad pública y sujeto a expropiación una fracción del inmueble ubicado en la ciudad de Alderetes, departamento Cruz Alta","Declara de utilidad pública y sujeto a expropiación una del inmueble ubicado en la ciudad de Alderetes, departamento Cruz Alta",www.saij.gob.ar/LPT0009922
Tucumán,Ley,9923,"Vigente, de alcance general",2025-09-18,2025-10-07,LEY 9.923,Adhesión a la Ley Nacional N° 26.657 que establece el Derecho a la Protección de la Salud Mental. Modifica la Ley 8726,Adhesión a la Ley Nacional N° 26.657 que establece el Derecho a la Protección de la Salud Mental. Modifica la Ley 8726,www.saij.gob.ar/LPT0009923
Tucumán,Ley,9924,"Vigente, de alcance general",2025-10-09,2025-10-17,LEY 9.924,Digesto Jurídico de la Provincia de Tucumán comprende la totalidad de las leyes publicadas que hayan sido sancionadas y promulgadas hasta el 31 de Diciembre de 2024,Digesto Jurídico de la Provincia de Tucumán comprende la totalidad de las leyes publicadas que hayan sido sancionadas y promulgadas hasta el 31 de Diciembre de 2024,www.saij.gob.ar/LPT0009924
Tucumán,Ley,9925,"Vigente, de alcance general",2025-10-02,2025-10-20,LEY 9.925,"Empresas comerciales que ofrezca espacios de estacionamiento para vehículos y rodados, deben garantizar la seguridad e integridad de los mismos durante su permanencia","Empresas comerciales que ofrezca espacios de estacionamiento para vehículos y rodados, deben garantizar la seguridad e integridad de los mismos durante su permanencia",www.saij.gob.ar/LPT0009925
Tucumán,Ley,9926,"Vigente, de alcance general",2025-10-02,2025-10-20,LEY 9.926,"Instituye el día 25 de Noviembre de cada año como el Día del Gaucho Tucumano, en homenaje y reconocimiento a la figura del gaucho en la historia, la cultura y la identidad de la Provincia","Instituye el día 25 de Noviembre de cada año como el Día del Gaucho Tucumano, en homenaje y reconocimiento a la figura del gaucho en la historia, la cultura y la identidad de la Provincia",www.saij.gob.ar/LPT0009926
Tucumán,Ley,9927,"Vigente, de alcance general",2025-10-02,2025-10-20,LEY 9.927,"Crea el Programa de Educación para el Consumo, de carácter obligatorio, para los establecimientos de educación pública de gestión estatal y privada, en todos sus niveles y modalidades","Crea el Programa de Educación para el Consumo, de carácter obligatorio, para los establecimientos de educación pública de gestión estatal y privada, en todos sus niveles y modalidades",www.saij.gob.ar/LPT0009927
Tucumán,Ley,9928,"Vigente, de alcance general",2025-10-02,2025-10-20,LEY 9.928,Ministerio de Educación. Medidas de prevención del acoso escolar,Ministerio de Educación. Medidas de prevención del acoso escolar,www.saij.gob.ar/LPT0009928
Tucumán,Ley,9929,"Vigente, de alcance general",2025-10-02,2025-10-20,LEY 9.929,"Creación del Departamento de Protección de Testigos, dependiente de la Secretaría de Derechos Humanos. Modifica la Ley 7860","Creación del Departamento de Protección de Testigos, dependiente de la Secretaría de Derechos Humanos. Modifica la Ley 7860",www.saij.gob.ar/LPT0009929
Tucumán,Ley,9930,"Vigente, de alcance general",2025-10-15,2025-10-20,LEY 9.930,"Declara de utilidad pública y sujeto a expropiación, el inmueble detallado en la Ley N° 9674","Declara de utilidad pública y sujeto a expropiación, el inmueble detallado en la Ley N° 9674",www.saij.gob.ar/LPT0009930
Tucumán,Ley,9931,"Vigente, de alcance general",2025-10-02,2025-10-20,LEY 9.931,"Declara de utilidad pública y sujetos a expropiación los inmuebles ubicados en la localidad de Los Chañaritos, departamento Lules","Declara de utilidad pública y sujetos a expropiación los inmuebles ubicados en la localidad de Los Chañaritos, departamento Lules",www.saij.gob.ar/LPT0009931
Tucumán,Ley,9932,"Vigente, de alcance general",2025-10-02,2025-10-20,LEY 9.932,"Declara al Turismo Sostenible y Sustentable, política prioritaria del Estado con el objeto de promover acciones sobre las repercusiones actuales y futuras, económicas, sociales y medioambientales para satisfacer las necesidades de los visitantes","Declara al Turismo Sostenible y Sustentable, política prioritaria del Estado con el objeto de promover acciones sobre las repercusiones actuales y futuras, económicas, sociales y medioambientales para satisfacer las necesidades de los visitantes",www.saij.gob.ar/LPT0009932
Tucumán,Ley,9934,"Vigente, de alcance general",2025-11-03,2025-11-28,LEY 9.934,"Declara de utilidad pública y sujetas a expropiación distintas fracciones de inmuebles, destinados a la construcción, instalación, y operación de la infraestructura hidráulica para la Nueva Traza Acueducto Vipos","Declara de utilidad pública y sujetas a expropiación distintas fracciones de inmuebles, destinados a la construcción, instalación, y operación de la infraestructura hidráulica para la Nueva Traza Acueducto Vipos",www.saij.gob.ar/LPT0009934
Tucumán,Ley,9935,"Vigente, de alcance general",2025-11-13,2025-11-28,LEY 9.935,"Convenio de Promoción de la Producción, el Turismo Sustentable y el Desarrollo de las Industrias Culturales, suscripto en fecha 01/09/2025 entre el Consejo Federal de Inversiones y el Gobierno de la Provincia. Adenda","Convenio de Promoción de la Producción, el Turismo Sustentable y el Desarrollo de las Industrias Culturales, suscripto en fecha 01/09/2025 entre el Consejo Federal de Inversiones y el Gobierno de la Provincia. Adenda",www.saij.gob.ar/LPT0009935
Tucumán,Ley,9936,"Vigente, de alcance general",2025-11-13,2025-12-04,LEY 9.936,"Establece el día 30 de Abril como el Día Provincial del Poeta Folclórico, en homenaje y reconocimiento al poeta y escritor tucumano Néstor Hipólito Poli Soria","Establece el día 30 de Abril como el Día Provincial del Poeta Folclórico, en homenaje y reconocimiento al poeta y escritor tucumano Néstor Hipólito Poli Soria",www.saij.gob.ar/LPT0009936
Tucumán,Ley,9937,"Vigente, de alcance general",2025-12-01,2025-12-04,LEY 9.937,Secuestros prendarios o ejecuciones prendarias. Se dispone la suspensión del inicio de juicios o procesos judiciales. Modifica la Ley 9405,Secuestros prendarios o ejecuciones prendarias. Se dispone la suspensión del inicio de juicios o procesos judiciales. Modifica la Ley 9405,www.saij.gob.ar/LPT0009937
Tucumán,Ley,9938,"Vigente, de alcance general",2025-11-13,2025-12-04,LEY 9.938,"Establece el marco normativo para la identificación, declaración, preservación, protección, promoción y puesta en valor de los Pueblos Históricos de la Provincia","Establece el marco normativo para la identificación, declaración, preservación, protección, promoción y puesta en valor de los Pueblos Históricos de la Provincia",www.saij.gob.ar/LPT0009938
Tucumán,Ley,9939,"Vigente, de alcance general",2025-11-13,2025-12-04,LEY 9.939,"Designa con el nombre de Dr. José Alberto Ardiles al Centro de Atención Primaria de la Salud de la localidad de Atahona, departamento Simoca","Designa con el nombre de Dr. José Alberto Ardiles al Centro de Atención Primaria de la Salud de la localidad de Atahona, departamento Simoca",www.saij.gob.ar/LPT0009939
Tucumán,Ley,9940,"Vigente, de alcance general",2025-12-04,2025-12-11,LEY 9.940,Emergencia en Seguridad Pública. Se modifica la Ley 9057,Emergencia en Seguridad Pública. Se modifica la Ley 9057,www.saij.gob.ar/LPT0009940
Tucumán,Ley,9941,"Vigente, de alcance general",2025-12-04,2025-12-11,LEY 9.941,Declárase el Estado de Emergencia Hídrica y Social en la totalidad del territorio provincial. Modifica la Ley 7875,Declárase el Estado de Emergencia Hídrica y Social en la totalidad del territorio provincial. Modifica la Ley 7875,www.saij.gob.ar/LPT0009941
Tucumán,Ley,9944,"Vigente, de alcance general",2025-12-04,2025-12-23,LEY 9.944,"Facúltase al Poder Ejecutivo de la Provincia, a otorgar a la Sociedad Aguas del Tucumán SAPEM, un Aporte Financiero No Reintegrable. Modifica la Ley 9062","Facúltase al Poder Ejecutivo de la Provincia, a otorgar a la Sociedad Aguas del Tucumán SAPEM, un Aporte Financiero No Reintegrable. Modifica la Ley 9062",www.saij.gob.ar/LPT0009944
Tucumán,Ley,9945,"Vigente, de alcance general",2025-12-04,2025-12-23,LEY 9.945,Liquidación de vales alimentarios. Fondo de Desarrollo del Interior. Prórroga de plazos,Liquidación de vales alimentarios. Fondo de Desarrollo del Interior. Prórroga de plazos,www.saij.gob.ar/LPT0009945
Tucumán,Ley,9946,"Vigente, de alcance general",2025-12-19,2025-12-23,LEY 9.946,"Autoríza al Poder Ejecutivo para que, a través del Ministerio de Educación se contrate en forma directa, todas las obras, materiales, bienes, insumos, equipamiento y   servicios que resulten necesarios para la refacción de los edificios escolares de la Provincia. Modifica la Ley 9466","Autoríza al Poder Ejecutivo para que, a través del Ministerio de Educación se contrate en forma directa, todas las obras, materiales, bienes, insumos, equipamiento y   servicios que resulten necesarios para la refacción de los edificios escolares de...",www.saij.gob.ar/LPT0009946
Tucumán,Ley,9947,"Vigente, de alcance general",2025-12-04,2025-12-23,LEY 9.947,Declara el estado de emergencia del sistema eléctrico de transporte por distribución troncal en el ámbito provincial hasta el 31 de Diciembre de 2026. Modifica la Ley 8342,Declara el estado de emergencia del sistema eléctrico de transporte por distribución troncal en el ámbito provincial hasta el 31 de Diciembre de 2026. Modifica la Ley 8342,www.saij.gob.ar/LPT0009947
Tucumán,Ley,9948,"Vigente, de alcance general",2025-12-18,2025-12-24,LEY 9.948,"Declaración de Emergencia por Violencia contra la Mujer, por el término de dos años. Modifica la Ley 8991","Declaración de Emergencia por Violencia contra la Mujer, por el término de dos años. Modifica la Ley 8991",www.saij.gob.ar/LPT0009948
Tucumán,Ley,9949,"Vigente, de alcance general",2025-12-18,2025-12-24,LEY 9.949,Habilitación de sedes administrativas en cada Municipio a fin de verificar el trámite administrativo y percepción de cánones en el marco de la Ley Nacional N° 11.723 sobre Propiedad Intelectual. Modifica la Ley 8847,Habilitación de sedes administrativas en cada Municipio a fin de verificar el trámite administrativo y percepción de cánones en el marco de la Ley Nacional N° 11.723 sobre Propiedad Intelectual. Modifica la Ley 8847,www.saij.gob.ar/LPT0009949
Tucumán,Ley,9950,"Vigente, de alcance general",2025-12-18,2025-12-30,LEY 9.950,Código tributario de la provincia de Tucumán,Código tributario de la provincia de Tucumán,www.saij.gob.ar/LPT0009950
Tucumán,Ley,9953,"Vigente, de alcance general",2025-12-18,2026-01-09,LEY 9.953,Código Procesal penal de la provincia de Tucumán. Perído de resolución de causas pendientes,Código Procesal penal de la provincia de Tucumán. Perído de resolución de causas pendientes,www.saij.gob.ar/LPT0009953
Tucumán,Ley,9954,"Vigente, de alcance general",2025-12-18,2026-01-13,LEY 9.954,"Adhesión de la Provincia a las Recomendaciones de la Conferencia General de la Organización de las Naciones Unidas para la Educación, la Ciencia y la Cultura sobre la Etica de la Inteligencia Artificial","Adhesión de la Provincia a las Recomendaciones de la Conferencia General de la Organización de las Naciones Unidas para la Educación, la Ciencia y la Cultura sobre la Etica de la Inteligencia Artificial",www.saij.gob.ar/LPT0009954
Tucumán,Ley,9956,"Vigente, de alcance general",2025-12-18,2026-01-13,LEY 9.956,"Declara de utilidad pública y sujeto a expropiación una fracción del inmueble ubicado en la ciudad de Aguilares, departamento Río Chico","Declara de utilidad pública y sujeto a expropiación una fracción del inmueble ubicado en la ciudad de Aguilares, departamento Río Chico",www.saij.gob.ar/LPT0009956
Tucumán,Ley,9957,"Vigente, de alcance general",2025-12-18,2026-01-13,LEY 9.957,"Crea el Régimen Provincial de Vigilancia, Prevención y Cooperación para el Control del Tráfico Aéreo Irregular","Crea el Régimen Provincial de Vigilancia, Prevención y Cooperación para el Control del Tráfico Aéreo Irregular",www.saij.gob.ar/LPT0009957
Tucumán,Ley,9958,"Vigente, de alcance general",2025-12-18,2026-01-13,LEY 9.958,"Generación distribuida de energía eléctrica basada en energías renovables en el sector residencial, comercial e industrial. Deroga la ley 8994","Generación distribuida de energía eléctrica basada en energías renovables en el sector residencial, comercial e industrial. Deroga la ley 8994",www.saij.gob.ar/LPT0009958
Tucumán,Ley,9959,"Vigente, de alcance general",2025-12-18,2026-01-13,LEY 9.959,Crea el Programa de Fomento al Desarrollo del Turismo de los Pueblos Originarios de Tucumán,Crea el Programa de Fomento al Desarrollo del Turismo de los Pueblos Originarios de Tucumán,www.saij.gob.ar/LPT0009959
Tucumán,Ley,9960,"Vigente, de alcance general",2025-12-18,2026-01-13,LEY 9.960,"Crea en el ámbito del Instituto de Desarrollo Productivo de Tucumán, el Programa Marca Tucumán Sustentable, destinado a promover, identificar y certificar productos, servicios y procesos productivos que incorporen prácticas ambientalmente responsables","Crea en el ámbito del Instituto de Desarrollo Productivo de Tucumán, el Programa Marca Tucumán Sustentable, destinado a promover, identificar y certificar productos, servicios y procesos productivos que incorporen prácticas ambientalmente...",www.saij.gob.ar/LPT0009960
Tucumán,Ley,9961,"Vigente, de alcance general",2025-12-18,2026-01-13,LEY 9.961,"Excombatientes caídos en la Guerra de Malvinas. Actualización de listados que figuran en monumentos, placas y espacios conmemorativos ubicados en lugares públicos de la Provincia","Excombatientes caídos en la Guerra de Malvinas. Actualización de listados que figuran en monumentos, placas y espacios conmemorativos ubicados en lugares públicos de la Provincia",www.saij.gob.ar/LPT0009961
Tucumán,Ley,9962,"Vigente, de alcance general",2025-12-18,2026-01-14,LEY 9.962,"Inversiones, empleo registrado, trabajo registrado, beneficios tributarios, exención de pago del impuesto, exenciones impositivas, exenciones tributarias. Modifica la Ley 9911","Inversiones, empleo registrado, trabajo registrado, beneficios tributarios, exención de pago del impuesto, exenciones impositivas, exenciones tributarias. Modifica la Ley 9911",www.saij.gob.ar/LPT0009962
Tucumán,Ley,9963,"Vigente, de alcance general",2025-12-18,2026-01-14,LEY 9.963,Adhesión a la ley nacional destinada para personas que requieran de un suministro eléctrico constante. Modifica la Ley 9023,Adhesión a la ley nacional destinada para personas que requieran de un suministro eléctrico constante. Modifica la Ley 9023,www.saij.gob.ar/LPT0009963
Tucumán,Ley,9966,"Vigente, de alcance general",2026-03-26,2026-04-06,LEY 9.966,Modifica el Código Tributario de Tucumán. Impuesto Inmobiliario. Exenciones,Modifica el Código Tributario de Tucumán. Impuesto Inmobiliario. Exenciones,www.saij.gob.ar/LPT0009966
Tucumán,Ley,9967,"Vigente, de alcance general",2026-03-26,2026-04-17,LEY 9.967,Ley de Protección Integral de la Juventud. Modifica la Ley 9841,Ley de Protección Integral de la Juventud. Modifica la Ley 9841,www.saij.gob.ar/LPT0009967
Tucumán,Ley,9973,"Vigente, de alcance general",2026-04-13,2026-04-21,LEY 9.973,"Homenaje. Impone el nombre de Héctor Ramón Cheín al Centro de Jóvenes y Adultos (C.E.J.A.), ubicado en calles Gorriti y Alsina de la ciudad de Aguilares","Homenaje. Impone el nombre de Héctor Ramón Cheín al Centro de Jóvenes y Adultos (C.E.J.A.), ubicado en calles Gorriti y Alsina de la ciudad de Aguilares",www.saij.gob.ar/LPT0009973
Tucumán,Ley,9974,"Vigente, de alcance general",2026-03-26,2026-04-21,LEY 9.974,Régimen de Protección y Promoción de las actividades culturales en los Espacios Culturales Independientes,Régimen de Protección y Promoción de las actividades culturales en los Espacios Culturales Independientes,www.saij.gob.ar/LPT0009974
Tucumán,Ley,9976,"Vigente, de alcance general",2026-04-30,2026-05-12,LEY 9.976,Código Tributario de Tucumán. Texto consolidado por la Ley 9924. Modifica la Ley 5121,Código Tributario de Tucumán. Texto consolidado por la Ley 9924. Modifica la Ley 5121,www.saij.gob.ar/LPT0009976
Tucumán,Ley,9979,"Vigente, de alcance general",2026-05-04,2026-05-18,LEY 9.979,"Ministerio de Salud Pública. Implementación de campañas de difusión, prevención y concientización sobre enfermedades de transmisión sexual y el uso correcto de los métodos de barrera para su prevención","Ministerio de Salud Pública. Implementación de campañas de difusión, prevención y concientización sobre enfermedades de transmisión sexual y el uso correcto de los métodos de barrera para su prevención",www.saij.gob.ar/LPT0009979
Tucumán,Ley,9980,"Vigente, de alcance general",2026-05-04,2026-05-18,LEY 9.980,"Salud Pública. Crea el Protocolo Provincial de Atención de Emergencias Sanitarias, en Rutas y Zonas Limítrofes de la Provincia","Salud Pública. Crea el Protocolo Provincial de Atención de Emergencias Sanitarias, en Rutas y Zonas Limítrofes de la Provincia",www.saij.gob.ar/LPT0009980
Tucumán,Ley,9983,"Vigente, de alcance general",2026-05-28,2026-06-19,LEY 9.983,"Deportes. El Estado Provincial atenderá el deporte en sus diversas disciplinas, reconociendo y garantizando el derecho de los habitantes de la Provincia, a la enseñanza y práctica del deporte","Deportes. El Estado Provincial atenderá el deporte en sus diversas disciplinas, reconociendo y garantizando el derecho de los habitantes de la Provincia, a la enseñanza y práctica del deporte",www.saij.gob.ar/LPT0009983
Tucumán,Ley,9987,"Vigente, de alcance general",2026-06-18,2026-07-01,LEY 9.987,"Ley Orgánica del Poder Judicial. Colegio de Jueces y Ofi cina de Gestión de Audiencias. Código Procesal Penal. Modificación de las Leyes 6238, 9119 y 8933","Ley Orgánica del Poder Judicial. Colegio de Jueces y Ofi cina de Gestión de Audiencias. Código Procesal Penal. Modificación de las Leyes 6238, 9119 y 8933",www.saij.gob.ar/LPT0009987
Tucumán,Ley,9988,"Vigente, de alcance general",2026-06-18,2026-07-01,LEY 9.988,Código Procesal Administrativo. Modifica la Ley 6205,Código Procesal Administrativo. Modifica la Ley 6205,www.saij.gob.ar/LPT0009988
Tucumán,Ley,9989,"Vigente, de alcance general",2026-06-18,2026-07-06,LEY 9.989,Código Procesal Civil y Comercial de Tucumán. Moficiación de la Ley 9531,Código Procesal Civil y Comercial de Tucumán. Moficiación de la Ley 9531,www.saij.gob.ar/LPT0009989
Tucumán,Ley,9990,"Vigente, de alcance general",2026-06-18,2026-07-08,LEY 9.990,"Declara de utilidad pública y sujeto a expropiación el inmueble ubicado en la localidad de El Manantial, departamento Lules, Ley 9044","Declara de utilidad pública y sujeto a expropiación el inmueble ubicado en la localidad de El Manantial, departamento Lules, Ley 9044",www.saij.gob.ar/LPT0009990
Tucumán,Ley,9991,"Vigente, de alcance general",2026-06-18,2026-07-08,LEY 9.991,Sistema de protección del patrimonio cultural de la Provincia. Modifica la Ley 7500,Sistema de protección del patrimonio cultural de la Provincia. Modifica la Ley 7500,www.saij.gob.ar/LPT0009991
